"PointID","x","y","Density","Momentum_x","Momentum_y","Energy","Turb_Kin_Energy","Omega"
100, -2.000000000000000e-01, 7.406854766121000e-02, 8.628194194260291e-02, 0.000000000000000e+00, 0.000000000000000e+00, 8.948334952911724e+05, 1.000000000000000e-10, 3.390040075099873e+10
201, -1.966666666667000e-01, 7.403809515010000e-02, 7.443554262103770e-02, 0.000000000000000e+00, 0.000000000000000e+00, 7.460340714990373e+05, 1.000000000000000e-10, 3.864979774031923e+10
302, -1.933333333333000e-01, 7.394682108500000e-02, 7.443763889996169e-02, 0.000000000000000e+00, 0.000000000000000e+00, 7.460561587169734e+05, 1.000000000000000e-10, 3.879551862594219e+10
403, -1.900000000000000e-01, 7.379497564178000e-02, 7.444316560752390e-02, 0.000000000000000e+00, 0.000000000000000e+00, 7.461181772913507e+05, 1.000000000000000e-10, 3.902920209363638e+10
504, -1.866666666667000e-01, 7.358297501824000e-02, 7.444859054242885e-02, 0.000000000000000e+00, 0.000000000000000e+00, 7.461790557298032e+05, 1.000000000000000e-10, 3.935310223811317e+10
605, -1.833333333333000e-01, 7.331140029335000e-02, 7.445388127674542e-02, 0.000000000000000e+00, 0.000000000000000e+00, 7.462384277452643e+05, 1.000000000000000e-10, 3.976808164429144e+10
706, -1.800000000000000e-01, 7.298099583456000e-02, 7.445900717500911e-02, 0.000000000000000e+00, 0.000000000000000e+00, 7.462959501870001e+05, 1.000000000000000e-10, 4.027527613821114e+10
807, -1.766666666667000e-01, 7.259266725752000e-02, 7.446393952160243e-02, 0.000000000000000e+00, 0.000000000000000e+00, 7.463513022852384e+05, 1.000000000000000e-10, 4.087609987058962e+10
908, -1.733333333333000e-01, 7.214747894387000e-02, 7.446865326144358e-02, 0.000000000000000e+00, 0.000000000000000e+00, 7.464042014494913e+05, 1.000000000000000e-10, 4.157224675559300e+10
1009, -1.700000000000000e-01, 7.164665112382999e-02, 7.447312647300548e-02, 0.000000000000000e+00, 0.000000000000000e+00, 7.464543994176426e+05, 1.000000000000000e-10, 4.236569695071998e+10
1110, -1.666666666667000e-01, 7.109155653165000e-02, 7.447733804286093e-02, 0.000000000000000e+00, 0.000000000000000e+00, 7.465016629624667e+05, 1.000000000000000e-10, 4.325872320016773e+10
1211, -1.633333333333000e-01, 7.048371664302000e-02, 7.448127203856625e-02, 0.000000000000000e+00, 0.000000000000000e+00, 7.465458112941738e+05, 1.000000000000000e-10, 4.425389435170381e+10
1312, -1.600000000000000e-01, 6.982479750482000e-02, 7.448491587327349e-02, 0.000000000000000e+00, 0.000000000000000e+00, 7.465867004962909e+05, 1.000000000000000e-10, 4.535408196176225e+10
1413, -1.566666666667000e-01, 6.911660516861000e-02, 7.448825731156086e-02, 0.000000000000000e+00, 0.000000000000000e+00, 7.466241979499235e+05, 1.000000000000000e-10, 4.656246822827412e+10
1514, -1.533333333333000e-01, 6.836108074036000e-02, 7.449128970172457e-02, 0.000000000000000e+00, 0.000000000000000e+00, 7.466582266529377e+05, 1.000000000000000e-10, 4.788254945497243e+10
1615, -1.500000000000000e-01, 6.756029506001000e-02, 7.449400838761344e-02, 0.000000000000000e+00, 0.000000000000000e+00, 7.466887342357383e+05, 1.000000000000000e-10, 4.931814242695255e+10
1716, -1.466666666667000e-01, 6.671644302544000e-02, 7.449641134027606e-02, 0.000000000000000e+00, 0.000000000000000e+00, 7.467156978687377e+05, 1.000000000000000e-10, 5.087338886184172e+10
1817, -1.433333333333000e-01, 6.583183757644000e-02, 7.449850002925389e-02, 0.000000000000000e+00, 0.000000000000000e+00, 7.467391309331257e+05, 1.000000000000000e-10, 5.255275757486037e+10
1918, -1.400000000000000e-01, 6.490890335504000e-02, 7.450027496346638e-02, 0.000000000000000e+00, 0.000000000000000e+00, 7.467590451644445e+05, 1.000000000000000e-10, 5.436104972687960e+10
2019, -1.366666666667000e-01, 6.395017005979001e-02, 7.450174178623543e-02, 0.000000000000000e+00, 0.000000000000000e+00, 7.467755009378094e+05, 1.000000000000000e-10, 5.630339241658979e+10
2120, -1.333333333333000e-01, 6.295826551203000e-02, 7.450290682033708e-02, 0.000000000000000e+00, 0.000000000000000e+00, 7.467885692269391e+05, 1.000000000000000e-10, 5.838523589672361e+10
2221, -1.300000000000000e-01, 6.193590845315000e-02, 7.450386810885662e-02, 0.000000000000000e+00, 0.000000000000000e+00, 7.467991478529811e+05, 1.000000000000000e-10, 6.061226941522653e+10
2322, -1.266666666667000e-01, 6.088590109281000e-02, 7.450445570817886e-02, 0.000000000000000e+00, 0.000000000000000e+00, 7.468057339271740e+05, 1.000000000000000e-10, 6.299070908479335e+10
2423, -1.233333333333000e-01, 5.981112142819000e-02, 7.450476838017983e-02, 0.000000000000000e+00, 0.000000000000000e+00, 7.468092348085897e+05, 1.000000000000000e-10, 6.552682661608968e+10
2524, -1.200000000000000e-01, 5.871451535564000e-02, 7.450481806931258e-02, 0.000000000000000e+00, 0.000000000000000e+00, 7.468097815041891e+05, 1.000000000000000e-10, 6.822721550392915e+10
2625, -1.166666666667000e-01, 5.759908859619000e-02, 7.450461478568385e-02, 0.000000000000000e+00, 0.000000000000000e+00, 7.468074924846041e+05, 1.000000000000000e-10, 7.109868031394707e+10
2726, -1.133333333333000e-01, 5.646789845704000e-02, 7.450417167938909e-02, 0.000000000000000e+00, 0.000000000000000e+00, 7.468025123256238e+05, 1.000000000000000e-10, 7.414818076127412e+10
2827, -1.100000000000000e-01, 5.532404545175000e-02, 7.450350139512782e-02, 0.000000000000000e+00, 0.000000000000000e+00, 7.467949829798609e+05, 1.000000000000000e-10, 7.738276527586588e+10
2928, -1.066666666667000e-01, 5.417066480189000e-02, 7.450261682143236e-02, 0.000000000000000e+00, 0.000000000000000e+00, 7.467850491427397e+05, 1.000000000000000e-10, 8.080948603896666e+10
3029, -1.033333333333000e-01, 5.301091784366000e-02, 7.450153097855410e-02, 0.000000000000000e+00, 0.000000000000000e+00, 7.467728569929815e+05, 1.000000000000000e-10, 8.443529226731116e+10
3130, -1.000000000000000e-01, 5.184798336285000e-02, 7.450025692090176e-02, 0.000000000000000e+00, 0.000000000000000e+00, 7.467585530982275e+05, 1.000000000000000e-10, 8.826690021430861e+10
3231, -9.666666666667000e-02, 5.068504888203000e-02, 7.449880765715805e-02, 0.000000000000000e+00, 0.000000000000000e+00, 7.467422835128771e+05, 1.000000000000000e-10, 9.231063354164198e+10
3332, -9.333333333333001e-02, 4.952530192380000e-02, 7.449719608376225e-02, 0.000000000000000e+00, 0.000000000000000e+00, 7.467241930188331e+05, 1.000000000000000e-10, 9.657223001378299e+10
3433, -9.000000000000000e-02, 4.837192127394000e-02, 7.449543489952394e-02, 0.000000000000000e+00, 0.000000000000000e+00, 7.467044242334089e+05, 1.000000000000000e-10, 1.010566207062884e+11
3534, -8.666666666667000e-02, 4.722806826865000e-02, 7.449353659710792e-02, 0.000000000000000e+00, 0.000000000000000e+00, 7.466831174088496e+05, 1.000000000000000e-10, 1.057676560027811e+11
3635, -8.333333333333000e-02, 4.609687812950000e-02, 7.449151339064312e-02, 0.000000000000000e+00, 0.000000000000000e+00, 7.466604096890060e+05, 1.000000000000000e-10, 1.107077991375131e+11
3736, -8.000000000000000e-02, 4.498145137005000e-02, 7.448937718108667e-02, 0.000000000000000e+00, 0.000000000000000e+00, 7.466364347082836e+05, 1.000000000000000e-10, 1.158777690921861e+11
3837, -7.666666666667001e-02, 4.388484529750000e-02, 7.448721365147948e-02, 0.000000000000000e+00, 0.000000000000000e+00, 7.466120108820186e+05, 1.000000000000000e-10, 1.212760152220821e+11
3938, -7.333333333333000e-02, 4.281006563288000e-02, 7.448488347009197e-02, 0.000000000000000e+00, 0.000000000000000e+00, 7.465858665096597e+05, 1.000000000000000e-10, 1.268987627220663e+11
4039, -7.000000000000001e-02, 4.176005827254000e-02, 7.448247366573570e-02, 0.000000000000000e+00, 0.000000000000000e+00, 7.465588298371694e+05, 1.000000000000000e-10, 1.327387778173345e+11
4140, -6.666666666667000e-02, 4.073770121366000e-02, 7.447999459444557e-02, 0.000000000000000e+00, 0.000000000000000e+00, 7.465310171102688e+05, 1.000000000000000e-10, 1.387853326244740e+11
4241, -6.333333333332999e-02, 3.974579666590000e-02, 7.447745613320976e-02, 0.000000000000000e+00, 0.000000000000000e+00, 7.465025392089015e+05, 1.000000000000000e-10, 1.450235253723276e+11
4342, -6.000000000000000e-02, 3.878706337065000e-02, 7.447486765301485e-02, 0.000000000000000e+00, 0.000000000000000e+00, 7.464735013297270e+05, 1.000000000000000e-10, 1.514337263748320e+11
4443, -5.666666666667000e-02, 3.786412914925000e-02, 7.447223798404623e-02, 0.000000000000000e+00, 0.000000000000000e+00, 7.464440025949248e+05, 1.000000000000000e-10, 1.579910159519751e+11
4544, -5.333333333333000e-02, 3.697952370025000e-02, 7.446957537678453e-02, 0.000000000000000e+00, 0.000000000000000e+00, 7.464141356150389e+05, 1.000000000000000e-10, 1.646646915927289e+11
4645, -5.000000000000000e-02, 3.613567166568000e-02, 7.446688746348615e-02, 0.000000000000000e+00, 0.000000000000000e+00, 7.463839860560255e+05, 1.000000000000000e-10, 1.714178371604688e+11
4746, -4.666666666667000e-02, 3.533488598533000e-02, 7.446418122137788e-02, 0.000000000000000e+00, 0.000000000000000e+00, 7.463536322327196e+05, 1.000000000000000e-10, 1.782070165716244e+11
4847, -4.333333333333000e-02, 3.457936155708000e-02, 7.446146292506299e-02, 0.000000000000000e+00, 0.000000000000000e+00, 7.463231445464904e+05, 1.000000000000000e-10, 1.849821449669638e+11
4948, -4.000000000000000e-02, 3.387116922087000e-02, 7.445873812438318e-02, 0.000000000000000e+00, 0.000000000000000e+00, 7.462925852797158e+05, 1.000000000000000e-10, 1.916865777549286e+11
5049, -3.666666666667000e-02, 3.321225008267000e-02, 7.445601160475632e-02, 0.000000000000000e+00, 0.000000000000000e+00, 7.462620081211772e+05, 1.000000000000000e-10, 1.982574659217151e+11
5150, -3.333333333333000e-02, 3.260441019404000e-02, 7.445328735731400e-02, 0.000000000000000e+00, 0.000000000000000e+00, 7.462314584606853e+05, 1.000000000000000e-10, 2.046264372273476e+11
5251, -3.000000000000000e-02, 3.204931560186000e-02, 7.445056860311496e-02, 0.000000000000000e+00, 0.000000000000000e+00, 7.462009710975682e+05, 1.000000000000000e-10, 2.107206097554820e+11
5352, -2.666666666667000e-02, 3.154848778182000e-02, 7.444785775888119e-02, 0.000000000000000e+00, 0.000000000000000e+00, 7.461705738963026e+05, 1.000000000000000e-10, 2.164639883318990e+11
5453, -2.333333333333000e-02, 3.110329946817000e-02, 7.444515634022181e-02, 0.000000000000000e+00, 0.000000000000000e+00, 7.461402836595064e+05, 1.000000000000000e-10, 2.217791851181742e+11
5554, -2.000000000000000e-02, 3.071497089113000e-02, 7.444246524115863e-02, 0.000000000000000e+00, 0.000000000000000e+00, 7.461101108265771e+05, 1.000000000000000e-10, 2.265894960544795e+11
5655, -1.666666666667000e-02, 3.038456643234000e-02, 7.443980133422046e-02, 0.000000000000000e+00, 0.000000000000000e+00, 7.460802127264736e+05, 1.000000000000000e-10, 2.308211173567665e+11
5756, -1.333333333333000e-02, 3.011299170745000e-02, 7.443712714138419e-02, 0.000000000000000e+00, 0.000000000000000e+00, 7.460502376193398e+05, 1.000000000000000e-10, 2.344058237560297e+11
5857, -1.000000000000000e-02, 2.990099108391000e-02, 7.443446162372115e-02, 0.000000000000000e+00, 0.000000000000000e+00, 7.460203606014152e+05, 1.000000000000000e-10, 2.372830584204354e+11
5958, -6.666666666667000e-03, 2.974914564069000e-02, 7.443180320633851e-02, 0.000000000000000e+00, 0.000000000000000e+00, 7.459905643857474e+05, 1.000000000000000e-10, 2.394024885781360e+11
6059, -3.333333333333000e-03, 2.965787157559000e-02, 7.442914990123532e-02, 0.000000000000000e+00, 0.000000000000000e+00, 7.459608263636295e+05, 1.000000000000000e-10, 2.407259744744901e+11
6160, 0.000000000000000e+00, 2.962741906448000e-02, 7.442715347170865e-02, 0.000000000000000e+00, 0.000000000000000e+00, 7.459384509924219e+05, 1.000000000000000e-10, 2.412070217652719e+11
6261, 9.861146557564001e-04, 2.963810534972000e-02, 7.442336621660582e-02, 0.000000000000000e+00, 0.000000000000000e+00, 7.458960060046295e+05, 1.000000000000000e-10, 2.410729203397195e+11
6362, 1.972229311513000e-03, 2.967003428098000e-02, 7.442025921445471e-02, 0.000000000000000e+00, 0.000000000000000e+00, 7.458611856858543e+05, 1.000000000000000e-10, 2.407876818244160e+11
6463, 2.958343967269000e-03, 2.972301097160000e-02, 7.441718517169431e-02, 0.000000000000000e+00, 0.000000000000000e+00, 7.458267355602758e+05, 1.000000000000000e-10, 2.403798941765107e+11
6564, 3.944458623026000e-03, 2.979684053493000e-02, 7.441414540810874e-02, 0.000000000000000e+00, 0.000000000000000e+00, 7.457926702965399e+05, 1.000000000000000e-10, 2.398478963720691e+11
6665, 4.930573278782000e-03, 2.989132808430000e-02, 7.441114100374187e-02, 0.000000000000000e+00, 0.000000000000000e+00, 7.457590015404216e+05, 1.000000000000000e-10, 2.391904710204810e+11
6766, 5.916687934538000e-03, 3.000627873306000e-02, 7.440817285067500e-02, 0.000000000000000e+00, 0.000000000000000e+00, 7.457257397458684e+05, 1.000000000000000e-10, 2.384068783832795e+11
6867, 6.902802590295000e-03, 3.014149759454000e-02, 7.440524153239182e-02, 0.000000000000000e+00, 0.000000000000000e+00, 7.456928907067728e+05, 1.000000000000000e-10, 2.374968743596353e+11
6968, 7.888917246051000e-03, 3.029678978208000e-02, 7.440234735786130e-02, 0.000000000000000e+00, 0.000000000000000e+00, 7.456604584584314e+05, 1.000000000000000e-10, 2.364607292989086e+11
7069, 8.875031901808000e-03, 3.047196040902000e-02, 7.439949045555815e-02, 0.000000000000000e+00, 0.000000000000000e+00, 7.456284434829406e+05, 1.000000000000000e-10, 2.352992407776889e+11
7170, 9.861146557564000e-03, 3.066681458870000e-02, 7.439667075939373e-02, 0.000000000000000e+00, 0.000000000000000e+00, 7.455968453739441e+05, 1.000000000000000e-10, 2.340137446641990e+11
7271, 1.084726121332000e-02, 3.088115743445000e-02, 7.439392889351665e-02, 0.000000000000000e+00, 0.000000000000000e+00, 7.455660507128707e+05, 1.000000000000000e-10, 2.326059656693589e+11
7372, 1.183337586908000e-02, 3.111479405963000e-02, 7.439118573196027e-02, 0.000000000000000e+00, 0.000000000000000e+00, 7.455353050203992e+05, 1.000000000000000e-10, 2.310785268651395e+11
7473, 1.281949052483000e-02, 3.136752957757000e-02, 7.438847834440458e-02, 0.000000000000000e+00, 0.000000000000000e+00, 7.455049593489260e+05, 1.000000000000000e-10, 2.294341808689473e+11
7574, 1.380560518059000e-02, 3.163916910160000e-02, 7.438580594364759e-02, 0.000000000000000e+00, 0.000000000000000e+00, 7.454750055330385e+05, 1.000000000000000e-10, 2.276762733605520e+11
7675, 1.479171983635000e-02, 3.192951774506000e-02, 7.438316765665730e-02, 0.000000000000000e+00, 0.000000000000000e+00, 7.454454337381974e+05, 1.000000000000000e-10, 2.258085930804794e+11
7776, 1.577783449210000e-02, 3.223838062131000e-02, 7.438056251221219e-02, 0.000000000000000e+00, 0.000000000000000e+00, 7.454162330437546e+05, 1.000000000000000e-10, 2.238353328817370e+11
7877, 1.676394914786000e-02, 3.256556284366000e-02, 7.437798945086707e-02, 0.000000000000000e+00, 0.000000000000000e+00, 7.453873915243394e+05, 1.000000000000000e-10, 2.217610635117099e+11
7978, 1.775006380362000e-02, 3.291086952547000e-02, 7.437544735296958e-02, 0.000000000000000e+00, 0.000000000000000e+00, 7.453588966072950e+05, 1.000000000000000e-10, 2.195906746150219e+11
8079, 1.873617845937000e-02, 3.327410578007000e-02, 7.437293485845366e-02, 0.000000000000000e+00, 0.000000000000000e+00, 7.453307344342202e+05, 1.000000000000000e-10, 2.173293457646898e+11
8180, 1.972229311513000e-02, 3.365507672081000e-02, 7.437045110827295e-02, 0.000000000000000e+00, 0.000000000000000e+00, 7.453028926436707e+05, 1.000000000000000e-10, 2.149824876943201e+11
8281, 2.070840777088000e-02, 3.405358746101000e-02, 7.436799470846460e-02, 0.000000000000000e+00, 0.000000000000000e+00, 7.452753569011701e+05, 1.000000000000000e-10, 2.125557063714652e+11
8382, 2.169452242664000e-02, 3.446944311403000e-02, 7.436556441632759e-02, 0.000000000000000e+00, 0.000000000000000e+00, 7.452481132659643e+05, 1.000000000000000e-10, 2.100547504922208e+11
8483, 2.268063708240000e-02, 3.490244879320000e-02, 7.436315898813856e-02, 0.000000000000000e+00, 0.000000000000000e+00, 7.452211477895031e+05, 1.000000000000000e-10, 2.074854710305070e+11
8584, 2.366675173815000e-02, 3.535240961185000e-02, 7.436077718857234e-02, 0.000000000000000e+00, 0.000000000000000e+00, 7.451944466205190e+05, 1.000000000000000e-10, 2.048537794030022e+11
8685, 2.465286639391000e-02, 3.581913068333000e-02, 7.435841779756129e-02, 0.000000000000000e+00, 0.000000000000000e+00, 7.451679960815151e+05, 1.000000000000000e-10, 2.021655938420536e+11
8786, 2.563898104967000e-02, 3.630241712098000e-02, 7.435607961839732e-02, 0.000000000000000e+00, 0.000000000000000e+00, 7.451417827592306e+05, 1.000000000000000e-10, 1.994268151126082e+11
8887, 2.662509570542000e-02, 3.680207403814000e-02, 7.435376148327144e-02, 0.000000000000000e+00, 0.000000000000000e+00, 7.451157935663883e+05, 1.000000000000000e-10, 1.966432867737840e+11
8988, 2.761121036118000e-02, 3.731790654814000e-02, 7.435146225742061e-02, 0.000000000000000e+00, 0.000000000000000e+00, 7.450900157879108e+05, 1.000000000000000e-10, 1.938207575561680e+11
9089, 2.859732501694000e-02, 3.784971976432000e-02, 7.434918081582984e-02, 0.000000000000000e+00, 0.000000000000000e+00, 7.450644368886255e+05, 1.000000000000000e-10, 1.909648585759111e+11
9190, 2.958343967269000e-02, 3.839731880003000e-02, 7.434691615160456e-02, 0.000000000000000e+00, 0.000000000000000e+00, 7.450390454543042e+05, 1.000000000000000e-10, 1.880810676889126e+11
9291, 3.056955432845000e-02, 3.896050876860000e-02, 7.434466722741066e-02, 0.000000000000000e+00, 0.000000000000000e+00, 7.450138299317912e+05, 1.000000000000000e-10, 1.851747024995215e+11
9392, 3.155566898420000e-02, 3.953909478338000e-02, 7.434243307219583e-02, 0.000000000000000e+00, 0.000000000000000e+00, 7.449887794455712e+05, 1.000000000000000e-10, 1.822508813945134e+11
9493, 3.254178363996000e-02, 4.013288195770000e-02, 7.434021276121244e-02, 0.000000000000000e+00, 0.000000000000000e+00, 7.449638836398561e+05, 1.000000000000000e-10, 1.793145279363299e+11
9594, 3.352789829572000e-02, 4.074167540489000e-02, 7.433800541475728e-02, 0.000000000000000e+00, 0.000000000000000e+00, 7.449391326642345e+05, 1.000000000000000e-10, 1.763703420759283e+11
9695, 3.451401295147000e-02, 4.136528023831000e-02, 7.433581019881749e-02, 0.000000000000000e+00, 0.000000000000000e+00, 7.449145171807479e+05, 1.000000000000000e-10, 1.734227960549638e+11
9796, 3.550012760723000e-02, 4.200350157129000e-02, 7.433362632504016e-02, 0.000000000000000e+00, 0.000000000000000e+00, 7.448900283635245e+05, 1.000000000000000e-10, 1.704761283512698e+11
9897, 3.648624226299000e-02, 4.265614451717000e-02, 7.433145304983854e-02, 0.000000000000000e+00, 0.000000000000000e+00, 7.448656578886914e+05, 1.000000000000000e-10, 1.675343364087842e+11
9998, 3.747235691874000e-02, 4.332301418928000e-02, 7.432928967421529e-02, 0.000000000000000e+00, 0.000000000000000e+00, 7.448413979321365e+05, 1.000000000000000e-10, 1.646011789781025e+11
10099, 3.845847157450000e-02, 4.400391570097000e-02, 7.432713554063183e-02, 0.000000000000000e+00, 0.000000000000000e+00, 7.448172411352324e+05, 1.000000000000000e-10, 1.616801674474019e+11
10200, 3.944458623026000e-02, 4.469865416557000e-02, 7.432498899672210e-02, 0.000000000000000e+00, 0.000000000000000e+00, 7.447931732320393e+05, 1.000000000000000e-10, 1.587745770855142e+11
10301, 4.043070088601000e-02, 4.540703469644000e-02, 7.432285149193968e-02, 0.000000000000000e+00, 0.000000000000000e+00, 7.447692021623632e+05, 1.000000000000000e-10, 1.558874365347296e+11
10402, 4.141681554177000e-02, 4.612886240689000e-02, 7.432072150398054e-02, 0.000000000000000e+00, 0.000000000000000e+00, 7.447453149494150e+05, 1.000000000000000e-10, 1.530215516279793e+11
10503, 4.240293019753000e-02, 4.686394241028000e-02, 7.431859853523649e-02, 0.000000000000000e+00, 0.000000000000000e+00, 7.447215060245198e+05, 1.000000000000000e-10, 1.501794938439427e+11
10604, 4.338904485328000e-02, 4.761207981994000e-02, 7.431648212321917e-02, 0.000000000000000e+00, 0.000000000000000e+00, 7.446977702141629e+05, 1.000000000000000e-10, 1.473636157837546e+11
10705, 4.437515950904000e-02, 4.837307974922000e-02, 7.431437183972431e-02, 0.000000000000000e+00, 0.000000000000000e+00, 7.446741027283338e+05, 1.000000000000000e-10, 1.445760556806268e+11
10806, 4.536127416479000e-02, 4.914674731144000e-02, 7.431226731608781e-02, 0.000000000000000e+00, 0.000000000000000e+00, 7.446504992434091e+05, 1.000000000000000e-10, 1.418187483041507e+11
10907, 4.634738882055000e-02, 4.993288761996000e-02, 7.431029131908327e-02, 0.000000000000000e+00, 0.000000000000000e+00, 7.446281070075351e+05, 1.000000000000000e-10, 1.390931914990555e+11
11008, 4.733350347631000e-02, 5.073130578811000e-02, 7.430819854375997e-02, 0.000000000000000e+00, 0.000000000000000e+00, 7.446046314838009e+05, 1.000000000000000e-10, 1.364014145503211e+11
11109, 4.831961813206000e-02, 5.154180692922000e-02, 7.430611047500355e-02, 0.000000000000000e+00, 0.000000000000000e+00, 7.445812082274837e+05, 1.000000000000000e-10, 1.337445492979175e+11
11210, 4.930573278782000e-02, 5.236419615665000e-02, 7.430402683093051e-02, 0.000000000000000e+00, 0.000000000000000e+00, 7.445578342498320e+05, 1.000000000000000e-10, 1.311237963282779e+11
11311, 5.029184744358000e-02, 5.319827858372000e-02, 7.430194735728116e-02, 0.000000000000000e+00, 0.000000000000000e+00, 7.445345067069940e+05, 1.000000000000000e-10, 1.285402008820222e+11
11412, 5.127796209933000e-02, 5.404385932378000e-02, 7.429987182288063e-02, 0.000000000000000e+00, 0.000000000000000e+00, 7.445112230135500e+05, 1.000000000000000e-10, 1.259946560085028e+11
11513, 5.226407675509000e-02, 5.490074349016000e-02, 7.429780002063806e-02, 0.000000000000000e+00, 0.000000000000000e+00, 7.444879808527564e+05, 1.000000000000000e-10, 1.234879149597382e+11
11614, 5.325019141085000e-02, 5.576873619621000e-02, 7.429573376998697e-02, 0.000000000000000e+00, 0.000000000000000e+00, 7.444647935007699e+05, 1.000000000000000e-10, 1.210205952338915e+11
11715, 5.423630606660000e-02, 5.664764255526000e-02, 7.429366895397323e-02, 0.000000000000000e+00, 0.000000000000000e+00, 7.444416288457650e+05, 1.000000000000000e-10, 1.185932041405750e+11
11816, 5.522242072236000e-02, 5.753726768066000e-02, 7.429160736495891e-02, 0.000000000000000e+00, 0.000000000000000e+00, 7.444185000745809e+05, 1.000000000000000e-10, 1.162061222421639e+11
11917, 5.620853537811000e-02, 5.843741668573000e-02, 7.428954887053046e-02, 0.000000000000000e+00, 0.000000000000000e+00, 7.443954057073741e+05, 1.000000000000000e-10, 1.138596313122916e+11
12018, 5.719465003387000e-02, 5.934789468384000e-02, 7.428749335433428e-02, 0.000000000000000e+00, 0.000000000000000e+00, 7.443723444444279e+05, 1.000000000000000e-10, 1.115539108130560e+11
12119, 5.818076468963000e-02, 6.026850678830000e-02, 7.428544071714412e-02, 0.000000000000000e+00, 0.000000000000000e+00, 7.443493151776899e+05, 1.000000000000000e-10, 1.092890551628700e+11
12220, 5.916687934538000e-02, 6.119905811246000e-02, 7.428339087385552e-02, 0.000000000000000e+00, 0.000000000000000e+00, 7.443263169570430e+05, 1.000000000000000e-10, 1.070650739384978e+11
12321, 6.015299400114000e-02, 6.213935376966000e-02, 7.428134375323882e-02, 0.000000000000000e+00, 0.000000000000000e+00, 7.443033489877587e+05, 1.000000000000000e-10, 1.048819017731154e+11
12422, 6.113910865690000e-02, 6.308919887323999e-02, 7.427929929703465e-02, 0.000000000000000e+00, 0.000000000000000e+00, 7.442804106201993e+05, 1.000000000000000e-10, 1.027394039080498e+11
12523, 6.212522331265000e-02, 6.404839853654000e-02, 7.427725745968551e-02, 0.000000000000000e+00, 0.000000000000000e+00, 7.442575013468883e+05, 1.000000000000000e-10, 1.006373839479875e+11
12624, 6.311133796840999e-02, 6.501675787289000e-02, 7.427521820686649e-02, 0.000000000000000e+00, 0.000000000000000e+00, 7.442346207860684e+05, 1.000000000000000e-10, 9.857558774392210e+10
12725, 6.409745262417001e-02, 6.599408199565000e-02, 7.427318151523815e-02, 0.000000000000000e+00, 0.000000000000000e+00, 7.442117686788351e+05, 1.000000000000000e-10, 9.655370956639183e+10
12826, 6.508356727992000e-02, 6.698017601813000e-02, 7.427114737298875e-02, 0.000000000000000e+00, 0.000000000000000e+00, 7.441889448952868e+05, 1.000000000000000e-10, 9.457140033436034e+10
12927, 6.606968193568000e-02, 6.797484505369999e-02, 7.426911577675864e-02, 0.000000000000000e+00, 0.000000000000000e+00, 7.441661493999349e+05, 1.000000000000000e-10, 9.262826586967148e+10
13028, 6.705579659144000e-02, 6.897789421566999e-02, 7.426708673374662e-02, 0.000000000000000e+00, 0.000000000000000e+00, 7.441433822757690e+05, 1.000000000000000e-10, 9.072387884454585e+10
13129, 6.804191124719000e-02, 6.998912861740000e-02, 7.426506025961439e-02, 0.000000000000000e+00, 0.000000000000000e+00, 7.441206437001860e+05, 1.000000000000000e-10, 8.885777746572656e+10
13230, 6.902802590295000e-02, 7.100835337222000e-02, 7.426303637919776e-02, 0.000000000000000e+00, 0.000000000000000e+00, 7.440979339532892e+05, 1.000000000000000e-10, 8.702947306327242e+10
13331, 7.001414055870001e-02, 7.203537359347000e-02, 7.426101512469378e-02, 0.000000000000000e+00, 0.000000000000000e+00, 7.440752533975046e+05, 1.000000000000000e-10, 8.523845028586726e+10
13432, 7.100025521446000e-02, 7.306999439450000e-02, 7.425899653686026e-02, 0.000000000000000e+00, 0.000000000000000e+00, 7.440526024909900e+05, 1.000000000000000e-10, 8.348417352887100e+10
13533, 7.198636987022000e-02, 7.411202088863000e-02, 7.425698066460819e-02, 0.000000000000000e+00, 0.000000000000000e+00, 7.440299817831314e+05, 1.000000000000000e-10, 8.176608988197990e+10
13634, 7.297248452596999e-02, 7.516125818922000e-02, 7.425496756286824e-02, 0.000000000000000e+00, 0.000000000000000e+00, 7.440073918905789e+05, 1.000000000000000e-10, 8.008362829007332e+10
13735, 7.395859918173001e-02, 7.621751140959000e-02, 7.425295729525384e-02, 0.000000000000000e+00, 0.000000000000000e+00, 7.439848335271598e+05, 1.000000000000000e-10, 7.843620792462778e+10
13836, 7.494471383749000e-02, 7.728058566309000e-02, 7.425094999580235e-02, 0.000000000000000e+00, 0.000000000000000e+00, 7.439623076359180e+05, 1.000000000000000e-10, 7.682323524420735e+10
13937, 7.593082849324000e-02, 7.835028606305000e-02, 7.424911304911445e-02, 0.000000000000000e+00, 0.000000000000000e+00, 7.439413372524271e+05, 1.000000000000000e-10, 7.524393215595123e+10
14038, 7.691694314899999e-02, 7.942641772282000e-02, 7.424711269775632e-02, 0.000000000000000e+00, 0.000000000000000e+00, 7.439188859953652e+05, 1.000000000000000e-10, 7.369805038247812e+10
14139, 7.790305780476001e-02, 8.050878575574000e-02, 7.424511549640572e-02, 0.000000000000000e+00, 0.000000000000000e+00, 7.438964693424456e+05, 1.000000000000000e-10, 7.218479781694850e+10
14240, 7.888917246051000e-02, 8.159719527514001e-02, 7.424312153329139e-02, 0.000000000000000e+00, 0.000000000000000e+00, 7.438740887338675e+05, 1.000000000000000e-10, 7.070356156323035e+10
14341, 7.987528711627000e-02, 8.269145139436999e-02, 7.424113091089794e-02, 0.000000000000000e+00, 0.000000000000000e+00, 7.438517453180135e+05, 1.000000000000000e-10, 6.925372633742012e+10
14442, 8.086140177202000e-02, 8.379135922676000e-02, 7.423914373941644e-02, 0.000000000000000e+00, 0.000000000000000e+00, 7.438294403290743e+05, 1.000000000000000e-10, 6.783467879789964e+10
14543, 8.184751642778000e-02, 8.489672388565001e-02, 7.423716032375752e-02, 0.000000000000000e+00, 0.000000000000000e+00, 7.438071770871730e+05, 1.000000000000000e-10, 6.644580554047807e+10
14644, 8.283363108354000e-02, 8.600735048438000e-02, 7.423518041238486e-02, 0.000000000000000e+00, 0.000000000000000e+00, 7.437849529641692e+05, 1.000000000000000e-10, 6.508649765000318e+10
14745, 8.381974573929001e-02, 8.712304413629000e-02, 7.423320431769505e-02, 0.000000000000000e+00, 0.000000000000000e+00, 7.437627713654696e+05, 1.000000000000000e-10, 6.375614853327177e+10
14846, 8.480586039505000e-02, 8.824360995472000e-02, 7.423123217471077e-02, 0.000000000000000e+00, 0.000000000000000e+00, 7.437406338034939e+05, 1.000000000000000e-10, 6.245415713189523e+10
14947, 8.579197505081000e-02, 8.936885305302000e-02, 7.422926412453552e-02, 0.000000000000000e+00, 0.000000000000000e+00, 7.437185418584464e+05, 1.000000000000000e-10, 6.117992700500089e+10
15048, 8.677808970655999e-02, 9.049857854451000e-02, 7.422730031612056e-02, 0.000000000000000e+00, 0.000000000000000e+00, 7.436964971985938e+05, 1.000000000000000e-10, 5.993286938276306e+10
15149, 8.776420436232001e-02, 9.163259154253001e-02, 7.422534090413989e-02, 0.000000000000000e+00, 0.000000000000000e+00, 7.436745015562581e+05, 1.000000000000000e-10, 5.871240084761235e+10
15250, 8.875031901808000e-02, 9.277069716043999e-02, 7.422338605059968e-02, 0.000000000000000e+00, 0.000000000000000e+00, 7.436525567457435e+05, 1.000000000000000e-10, 5.751794599792493e+10
15351, 8.973643367383000e-02, 9.391270051155000e-02, 7.422143592476402e-02, 0.000000000000000e+00, 0.000000000000000e+00, 7.436306646626180e+05, 1.000000000000000e-10, 5.634893745625960e+10
15452, 9.072254832958999e-02, 9.505840670923001e-02, 7.421949070270686e-02, 0.000000000000000e+00, 0.000000000000000e+00, 7.436088272786458e+05, 1.000000000000000e-10, 5.520481556522881e+10
15553, 9.170866298535001e-02, 9.620762086680000e-02, 7.421755056842576e-02, 0.000000000000000e+00, 0.000000000000000e+00, 7.435870466543220e+05, 1.000000000000000e-10, 5.408502984260162e+10
15654, 9.269477764110000e-02, 9.736014809760000e-02, 7.421561571336698e-02, 0.000000000000000e+00, 0.000000000000000e+00, 7.435653249335184e+05, 1.000000000000000e-10, 5.298903837755034e+10
15755, 9.368089229686000e-02, 9.851579351497000e-02, 7.421368633714885e-02, 0.000000000000000e+00, 0.000000000000000e+00, 7.435436643516176e+05, 1.000000000000000e-10, 5.191630877049966e+10
15856, 9.466700695261000e-02, 9.967436223226001e-02, 7.421176264687745e-02, 0.000000000000000e+00, 0.000000000000000e+00, 7.435220672278506e+05, 1.000000000000000e-10, 5.086631736620560e+10
15957, 9.565312160837000e-02, 1.008356593628000e-01, 7.420984485876245e-02, 0.000000000000000e+00, 0.000000000000000e+00, 7.435005359833471e+05, 1.000000000000000e-10, 4.983855040538507e+10
16058, 9.663923626413000e-02, 1.019994900199000e-01, 7.420793319935894e-02, 0.000000000000000e+00, 0.000000000000000e+00, 7.434790731551809e+05, 1.000000000000000e-10, 4.883250540589699e+10
16159, 9.762535091988001e-02, 1.031656593170000e-01, 7.420602790092172e-02, 0.000000000000000e+00, 0.000000000000000e+00, 7.434576813440394e+05, 1.000000000000000e-10, 4.784768652883600e+10
16260, 9.861146557564000e-02, 1.043339723673000e-01, 7.420412920686617e-02, 0.000000000000000e+00, 0.000000000000000e+00, 7.434363632760345e+05, 1.000000000000000e-10, 4.688360942746951e+10
16361, 9.959758023140000e-02, 1.055042342842000e-01, 7.420223738575397e-02, 0.000000000000000e+00, 0.000000000000000e+00, 7.434151219537056e+05, 1.000000000000000e-10, 4.593980094088232e+10
16462, 1.005836948872000e-01, 1.066762501811000e-01, 7.420036022230682e-02, 0.000000000000000e+00, 0.000000000000000e+00, 7.433940219877021e+05, 1.000000000000000e-10, 4.501578877121107e+10
16563, 1.015698095429000e-01, 1.078498251713000e-01, 7.419848303510816e-02, 0.000000000000000e+00, 0.000000000000000e+00, 7.433729437259790e+05, 1.000000000000000e-10, 4.411113078840658e+10
16664, 1.025559241987000e-01, 1.090247643681000e-01, 7.419661353727272e-02, 0.000000000000000e+00, 0.000000000000000e+00, 7.433519513625326e+05, 1.000000000000000e-10, 4.322537566453144e+10
16765, 1.035420388544000e-01, 1.102008728848000e-01, 7.419475201893642e-02, 0.000000000000000e+00, 0.000000000000000e+00, 7.433310481396812e+05, 1.000000000000000e-10, 4.235808938951321e+10
16866, 1.045281535102000e-01, 1.113779558349000e-01, 7.419289878557361e-02, 0.000000000000000e+00, 0.000000000000000e+00, 7.433102374785357e+05, 1.000000000000000e-10, 4.150884408911525e+10
16967, 1.055142681659000e-01, 1.125558183316000e-01, 7.419105415971364e-02, 0.000000000000000e+00, 0.000000000000000e+00, 7.432895229912390e+05, 1.000000000000000e-10, 4.067722507283418e+10
17068, 1.065003828217000e-01, 1.137342654883000e-01, 7.418921861983598e-02, 0.000000000000000e+00, 0.000000000000000e+00, 7.432689088025865e+05, 1.000000000000000e-10, 3.986282584143803e+10
17169, 1.074864974774000e-01, 1.149131024183000e-01, 7.418759586155096e-02, 0.000000000000000e+00, 0.000000000000000e+00, 7.432501657907716e+05, 1.000000000000000e-10, 3.906513588127437e+10
17270, 1.084726121332000e-01, 1.160921342350000e-01, 7.418577957285910e-02, 0.000000000000000e+00, 0.000000000000000e+00, 7.432297643203638e+05, 1.000000000000000e-10, 3.828399687931953e+10
17371, 1.094587267890000e-01, 1.172711660516000e-01, 7.418397335350202e-02, 0.000000000000000e+00, 0.000000000000000e+00, 7.432094744717069e+05, 1.000000000000000e-10, 3.751891647268148e+10
17472, 1.104448414447000e-01, 1.184500029816000e-01, 7.418217753052304e-02, 0.000000000000000e+00, 0.000000000000000e+00, 7.431893008160886e+05, 1.000000000000000e-10, 3.676952133379356e+10
17573, 1.114309561005000e-01, 1.196284501383000e-01, 7.418039251572060e-02, 0.000000000000000e+00, 0.000000000000000e+00, 7.431692479668674e+05, 1.000000000000000e-10, 3.603545377479944e+10
17674, 1.124170707562000e-01, 1.208063126350000e-01, 7.417861873133462e-02, 0.000000000000000e+00, 0.000000000000000e+00, 7.431493206545298e+05, 1.000000000000000e-10, 3.531636015733192e+10
17775, 1.134031854120000e-01, 1.219833955851000e-01, 7.417685664053281e-02, 0.000000000000000e+00, 0.000000000000000e+00, 7.431295240615796e+05, 1.000000000000000e-10, 3.461189820034489e+10
17876, 1.143893000677000e-01, 1.231595041019000e-01, 7.417510666756498e-02, 0.000000000000000e+00, 0.000000000000000e+00, 7.431098629528458e+05, 1.000000000000000e-10, 3.392173320066634e+10
17977, 1.153754147235000e-01, 1.243344432986000e-01, 7.417336990174636e-02, 0.000000000000000e+00, 0.000000000000000e+00, 7.430903492947178e+05, 1.000000000000000e-10, 3.324553926383715e+10
18078, 1.163615293793000e-01, 1.255080182888000e-01, 7.417164567161846e-02, 0.000000000000000e+00, 0.000000000000000e+00, 7.430709760255915e+05, 1.000000000000000e-10, 3.258299623508467e+10
18179, 1.173476440350000e-01, 1.266800341857000e-01, 7.416993508026960e-02, 0.000000000000000e+00, 0.000000000000000e+00, 7.430517552762240e+05, 1.000000000000000e-10, 3.193379600809008e+10
18280, 1.183337586908000e-01, 1.278502961026000e-01, 7.416823866894551e-02, 0.000000000000000e+00, 0.000000000000000e+00, 7.430326931116057e+05, 1.000000000000000e-10, 3.129763535059630e+10
18381, 1.193198733465000e-01, 1.290186091530000e-01, 7.416655700106284e-02, 0.000000000000000e+00, 0.000000000000000e+00, 7.430137958450755e+05, 1.000000000000000e-10, 3.067421811761382e+10
18482, 1.203059880023000e-01, 1.301847784500000e-01, 7.416489067136739e-02, 0.000000000000000e+00, 0.000000000000000e+00, 7.429950701413970e+05, 1.000000000000000e-10, 3.006325930130199e+10
18583, 1.212921026580000e-01, 1.313486091071000e-01, 7.416324029424885e-02, 0.000000000000000e+00, 0.000000000000000e+00, 7.429765228857372e+05, 1.000000000000000e-10, 2.946447836439705e+10
18684, 1.222782173138000e-01, 1.325099062377000e-01, 7.416160650997408e-02, 0.000000000000000e+00, 0.000000000000000e+00, 7.429581612534976e+05, 1.000000000000000e-10, 2.887760202684491e+10
18785, 1.232643319695000e-01, 1.336684749550000e-01, 7.415998998933014e-02, 0.000000000000000e+00, 0.000000000000000e+00, 7.429399927628554e+05, 1.000000000000000e-10, 2.830236545373834e+10
18886, 1.242504466253000e-01, 1.348241203723000e-01, 7.415839143068860e-02, 0.000000000000000e+00, 0.000000000000000e+00, 7.429220252409831e+05, 1.000000000000000e-10, 2.773851000659587e+10
18987, 1.252365612811000e-01, 1.359766476031000e-01, 7.415681156103192e-02, 0.000000000000000e+00, 0.000000000000000e+00, 7.429042668363745e+05, 1.000000000000000e-10, 2.718578323061339e+10
19088, 1.262226759368000e-01, 1.371258617607000e-01, 7.415525114152798e-02, 0.000000000000000e+00, 0.000000000000000e+00, 7.428867260809524e+05, 1.000000000000000e-10, 2.664394050418365e+10
19189, 1.272087905926000e-01, 1.382715679584000e-01, 7.415371096381845e-02, 0.000000000000000e+00, 0.000000000000000e+00, 7.428694118487079e+05, 1.000000000000000e-10, 2.611274245693146e+10
19290, 1.281949052483000e-01, 1.394135713095000e-01, 7.415219185566665e-02, 0.000000000000000e+00, 0.000000000000000e+00, 7.428523334189455e+05, 1.000000000000000e-10, 2.559195667814936e+10
19391, 1.291810199041000e-01, 1.405516769274000e-01, 7.415069468349962e-02, 0.000000000000000e+00, 0.000000000000000e+00, 7.428355005046839e+05, 1.000000000000000e-10, 2.508135798793745e+10
19492, 1.301671345598000e-01, 1.416856899254000e-01, 7.414922034604686e-02, 0.000000000000000e+00, 0.000000000000000e+00, 7.428189231818517e+05, 1.000000000000000e-10, 2.458072504425429e+10
19593, 1.311532492156000e-01, 1.428154154169000e-01, 7.414776982290178e-02, 0.000000000000000e+00, 0.000000000000000e+00, 7.428026124124491e+05, 1.000000000000000e-10, 2.408984351206875e+10
19694, 1.321393638714000e-01, 1.439406585152000e-01, 7.414635795489655e-02, 0.000000000000000e+00, 0.000000000000000e+00, 7.427866966000672e+05, 1.000000000000000e-10, 2.360850007417888e+10
19795, 1.331254785271000e-01, 1.450612243336000e-01, 7.414495809089434e-02, 0.000000000000000e+00, 0.000000000000000e+00, 7.427709525505548e+05, 1.000000000000000e-10, 2.313650191664458e+10
19896, 1.341115931829000e-01, 1.461769179856000e-01, 7.414358510676883e-02, 0.000000000000000e+00, 0.000000000000000e+00, 7.427555094768420e+05, 1.000000000000000e-10, 2.267364626289323e+10
19997, 1.350977078386000e-01, 1.472875445843000e-01, 7.414224009669952e-02, 0.000000000000000e+00, 0.000000000000000e+00, 7.427403796268051e+05, 1.000000000000000e-10, 2.221974153565490e+10
20098, 1.360838224944000e-01, 1.483929092432000e-01, 7.414092422716760e-02, 0.000000000000000e+00, 0.000000000000000e+00, 7.427255760822870e+05, 1.000000000000000e-10, 2.177460046533925e+10
20199, 1.370699371501000e-01, 1.494928170756000e-01, 7.413963871801051e-02, 0.000000000000000e+00, 0.000000000000000e+00, 7.427111125243356e+05, 1.000000000000000e-10, 2.133804140312630e+10
20300, 1.380560518059000e-01, 1.505870731948000e-01, 7.413838484401102e-02, 0.000000000000000e+00, 0.000000000000000e+00, 7.426970032511634e+05, 1.000000000000000e-10, 2.090988812037783e+10
20401, 1.390421664617000e-01, 1.516754827142000e-01, 7.413716393333997e-02, 0.000000000000000e+00, 0.000000000000000e+00, 7.426832631602655e+05, 1.000000000000000e-10, 2.048996804001153e+10
20502, 1.400282811174000e-01, 1.527578507471000e-01, 7.413597737760040e-02, 0.000000000000000e+00, 0.000000000000000e+00, 7.426699078623112e+05, 1.000000000000000e-10, 2.007811504250384e+10
20603, 1.410143957732000e-01, 1.538339824069000e-01, 7.413482662740174e-02, 0.000000000000000e+00, 0.000000000000000e+00, 7.426569536300472e+05, 1.000000000000000e-10, 1.967416644263992e+10
20704, 1.420005104289000e-01, 1.549036828069000e-01, 7.413371319937941e-02, 0.000000000000000e+00, 0.000000000000000e+00, 7.426444174776925e+05, 1.000000000000000e-10, 1.927796456461914e+10
20805, 1.429866250847000e-01, 1.559667570604000e-01, 7.413263897683472e-02, 0.000000000000000e+00, 0.000000000000000e+00, 7.426323180968846e+05, 1.000000000000000e-10, 1.888935645583629e+10
20906, 1.439727397404000e-01, 1.570230102807000e-01, 7.413183641524394e-02, 0.000000000000000e+00, 0.000000000000000e+00, 7.426225305376501e+05, 1.000000000000000e-10, 1.850812928946548e+10
21007, 1.449588543962000e-01, 1.580722475813000e-01, 7.413084376681207e-02, 0.000000000000000e+00, 0.000000000000000e+00, 7.426113440284739e+05, 1.000000000000000e-10, 1.813426719631800e+10
21108, 1.459449690519000e-01, 1.591142740754000e-01, 7.412989564048424e-02, 0.000000000000000e+00, 0.000000000000000e+00, 7.426006551213458e+05, 1.000000000000000e-10, 1.776756508320224e+10
21209, 1.469310837077000e-01, 1.601488948765000e-01, 7.412899343883939e-02, 0.000000000000000e+00, 0.000000000000000e+00, 7.425904808756078e+05, 1.000000000000000e-10, 1.740788613946738e+10
21310, 1.479171983635000e-01, 1.611759150977000e-01, 7.412813913233068e-02, 0.000000000000000e+00, 0.000000000000000e+00, 7.425808434122686e+05, 1.000000000000000e-10, 1.705509910891870e+10
21411, 1.489033130192000e-01, 1.621951398525000e-01, 7.412733477691461e-02, 0.000000000000000e+00, 0.000000000000000e+00, 7.425717658096036e+05, 1.000000000000000e-10, 1.670907439199006e+10
21512, 1.498894276750000e-01, 1.632063742543000e-01, 7.412658389908133e-02, 0.000000000000000e+00, 0.000000000000000e+00, 7.425632869489416e+05, 1.000000000000000e-10, 1.636968788468710e+10
21613, 1.508755423307000e-01, 1.642094234162000e-01, 7.412588598527017e-02, 0.000000000000000e+00, 0.000000000000000e+00, 7.425554024829655e+05, 1.000000000000000e-10, 1.603682008320997e+10
21714, 1.518616569865000e-01, 1.652040924518000e-01, 7.412524475804161e-02, 0.000000000000000e+00, 0.000000000000000e+00, 7.425481535120221e+05, 1.000000000000000e-10, 1.571035250209632e+10
21815, 1.528477716422000e-01, 1.661901864743000e-01, 7.412466265625241e-02, 0.000000000000000e+00, 0.000000000000000e+00, 7.425415674181586e+05, 1.000000000000000e-10, 1.539017238366852e+10
21916, 1.538338862980000e-01, 1.671675105970000e-01, 7.412414223401571e-02, 0.000000000000000e+00, 0.000000000000000e+00, 7.425356728851359e+05, 1.000000000000000e-10, 1.507617018639034e+10
22017, 1.548200009538000e-01, 1.681358699334000e-01, 7.412368615301354e-02, 0.000000000000000e+00, 0.000000000000000e+00, 7.425304998075581e+05, 1.000000000000000e-10, 1.476823878282907e+10
22118, 1.558061156095000e-01, 1.690950695967000e-01, 7.412329719726930e-02, 0.000000000000000e+00, 0.000000000000000e+00, 7.425260794556790e+05, 1.000000000000000e-10, 1.446627609410414e+10
22219, 1.567922302653000e-01, 1.700449147003000e-01, 7.412297832047107e-02, 0.000000000000000e+00, 0.000000000000000e+00, 7.425224449382969e+05, 1.000000000000000e-10, 1.417018231284414e+10
22320, 1.577783449210000e-01, 1.709852103575000e-01, 7.412275423383410e-02, 0.000000000000000e+00, 0.000000000000000e+00, 7.425198242401710e+05, 1.000000000000000e-10, 1.387985669359669e+10
22421, 1.587644595768000e-01, 1.719157616816000e-01, 7.412258465973628e-02, 0.000000000000000e+00, 0.000000000000000e+00, 7.425178641849960e+05, 1.000000000000000e-10, 1.359521544936483e+10
22522, 1.597505742325000e-01, 1.728363737861000e-01, 7.412249467794717e-02, 0.000000000000000e+00, 0.000000000000000e+00, 7.425167970036318e+05, 1.000000000000000e-10, 1.331616371707284e+10
22623, 1.607366888883000e-01, 1.737468517842000e-01, 7.412248764066823e-02, 0.000000000000000e+00, 0.000000000000000e+00, 7.425166603072492e+05, 1.000000000000000e-10, 1.304261561426565e+10
22724, 1.617228035440000e-01, 1.746470007893000e-01, 7.412256932112568e-02, 0.000000000000000e+00, 0.000000000000000e+00, 7.425175183847892e+05, 1.000000000000000e-10, 1.277448683229889e+10
22825, 1.627089181998000e-01, 1.755366259147000e-01, 7.412273968361847e-02, 0.000000000000000e+00, 0.000000000000000e+00, 7.425193728277937e+05, 1.000000000000000e-10, 1.251169758313260e+10
22926, 1.636950328556000e-01, 1.764155322737000e-01, 7.412300057141458e-02, 0.000000000000000e+00, 0.000000000000000e+00, 7.425222419546866e+05, 1.000000000000000e-10, 1.225417117394256e+10
23027, 1.646811475113000e-01, 1.772835249798000e-01, 7.412336250187078e-02, 0.000000000000000e+00, 0.000000000000000e+00, 7.425262451954798e+05, 1.000000000000000e-10, 1.200183175055988e+10
23128, 1.656672621671000e-01, 1.781404091462000e-01, 7.412382680049982e-02, 0.000000000000000e+00, 0.000000000000000e+00, 7.425313972535501e+05, 1.000000000000000e-10, 1.175460829832775e+10
23229, 1.666533768228000e-01, 1.789859898862000e-01, 7.412439782567271e-02, 0.000000000000000e+00, 0.000000000000000e+00, 7.425377471348773e+05, 1.000000000000000e-10, 1.151243266889747e+10
23330, 1.676394914786000e-01, 1.798200723133000e-01, 7.412508009380650e-02, 0.000000000000000e+00, 0.000000000000000e+00, 7.425453456425897e+05, 1.000000000000000e-10, 1.127523860880769e+10
23431, 1.686256061343000e-01, 1.806424615407000e-01, 7.412587812545626e-02, 0.000000000000000e+00, 0.000000000000000e+00, 7.425542437317242e+05, 1.000000000000000e-10, 1.104296373364286e+10
23532, 1.696117207901000e-01, 1.814529626818000e-01, 7.412679699806439e-02, 0.000000000000000e+00, 0.000000000000000e+00, 7.425644983933398e+05, 1.000000000000000e-10, 1.081554803923163e+10
23633, 1.705978354459000e-01, 1.822513808500000e-01, 7.412784179538946e-02, 0.000000000000000e+00, 0.000000000000000e+00, 7.425761668030723e+05, 1.000000000000000e-10, 1.059293401652211e+10
23734, 1.715839501016000e-01, 1.830375211585000e-01, 7.412901778512294e-02, 0.000000000000000e+00, 0.000000000000000e+00, 7.425893082180262e+05, 1.000000000000000e-10, 1.037506766932092e+10
23835, 1.725700647574000e-01, 1.838111887207000e-01, 7.413033041020138e-02, 0.000000000000000e+00, 0.000000000000000e+00, 7.426039838766374e+05, 1.000000000000000e-10, 1.016189741747502e+10
23936, 1.735561794131000e-01, 1.845721886500000e-01, 7.413178529973551e-02, 0.000000000000000e+00, 0.000000000000000e+00, 7.426202571291419e+05, 1.000000000000000e-10, 9.953374291455517e+09
24037, 1.745422940689000e-01, 1.853203260597000e-01, 7.413338654879668e-02, 0.000000000000000e+00, 0.000000000000000e+00, 7.426381775777005e+05, 1.000000000000000e-10, 9.749452486077101e+09
24138, 1.755284087246000e-01, 1.860554060630000e-01, 7.413513858754857e-02, 0.000000000000000e+00, 0.000000000000000e+00, 7.426577978169314e+05, 1.000000000000000e-10, 9.550089068233383e+09
24239, 1.765145233804000e-01, 1.867772337735000e-01, 7.413707502740162e-02, 0.000000000000000e+00, 0.000000000000000e+00, 7.426794425901877e+05, 1.000000000000000e-10, 9.355239725382179e+09
24340, 1.775006380362000e-01, 1.874856143044000e-01, 7.413915329500496e-02, 0.000000000000000e+00, 0.000000000000000e+00, 7.427027282324869e+05, 1.000000000000000e-10, 9.164872998007202e+09
24441, 1.784867526919000e-01, 1.881803527690000e-01, 7.414140491900222e-02, 0.000000000000000e+00, 0.000000000000000e+00, 7.427279612920849e+05, 1.000000000000000e-10, 8.978950967383005e+09
24542, 1.794728673477000e-01, 1.888612542807000e-01, 7.414383641015357e-02, 0.000000000000000e+00, 0.000000000000000e+00, 7.427552149232089e+05, 1.000000000000000e-10, 8.797440945452429e+09
24643, 1.804589820034000e-01, 1.895281239528000e-01, 7.414645458472816e-02, 0.000000000000000e+00, 0.000000000000000e+00, 7.427845661232698e+05, 1.000000000000000e-10, 8.620313730304661e+09
24744, 1.814450966592000e-01, 1.901807668986000e-01, 7.414925220873804e-02, 0.000000000000000e+00, 0.000000000000000e+00, 7.428160050215326e+05, 1.000000000000000e-10, 8.447544411205512e+09
24845, 1.824312113149000e-01, 1.908189882316000e-01, 7.415221767721798e-02, 0.000000000000000e+00, 0.000000000000000e+00, 7.428494804147891e+05, 1.000000000000000e-10, 8.279111389761634e+09
24946, 1.834173259707000e-01, 1.914425930650000e-01, 7.415552769036017e-02, 0.000000000000000e+00, 0.000000000000000e+00, 7.428860130272243e+05, 1.000000000000000e-10, 8.114970394298614e+09
25047, 1.844034406264000e-01, 1.920513865122000e-01, 7.415891472140228e-02, 0.000000000000000e+00, 0.000000000000000e+00, 7.429242304924547e+05, 1.000000000000000e-10, 7.955141144186632e+09
25148, 1.853895552822000e-01, 1.926451736866000e-01, 7.416252983909187e-02, 0.000000000000000e+00, 0.000000000000000e+00, 7.429650047997435e+05, 1.000000000000000e-10, 7.799588442799509e+09
25249, 1.863756699380000e-01, 1.932237597013000e-01, 7.416637775270112e-02, 0.000000000000000e+00, 0.000000000000000e+00, 7.430083883981865e+05, 1.000000000000000e-10, 7.648300136644146e+09
25350, 1.873617845937000e-01, 1.937869496699000e-01, 7.417048903235199e-02, 0.000000000000000e+00, 0.000000000000000e+00, 7.430546882504979e+05, 1.000000000000000e-10, 7.501264360209569e+09
25451, 1.883478992495000e-01, 1.943345487056000e-01, 7.417482453487378e-02, 0.000000000000000e+00, 0.000000000000000e+00, 7.431035382094881e+05, 1.000000000000000e-10, 7.358479453835728e+09
25552, 1.893340139052000e-01, 1.948663619218000e-01, 7.417941579321656e-02, 0.000000000000000e+00, 0.000000000000000e+00, 7.431552543945693e+05, 1.000000000000000e-10, 7.219939414048877e+09
25653, 1.903201285610000e-01, 1.953821944318000e-01, 7.418426981109937e-02, 0.000000000000000e+00, 0.000000000000000e+00, 7.432099149647265e+05, 1.000000000000000e-10, 7.085643873338820e+09
25754, 1.913062432167000e-01, 1.958818513490000e-01, 7.418939377057625e-02, 0.000000000000000e+00, 0.000000000000000e+00, 7.432676001882865e+05, 1.000000000000000e-10, 6.955595466307156e+09
25855, 1.922923578725000e-01, 1.963651377866000e-01, 7.419479463606606e-02, 0.000000000000000e+00, 0.000000000000000e+00, 7.433283878970863e+05, 1.000000000000000e-10, 6.829800450544617e+09
25956, 1.932784725283000e-01, 1.968318588581000e-01, 7.420047909046701e-02, 0.000000000000000e+00, 0.000000000000000e+00, 7.433923527717204e+05, 1.000000000000000e-10, 6.708267605452725e+09
26057, 1.942645871840000e-01, 1.972818196767000e-01, 7.420645329975661e-02, 0.000000000000000e+00, 0.000000000000000e+00, 7.434595635694559e+05, 1.000000000000000e-10, 6.591009795267215e+09
26158, 1.952507018398000e-01, 1.977148253559000e-01, 7.421274151320412e-02, 0.000000000000000e+00, 0.000000000000000e+00, 7.435302678010224e+05, 1.000000000000000e-10, 6.478041154887712e+09
26259, 1.962368164955000e-01, 1.981306810089000e-01, 7.421931197123890e-02, 0.000000000000000e+00, 0.000000000000000e+00, 7.436041593040456e+05, 1.000000000000000e-10, 6.369384529823092e+09
26360, 1.972229311513000e-01, 1.985291917491000e-01, 7.422618894087341e-02, 0.000000000000000e+00, 0.000000000000000e+00, 7.436814842134789e+05, 1.000000000000000e-10, 6.265061120625751e+09
26461, 1.982090458070000e-01, 1.989101626899000e-01, 7.423337622674923e-02, 0.000000000000000e+00, 0.000000000000000e+00, 7.437622849144561e+05, 1.000000000000000e-10, 6.165097771087379e+09
26562, 1.991951604628000e-01, 1.992733989445000e-01, 7.424087724397861e-02, 0.000000000000000e+00, 0.000000000000000e+00, 7.438465995677385e+05, 1.000000000000000e-10, 6.069524981054236e+09
26663, 2.001812751185000e-01, 1.996187056263000e-01, 7.424869455744332e-02, 0.000000000000000e+00, 0.000000000000000e+00, 7.439344568486095e+05, 1.000000000000000e-10, 5.978377151529999e+09
26764, 2.011673897743000e-01, 1.999458878486000e-01, 7.425682954211009e-02, 0.000000000000000e+00, 0.000000000000000e+00, 7.440258720275260e+05, 1.000000000000000e-10, 5.891692627430415e+09
26865, 2.021535044301000e-01, 2.002547507249000e-01, 7.426529690241103e-02, 0.000000000000000e+00, 0.000000000000000e+00, 7.441209949919431e+05, 1.000000000000000e-10, 5.809512966329901e+09
26966, 2.031396190858000e-01, 2.005450993683000e-01, 7.427406709183590e-02, 0.000000000000000e+00, 0.000000000000000e+00, 7.442195260075164e+05, 1.000000000000000e-10, 5.731887279640079e+09
27067, 2.041257337416000e-01, 2.008167388924000e-01, 7.428315366728439e-02, 0.000000000000000e+00, 0.000000000000000e+00, 7.443216009159813e+05, 1.000000000000000e-10, 5.658865463432186e+09
27168, 2.051118483973000e-01, 2.010694744103000e-01, 7.429255287311025e-02, 0.000000000000000e+00, 0.000000000000000e+00, 7.444271776381490e+05, 1.000000000000000e-10, 5.590503679132360e+09
27269, 2.060979630531000e-01, 2.013031110355000e-01, 7.430225977417149e-02, 0.000000000000000e+00, 0.000000000000000e+00, 7.445362010249266e+05, 1.000000000000000e-10, 5.526862395612726e+09
27370, 2.070840777088000e-01, 2.015174538812000e-01, 7.431227730919004e-02, 0.000000000000000e+00, 0.000000000000000e+00, 7.446486951833768e+05, 1.000000000000000e-10, 5.468006582984616e+09
27471, 2.080701923646000e-01, 2.017123080609000e-01, 7.432257837240064e-02, 0.000000000000000e+00, 0.000000000000000e+00, 7.447643762788314e+05, 1.000000000000000e-10, 5.414008248240306e+09
27572, 2.090563070204000e-01, 2.018874786879000e-01, 7.433316351040785e-02, 0.000000000000000e+00, 0.000000000000000e+00, 7.448832405923575e+05, 1.000000000000000e-10, 5.364942575403049e+09
27673, 2.100424216761000e-01, 2.020427708754000e-01, 7.434402716460771e-02, 0.000000000000000e+00, 0.000000000000000e+00, 7.450052197621717e+05, 1.000000000000000e-10, 5.320891029104760e+09
27774, 2.110285363319000e-01, 2.021779897369000e-01, 7.435514776053896e-02, 0.000000000000000e+00, 0.000000000000000e+00, 7.451300808599091e+05, 1.000000000000000e-10, 5.281941224991530e+09
27875, 2.120146509876000e-01, 2.022929403856000e-01, 7.436651045941645e-02, 0.000000000000000e+00, 0.000000000000000e+00, 7.452576583732585e+05, 1.000000000000000e-10, 5.248186669480189e+09
27976, 2.130007656434000e-01, 2.023874279350000e-01, 7.437809448350721e-02, 0.000000000000000e+00, 0.000000000000000e+00, 7.453877239834889e+05, 1.000000000000000e-10, 5.219727128978766e+09
28077, 2.139868802991000e-01, 2.024612574983000e-01, 7.438988932789391e-02, 0.000000000000000e+00, 0.000000000000000e+00, 7.455201523169745e+05, 1.000000000000000e-10, 5.196668491741567e+09
28178, 2.149729949549000e-01, 2.025142341890000e-01, 7.440187703077672e-02, 0.000000000000000e+00, 0.000000000000000e+00, 7.456547382052673e+05, 1.000000000000000e-10, 5.179123369440675e+09
28279, 2.159591096107000e-01, 2.025461631202000e-01, 7.441400580431219e-02, 0.000000000000000e+00, 0.000000000000000e+00, 7.457909253859386e+05, 1.000000000000000e-10, 5.167214459100206e+09
28380, 2.169452242664000e-01, 2.025568494055000e-01, 7.442411842197945e-02, 0.000000000000000e+00, 0.000000000000000e+00, 7.459044771037241e+05, 1.000000000000000e-10, 5.161207670415928e+09
28481, 2.188202242664000e-01, 2.025568494055000e-01, 7.442627125715802e-02, 0.000000000000000e+00, 0.000000000000000e+00, 7.459286528472224e+05, 1.000000000000000e-10, 5.160461869729516e+09
28582, 2.206952242664000e-01, 2.025568494055000e-01, 7.442627655944641e-02, 0.000000000000000e+00, 0.000000000000000e+00, 7.459287124553174e+05, 1.000000000000000e-10, 5.160461525747180e+09
28683, 2.225702242664000e-01, 2.025568494055000e-01, 7.442627657023419e-02, 0.000000000000000e+00, 0.000000000000000e+00, 7.459287125771397e+05, 1.000000000000000e-10, 5.160461525049329e+09
28784, 2.244452242664000e-01, 2.025568494055000e-01, 7.442627657025402e-02, 0.000000000000000e+00, 0.000000000000000e+00, 7.459287125773646e+05, 1.000000000000000e-10, 5.160461525048049e+09
28885, 2.263202242664000e-01, 2.025568494055000e-01, 7.442627657025407e-02, 0.000000000000000e+00, 0.000000000000000e+00, 7.459287125773650e+05, 1.000000000000000e-10, 5.160461525048046e+09
28986, 2.281952242664000e-01, 2.025568494055000e-01, 7.442627657025407e-02, 0.000000000000000e+00, 0.000000000000000e+00, 7.459287125773650e+05, 1.000000000000000e-10, 5.160461525048046e+09
29087, 2.300702242664000e-01, 2.025568494055000e-01, 7.442627657025407e-02, 0.000000000000000e+00, 0.000000000000000e+00, 7.459287125773650e+05, 1.000000000000000e-10, 5.160461525048046e+09
29188, 2.319452242664000e-01, 2.025568494055000e-01, 7.442627657025407e-02, 0.000000000000000e+00, 0.000000000000000e+00, 7.459287125773650e+05, 1.000000000000000e-10, 5.160461525048046e+09
29289, 2.338202242664000e-01, 2.025568494055000e-01, 7.442627657025407e-02, 0.000000000000000e+00, 0.000000000000000e+00, 7.459287125773650e+05, 1.000000000000000e-10, 5.160461525048046e+09
29390, 2.356952242664000e-01, 2.025568494055000e-01, 7.442627657025407e-02, 0.000000000000000e+00, 0.000000000000000e+00, 7.459287125773650e+05, 1.000000000000000e-10, 5.160461525048046e+09
29491, 2.375702242664000e-01, 2.025568494055000e-01, 7.442627657025407e-02, 0.000000000000000e+00, 0.000000000000000e+00, 7.459287125773650e+05, 1.000000000000000e-10, 5.160461525048046e+09
29592, 2.394452242664000e-01, 2.025568494055000e-01, 7.442627657025407e-02, 0.000000000000000e+00, 0.000000000000000e+00, 7.459287125773650e+05, 1.000000000000000e-10, 5.160461525048046e+09
29693, 2.413202242664000e-01, 2.025568494055000e-01, 7.442627657025407e-02, 0.000000000000000e+00, 0.000000000000000e+00, 7.459287125773650e+05, 1.000000000000000e-10, 5.160461525048046e+09
29794, 2.431952242664000e-01, 2.025568494055000e-01, 7.442627657025407e-02, 0.000000000000000e+00, 0.000000000000000e+00, 7.459287125773650e+05, 1.000000000000000e-10, 5.160461525048046e+09
29895, 2.450702242664000e-01, 2.025568494055000e-01, 7.442627657025407e-02, 0.000000000000000e+00, 0.000000000000000e+00, 7.459287125773650e+05, 1.000000000000000e-10, 5.160461525048046e+09
29996, 2.469452242664000e-01, 2.025568494055000e-01, 7.442627657025407e-02, 0.000000000000000e+00, 0.000000000000000e+00, 7.459287125773650e+05, 1.000000000000000e-10, 5.160461525048046e+09
30097, 2.488202242664000e-01, 2.025568494055000e-01, 7.442627657025407e-02, 0.000000000000000e+00, 0.000000000000000e+00, 7.459287125773650e+05, 1.000000000000000e-10, 5.160461525048046e+09
30198, 2.506952242664000e-01, 2.025568494055000e-01, 7.442627657025407e-02, 0.000000000000000e+00, 0.000000000000000e+00, 7.459287125773650e+05, 1.000000000000000e-10, 5.160461525048046e+09
30299, 2.525702242664000e-01, 2.025568494055000e-01, 7.442627657025407e-02, 0.000000000000000e+00, 0.000000000000000e+00, 7.459287125773650e+05, 1.000000000000000e-10, 5.160461525048046e+09
30400, 2.544452242664000e-01, 2.025568494055000e-01, 7.442627657025407e-02, 0.000000000000000e+00, 0.000000000000000e+00, 7.459287125773650e+05, 1.000000000000000e-10, 5.160461525048046e+09
30501, 2.563202242664000e-01, 2.025568494055000e-01, 7.442627657025407e-02, 0.000000000000000e+00, 0.000000000000000e+00, 7.459287125773650e+05, 1.000000000000000e-10, 5.160461525048046e+09
30602, 2.581952242664000e-01, 2.025568494055000e-01, 7.442627657025407e-02, 0.000000000000000e+00, 0.000000000000000e+00, 7.459287125773650e+05, 1.000000000000000e-10, 5.160461525048046e+09
30703, 2.600702242664000e-01, 2.025568494055000e-01, 7.442627657025407e-02, 0.000000000000000e+00, 0.000000000000000e+00, 7.459287125773650e+05, 1.000000000000000e-10, 5.160461525048046e+09
30804, 2.619452242664000e-01, 2.025568494055000e-01, 7.442627657025407e-02, 0.000000000000000e+00, 0.000000000000000e+00, 7.459287125773650e+05, 1.000000000000000e-10, 5.160461525048046e+09
30905, 2.638202242664000e-01, 2.025568494055000e-01, 7.442627657025407e-02, 0.000000000000000e+00, 0.000000000000000e+00, 7.459287125773650e+05, 1.000000000000000e-10, 5.160461525048046e+09
31006, 2.656952242664000e-01, 2.025568494055000e-01, 7.442627657025407e-02, 0.000000000000000e+00, 0.000000000000000e+00, 7.459287125773650e+05, 1.000000000000000e-10, 5.160461525048046e+09
31107, 2.675702242664000e-01, 2.025568494055000e-01, 7.442627657025407e-02, 0.000000000000000e+00, 0.000000000000000e+00, 7.459287125773650e+05, 1.000000000000000e-10, 5.160461525048046e+09
31208, 2.694452242664000e-01, 2.025568494055000e-01, 7.442627657025407e-02, 0.000000000000000e+00, 0.000000000000000e+00, 7.459287125773650e+05, 1.000000000000000e-10, 5.160461525048046e+09
31309, 2.713202242664000e-01, 2.025568494055000e-01, 7.442627657025407e-02, 0.000000000000000e+00, 0.000000000000000e+00, 7.459287125773650e+05, 1.000000000000000e-10, 5.160461525048046e+09
31410, 2.731952242664000e-01, 2.025568494055000e-01, 7.442627657025407e-02, 0.000000000000000e+00, 0.000000000000000e+00, 7.459287125773650e+05, 1.000000000000000e-10, 5.160461525048046e+09
31511, 2.750702242664000e-01, 2.025568494055000e-01, 7.442627657025407e-02, 0.000000000000000e+00, 0.000000000000000e+00, 7.459287125773650e+05, 1.000000000000000e-10, 5.160461525048046e+09
31612, 2.769452242664000e-01, 2.025568494055000e-01, 7.442627657025407e-02, 0.000000000000000e+00, 0.000000000000000e+00, 7.459287125773650e+05, 1.000000000000000e-10, 5.160461525048046e+09
31713, 2.788202242664000e-01, 2.025568494055000e-01, 7.442627657025407e-02, 0.000000000000000e+00, 0.000000000000000e+00, 7.459287125773650e+05, 1.000000000000000e-10, 5.160461525048046e+09
31814, 2.806952242664000e-01, 2.025568494055000e-01, 7.442627657025407e-02, 0.000000000000000e+00, 0.000000000000000e+00, 7.459287125773650e+05, 1.000000000000000e-10, 5.160461525048046e+09
31915, 2.825702242664000e-01, 2.025568494055000e-01, 7.442627657025407e-02, 0.000000000000000e+00, 0.000000000000000e+00, 7.459287125773650e+05, 1.000000000000000e-10, 5.160461525048046e+09
32016, 2.844452242664000e-01, 2.025568494055000e-01, 7.442627657025407e-02, 0.000000000000000e+00, 0.000000000000000e+00, 7.459287125773650e+05, 1.000000000000000e-10, 5.160461525048046e+09
32117, 2.863202242664000e-01, 2.025568494055000e-01, 7.442627657025407e-02, 0.000000000000000e+00, 0.000000000000000e+00, 7.459287125773650e+05, 1.000000000000000e-10, 5.160461525048046e+09
32218, 2.881952242664000e-01, 2.025568494055000e-01, 7.442627657025407e-02, 0.000000000000000e+00, 0.000000000000000e+00, 7.459287125773650e+05, 1.000000000000000e-10, 5.160461525048046e+09
32319, 2.900702242664000e-01, 2.025568494055000e-01, 7.442627657025407e-02, 0.000000000000000e+00, 0.000000000000000e+00, 7.459287125773650e+05, 1.000000000000000e-10, 5.160461525048046e+09
32420, 2.919452242664000e-01, 2.025568494055000e-01, 7.442627657025407e-02, 0.000000000000000e+00, 0.000000000000000e+00, 7.459287125773650e+05, 1.000000000000000e-10, 5.160461525048046e+09
32521, 2.938202242664000e-01, 2.025568494055000e-01, 7.442627657025407e-02, 0.000000000000000e+00, 0.000000000000000e+00, 7.459287125773650e+05, 1.000000000000000e-10, 5.160461525048046e+09
32622, 2.956952242664000e-01, 2.025568494055000e-01, 7.442627657025407e-02, 0.000000000000000e+00, 0.000000000000000e+00, 7.459287125773650e+05, 1.000000000000000e-10, 5.160461525048046e+09
32723, 2.975702242664000e-01, 2.025568494055000e-01, 7.442627657025407e-02, 0.000000000000000e+00, 0.000000000000000e+00, 7.459287125773650e+05, 1.000000000000000e-10, 5.160461525048046e+09
32824, 2.994452242664000e-01, 2.025568494055000e-01, 7.442627657025407e-02, 0.000000000000000e+00, 0.000000000000000e+00, 7.459287125773650e+05, 1.000000000000000e-10, 5.160461525048046e+09
32925, 3.013202242664000e-01, 2.025568494055000e-01, 7.442627657025407e-02, 0.000000000000000e+00, 0.000000000000000e+00, 7.459287125773650e+05, 1.000000000000000e-10, 5.160461525048046e+09
33026, 3.031952242664000e-01, 2.025568494055000e-01, 7.442627657025407e-02, 0.000000000000000e+00, 0.000000000000000e+00, 7.459287125773650e+05, 1.000000000000000e-10, 5.160461525048046e+09
33127, 3.050702242664000e-01, 2.025568494055000e-01, 7.442627657025407e-02, 0.000000000000000e+00, 0.000000000000000e+00, 7.459287125773650e+05, 1.000000000000000e-10, 5.160461525048046e+09
33228, 3.069452242664000e-01, 2.025568494055000e-01, 7.442627657025407e-02, 0.000000000000000e+00, 0.000000000000000e+00, 7.459287125773650e+05, 1.000000000000000e-10, 5.160461525048046e+09
33329, 3.088202242664000e-01, 2.025568494055000e-01, 7.442627657025407e-02, 0.000000000000000e+00, 0.000000000000000e+00, 7.459287125773650e+05, 1.000000000000000e-10, 5.160461525048046e+09
33430, 3.106952242664000e-01, 2.025568494055000e-01, 7.442627657025407e-02, 0.000000000000000e+00, 0.000000000000000e+00, 7.459287125773650e+05, 1.000000000000000e-10, 5.160461525048046e+09
33531, 3.125702242664000e-01, 2.025568494055000e-01, 7.442627657025407e-02, 0.000000000000000e+00, 0.000000000000000e+00, 7.459287125773650e+05, 1.000000000000000e-10, 5.160461525048046e+09
33632, 3.144452242664000e-01, 2.025568494055000e-01, 7.442627657025407e-02, 0.000000000000000e+00, 0.000000000000000e+00, 7.459287125773650e+05, 1.000000000000000e-10, 5.160461525048046e+09
33733, 3.163202242664000e-01, 2.025568494055000e-01, 7.442627657025407e-02, 0.000000000000000e+00, 0.000000000000000e+00, 7.459287125773650e+05, 1.000000000000000e-10, 5.160461525048046e+09
33834, 3.181952242664000e-01, 2.025568494055000e-01, 7.442627657025407e-02, 0.000000000000000e+00, 0.000000000000000e+00, 7.459287125773650e+05, 1.000000000000000e-10, 5.160461525048046e+09
33935, 3.200702242664000e-01, 2.025568494055000e-01, 7.442627657025407e-02, 0.000000000000000e+00, 0.000000000000000e+00, 7.459287125773650e+05, 1.000000000000000e-10, 5.160461525048046e+09
34036, 3.219452242664000e-01, 2.025568494055000e-01, 7.442627657025407e-02, 0.000000000000000e+00, 0.000000000000000e+00, 7.459287125773650e+05, 1.000000000000000e-10, 5.160461525048046e+09
34137, 3.238202242664000e-01, 2.025568494055000e-01, 7.442627657025407e-02, 0.000000000000000e+00, 0.000000000000000e+00, 7.459287125773650e+05, 1.000000000000000e-10, 5.160461525048046e+09
34238, 3.256952242664000e-01, 2.025568494055000e-01, 7.442627657025407e-02, 0.000000000000000e+00, 0.000000000000000e+00, 7.459287125773650e+05, 1.000000000000000e-10, 5.160461525048046e+09
34339, 3.275702242664000e-01, 2.025568494055000e-01, 7.442627657025407e-02, 0.000000000000000e+00, 0.000000000000000e+00, 7.459287125773650e+05, 1.000000000000000e-10, 5.160461525048046e+09
34440, 3.294452242664000e-01, 2.025568494055000e-01, 7.442627657025407e-02, 0.000000000000000e+00, 0.000000000000000e+00, 7.459287125773650e+05, 1.000000000000000e-10, 5.160461525048046e+09
34541, 3.313202242664000e-01, 2.025568494055000e-01, 7.442627657025407e-02, 0.000000000000000e+00, 0.000000000000000e+00, 7.459287125773650e+05, 1.000000000000000e-10, 5.160461525048046e+09
34642, 3.331952242664000e-01, 2.025568494055000e-01, 7.442627657025407e-02, 0.000000000000000e+00, 0.000000000000000e+00, 7.459287125773650e+05, 1.000000000000000e-10, 5.160461525048046e+09
34743, 3.350702242664000e-01, 2.025568494055000e-01, 7.442627657025407e-02, 0.000000000000000e+00, 0.000000000000000e+00, 7.459287125773650e+05, 1.000000000000000e-10, 5.160461525048046e+09
34844, 3.369452242664000e-01, 2.025568494055000e-01, 7.442627657025407e-02, 0.000000000000000e+00, 0.000000000000000e+00, 7.459287125773650e+05, 1.000000000000000e-10, 5.160461525048046e+09
34945, 3.388202242664000e-01, 2.025568494055000e-01, 7.442627657025407e-02, 0.000000000000000e+00, 0.000000000000000e+00, 7.459287125773650e+05, 1.000000000000000e-10, 5.160461525048046e+09
35046, 3.406952242664000e-01, 2.025568494055000e-01, 7.442627657025407e-02, 0.000000000000000e+00, 0.000000000000000e+00, 7.459287125773650e+05, 1.000000000000000e-10, 5.160461525048046e+09
35147, 3.425702242664000e-01, 2.025568494055000e-01, 7.442627657025407e-02, 0.000000000000000e+00, 0.000000000000000e+00, 7.459287125773650e+05, 1.000000000000000e-10, 5.160461525048046e+09
35248, 3.444452242664000e-01, 2.025568494055000e-01, 7.442627657025407e-02, 0.000000000000000e+00, 0.000000000000000e+00, 7.459287125773650e+05, 1.000000000000000e-10, 5.160461525048046e+09
35349, 3.463202242664000e-01, 2.025568494055000e-01, 7.442627657025407e-02, 0.000000000000000e+00, 0.000000000000000e+00, 7.459287125773650e+05, 1.000000000000000e-10, 5.160461525048046e+09
35450, 3.481952242664000e-01, 2.025568494055000e-01, 7.442627657025407e-02, 0.000000000000000e+00, 0.000000000000000e+00, 7.459287125773650e+05, 1.000000000000000e-10, 5.160461525048046e+09
35551, 3.500702242664000e-01, 2.025568494055000e-01, 7.442627657025407e-02, 0.000000000000000e+00, 0.000000000000000e+00, 7.459287125773650e+05, 1.000000000000000e-10, 5.160461525048046e+09
35652, 3.519452242664000e-01, 2.025568494055000e-01, 7.442627657025407e-02, 0.000000000000000e+00, 0.000000000000000e+00, 7.459287125773650e+05, 1.000000000000000e-10, 5.160461525048046e+09
35753, 3.538202242664000e-01, 2.025568494055000e-01, 7.442627657025407e-02, 0.000000000000000e+00, 0.000000000000000e+00, 7.459287125773650e+05, 1.000000000000000e-10, 5.160461525048046e+09
35854, 3.556952242664000e-01, 2.025568494055000e-01, 7.442627657025407e-02, 0.000000000000000e+00, 0.000000000000000e+00, 7.459287125773650e+05, 1.000000000000000e-10, 5.160461525048046e+09
35955, 3.575702242664000e-01, 2.025568494055000e-01, 7.442627657025407e-02, 0.000000000000000e+00, 0.000000000000000e+00, 7.459287125773650e+05, 1.000000000000000e-10, 5.160461525048046e+09
36056, 3.594452242664000e-01, 2.025568494055000e-01, 7.442627657025407e-02, 0.000000000000000e+00, 0.000000000000000e+00, 7.459287125773650e+05, 1.000000000000000e-10, 5.160461525048046e+09
36157, 3.613202242664000e-01, 2.025568494055000e-01, 7.442627657025407e-02, 0.000000000000000e+00, 0.000000000000000e+00, 7.459287125773650e+05, 1.000000000000000e-10, 5.160461525048046e+09
36258, 3.631952242664000e-01, 2.025568494055000e-01, 7.442627657025407e-02, 0.000000000000000e+00, 0.000000000000000e+00, 7.459287125773650e+05, 1.000000000000000e-10, 5.160461525048046e+09
36359, 3.650702242664000e-01, 2.025568494055000e-01, 7.442627657025407e-02, 0.000000000000000e+00, 0.000000000000000e+00, 7.459287125773650e+05, 1.000000000000000e-10, 5.160461525048046e+09
36460, 3.669452242664000e-01, 2.025568494055000e-01, 7.442627657025407e-02, 0.000000000000000e+00, 0.000000000000000e+00, 7.459287125773650e+05, 1.000000000000000e-10, 5.160461525048046e+09
36561, 3.688202242664000e-01, 2.025568494055000e-01, 7.442627657025407e-02, 0.000000000000000e+00, 0.000000000000000e+00, 7.459287125773650e+05, 1.000000000000000e-10, 5.160461525048046e+09
36662, 3.706952242664000e-01, 2.025568494055000e-01, 7.442627657025407e-02, 0.000000000000000e+00, 0.000000000000000e+00, 7.459287125773650e+05, 1.000000000000000e-10, 5.160461525048046e+09
36763, 3.725702242664000e-01, 2.025568494055000e-01, 7.442627657025407e-02, 0.000000000000000e+00, 0.000000000000000e+00, 7.459287125773650e+05, 1.000000000000000e-10, 5.160461525048046e+09
36864, 3.744452242664000e-01, 2.025568494055000e-01, 7.442627657025407e-02, 0.000000000000000e+00, 0.000000000000000e+00, 7.459287125773650e+05, 1.000000000000000e-10, 5.160461525048046e+09
36965, 3.763202242664000e-01, 2.025568494055000e-01, 7.442627657025407e-02, 0.000000000000000e+00, 0.000000000000000e+00, 7.459287125773650e+05, 1.000000000000000e-10, 5.160461525048046e+09
37066, 3.781952242664000e-01, 2.025568494055000e-01, 7.442627657025407e-02, 0.000000000000000e+00, 0.000000000000000e+00, 7.459287125773650e+05, 1.000000000000000e-10, 5.160461525048046e+09
37167, 3.800702242664000e-01, 2.025568494055000e-01, 7.442627657025407e-02, 0.000000000000000e+00, 0.000000000000000e+00, 7.459287125773650e+05, 1.000000000000000e-10, 5.160461525048046e+09
37268, 3.819452242664000e-01, 2.025568494055000e-01, 7.442627657025407e-02, 0.000000000000000e+00, 0.000000000000000e+00, 7.459287125773650e+05, 1.000000000000000e-10, 5.160461525048046e+09
37369, 3.838202242664000e-01, 2.025568494055000e-01, 7.442627657025407e-02, 0.000000000000000e+00, 0.000000000000000e+00, 7.459287125773650e+05, 1.000000000000000e-10, 5.160461525048046e+09
37470, 3.856952242664000e-01, 2.025568494055000e-01, 7.442627657025407e-02, 0.000000000000000e+00, 0.000000000000000e+00, 7.459287125773650e+05, 1.000000000000000e-10, 5.160461525048046e+09
37571, 3.875702242664000e-01, 2.025568494055000e-01, 7.442627657025407e-02, 0.000000000000000e+00, 0.000000000000000e+00, 7.459287125773650e+05, 1.000000000000000e-10, 5.160461525048046e+09
37672, 3.894452242664000e-01, 2.025568494055000e-01, 7.442627657025407e-02, 0.000000000000000e+00, 0.000000000000000e+00, 7.459287125773650e+05, 1.000000000000000e-10, 5.160461525048046e+09
37773, 3.913202242664000e-01, 2.025568494055000e-01, 7.442627657025407e-02, 0.000000000000000e+00, 0.000000000000000e+00, 7.459287125773650e+05, 1.000000000000000e-10, 5.160461525048046e+09
37874, 3.931952242664000e-01, 2.025568494055000e-01, 7.442627657025407e-02, 0.000000000000000e+00, 0.000000000000000e+00, 7.459287125773650e+05, 1.000000000000000e-10, 5.160461525048046e+09
37975, 3.950702242664000e-01, 2.025568494055000e-01, 7.442627657025407e-02, 0.000000000000000e+00, 0.000000000000000e+00, 7.459287125773650e+05, 1.000000000000000e-10, 5.160461525048046e+09
38076, 3.969452242664000e-01, 2.025568494055000e-01, 7.442627657025407e-02, 0.000000000000000e+00, 0.000000000000000e+00, 7.459287125773650e+05, 1.000000000000000e-10, 5.160461525048046e+09
38177, 3.988202242664000e-01, 2.025568494055000e-01, 7.442627657025407e-02, 0.000000000000000e+00, 0.000000000000000e+00, 7.459287125773650e+05, 1.000000000000000e-10, 5.160461525048046e+09
38278, 4.006952242664000e-01, 2.025568494055000e-01, 7.442627657025407e-02, 0.000000000000000e+00, 0.000000000000000e+00, 7.459287125773650e+05, 1.000000000000000e-10, 5.160461525048046e+09
38379, 4.025702242664000e-01, 2.025568494055000e-01, 7.442627657025407e-02, 0.000000000000000e+00, 0.000000000000000e+00, 7.459287125773650e+05, 1.000000000000000e-10, 5.160461525048046e+09
38480, 4.044452242664000e-01, 2.025568494055000e-01, 7.442627657025407e-02, 0.000000000000000e+00, 0.000000000000000e+00, 7.459287125773650e+05, 1.000000000000000e-10, 5.160461525048046e+09
38581, 4.063202242664000e-01, 2.025568494055000e-01, 7.442627657025407e-02, 0.000000000000000e+00, 0.000000000000000e+00, 7.459287125773650e+05, 1.000000000000000e-10, 5.160461525048046e+09
38682, 4.081952242664000e-01, 2.025568494055000e-01, 7.442627657025407e-02, 0.000000000000000e+00, 0.000000000000000e+00, 7.459287125773650e+05, 1.000000000000000e-10, 5.160461525048046e+09
38783, 4.100702242664000e-01, 2.025568494055000e-01, 7.442627657025407e-02, 0.000000000000000e+00, 0.000000000000000e+00, 7.459287125773650e+05, 1.000000000000000e-10, 5.160461525048046e+09
38884, 4.119452242664000e-01, 2.025568494055000e-01, 7.442627657025407e-02, 0.000000000000000e+00, 0.000000000000000e+00, 7.459287125773650e+05, 1.000000000000000e-10, 5.160461525048046e+09
38985, 4.138202242664000e-01, 2.025568494055000e-01, 7.442627657025407e-02, 0.000000000000000e+00, 0.000000000000000e+00, 7.459287125773650e+05, 1.000000000000000e-10, 5.160461525048046e+09
39086, 4.156952242664000e-01, 2.025568494055000e-01, 7.442627657025407e-02, 0.000000000000000e+00, 0.000000000000000e+00, 7.459287125773650e+05, 1.000000000000000e-10, 5.160461525048046e+09
39187, 4.175702242664000e-01, 2.025568494055000e-01, 7.442627657025407e-02, 0.000000000000000e+00, 0.000000000000000e+00, 7.459287125773650e+05, 1.000000000000000e-10, 5.160461525048046e+09
39288, 4.194452242664000e-01, 2.025568494055000e-01, 7.442627657025407e-02, 0.000000000000000e+00, 0.000000000000000e+00, 7.459287125773650e+05, 1.000000000000000e-10, 5.160461525048046e+09
39389, 4.213202242664000e-01, 2.025568494055000e-01, 7.442627657025407e-02, 0.000000000000000e+00, 0.000000000000000e+00, 7.459287125773650e+05, 1.000000000000000e-10, 5.160461525048046e+09
39490, 4.231952242664000e-01, 2.025568494055000e-01, 7.442627657025407e-02, 0.000000000000000e+00, 0.000000000000000e+00, 7.459287125773650e+05, 1.000000000000000e-10, 5.160461525048046e+09
39591, 4.250702242664000e-01, 2.025568494055000e-01, 7.442627657025407e-02, 0.000000000000000e+00, 0.000000000000000e+00, 7.459287125773650e+05, 1.000000000000000e-10, 5.160461525048046e+09
39692, 4.269452242664000e-01, 2.025568494055000e-01, 7.442627657025407e-02, 0.000000000000000e+00, 0.000000000000000e+00, 7.459287125773650e+05, 1.000000000000000e-10, 5.160461525048046e+09
39793, 4.288202242664000e-01, 2.025568494055000e-01, 7.442627657025407e-02, 0.000000000000000e+00, 0.000000000000000e+00, 7.459287125773650e+05, 1.000000000000000e-10, 5.160461525048046e+09
39894, 4.306952242664000e-01, 2.025568494055000e-01, 7.442627657025407e-02, 0.000000000000000e+00, 0.000000000000000e+00, 7.459287125773650e+05, 1.000000000000000e-10, 5.160461525048046e+09
39995, 4.325702242664000e-01, 2.025568494055000e-01, 7.442627657025407e-02, 0.000000000000000e+00, 0.000000000000000e+00, 7.459287125773650e+05, 1.000000000000000e-10, 5.160461525048046e+09
40096, 4.344452242664000e-01, 2.025568494055000e-01, 7.442627657025407e-02, 0.000000000000000e+00, 0.000000000000000e+00, 7.459287125773650e+05, 1.000000000000000e-10, 5.160461525048046e+09
40197, 4.363202242664000e-01, 2.025568494055000e-01, 7.442627657025407e-02, 0.000000000000000e+00, 0.000000000000000e+00, 7.459287125773650e+05, 1.000000000000000e-10, 5.160461525048046e+09
40298, 4.381952242664000e-01, 2.025568494055000e-01, 7.442627657025407e-02, 0.000000000000000e+00, 0.000000000000000e+00, 7.459287125773650e+05, 1.000000000000000e-10, 5.160461525048046e+09
40399, 4.400702242664000e-01, 2.025568494055000e-01, 7.442627657025407e-02, 0.000000000000000e+00, 0.000000000000000e+00, 7.459287125773650e+05, 1.000000000000000e-10, 5.160461525048046e+09
40500, 4.419452242664000e-01, 2.025568494055000e-01, 7.442627657025407e-02, 0.000000000000000e+00, 0.000000000000000e+00, 7.459287125773650e+05, 1.000000000000000e-10, 5.160461525048046e+09
40601, 4.438202242664000e-01, 2.025568494055000e-01, 7.442627657025407e-02, 0.000000000000000e+00, 0.000000000000000e+00, 7.459287125773650e+05, 1.000000000000000e-10, 5.160461525048046e+09
40702, 4.456952242664000e-01, 2.025568494055000e-01, 7.442627657025407e-02, 0.000000000000000e+00, 0.000000000000000e+00, 7.459287125773650e+05, 1.000000000000000e-10, 5.160461525048046e+09
40803, 4.475702242664000e-01, 2.025568494055000e-01, 7.442627657025407e-02, 0.000000000000000e+00, 0.000000000000000e+00, 7.459287125773650e+05, 1.000000000000000e-10, 5.160461525048046e+09
40904, 4.494452242664000e-01, 2.025568494055000e-01, 7.442627657025407e-02, 0.000000000000000e+00, 0.000000000000000e+00, 7.459287125773650e+05, 1.000000000000000e-10, 5.160461525048046e+09
41005, 4.513202242664000e-01, 2.025568494055000e-01, 7.442627657025407e-02, 0.000000000000000e+00, 0.000000000000000e+00, 7.459287125773650e+05, 1.000000000000000e-10, 5.160461525048046e+09
41106, 4.531952242664000e-01, 2.025568494055000e-01, 7.442627657025407e-02, 0.000000000000000e+00, 0.000000000000000e+00, 7.459287125773650e+05, 1.000000000000000e-10, 5.160461525048046e+09
41207, 4.550702242664000e-01, 2.025568494055000e-01, 7.442627657025407e-02, 0.000000000000000e+00, 0.000000000000000e+00, 7.459287125773650e+05, 1.000000000000000e-10, 5.160461525048046e+09
41308, 4.569452242664000e-01, 2.025568494055000e-01, 7.442627657025407e-02, 0.000000000000000e+00, 0.000000000000000e+00, 7.459287125773650e+05, 1.000000000000000e-10, 5.160461525048046e+09
41409, 4.588202242664000e-01, 2.025568494055000e-01, 7.442627657025407e-02, 0.000000000000000e+00, 0.000000000000000e+00, 7.459287125773650e+05, 1.000000000000000e-10, 5.160461525048046e+09
41510, 4.606952242664000e-01, 2.025568494055000e-01, 7.442627657025407e-02, 0.000000000000000e+00, 0.000000000000000e+00, 7.459287125773650e+05, 1.000000000000000e-10, 5.160461525048046e+09
41611, 4.625702242664000e-01, 2.025568494055000e-01, 7.442627657025407e-02, 0.000000000000000e+00, 0.000000000000000e+00, 7.459287125773650e+05, 1.000000000000000e-10, 5.160461525048046e+09
41712, 4.644452242664000e-01, 2.025568494055000e-01, 7.442627657025407e-02, 0.000000000000000e+00, 0.000000000000000e+00, 7.459287125773650e+05, 1.000000000000000e-10, 5.160461525048046e+09
41813, 4.663202242664000e-01, 2.025568494055000e-01, 7.442627657025407e-02, 0.000000000000000e+00, 0.000000000000000e+00, 7.459287125773650e+05, 1.000000000000000e-10, 5.160461525048046e+09
41914, 4.681952242664000e-01, 2.025568494055000e-01, 7.442627657025407e-02, 0.000000000000000e+00, 0.000000000000000e+00, 7.459287125773650e+05, 1.000000000000000e-10, 5.160461525048046e+09
42015, 4.700702242664000e-01, 2.025568494055000e-01, 7.442627657025407e-02, 0.000000000000000e+00, 0.000000000000000e+00, 7.459287125773650e+05, 1.000000000000000e-10, 5.160461525048046e+09
42116, 4.719452242664000e-01, 2.025568494055000e-01, 7.442627657025407e-02, 0.000000000000000e+00, 0.000000000000000e+00, 7.459287125773650e+05, 1.000000000000000e-10, 5.160461525048046e+09
42217, 4.738202242664000e-01, 2.025568494055000e-01, 7.442627657025407e-02, 0.000000000000000e+00, 0.000000000000000e+00, 7.459287125773650e+05, 1.000000000000000e-10, 5.160461525048046e+09
42318, 4.756952242664000e-01, 2.025568494055000e-01, 7.442627657025407e-02, 0.000000000000000e+00, 0.000000000000000e+00, 7.459287125773650e+05, 1.000000000000000e-10, 5.160461525048046e+09
42419, 4.775702242664000e-01, 2.025568494055000e-01, 7.442627657025407e-02, 0.000000000000000e+00, 0.000000000000000e+00, 7.459287125773650e+05, 1.000000000000000e-10, 5.160461525048046e+09
42520, 4.794452242664000e-01, 2.025568494055000e-01, 7.442627657025407e-02, 0.000000000000000e+00, 0.000000000000000e+00, 7.459287125773650e+05, 1.000000000000000e-10, 5.160461525048046e+09
42621, 4.813202242664000e-01, 2.025568494055000e-01, 7.442627657025407e-02, 0.000000000000000e+00, 0.000000000000000e+00, 7.459287125773650e+05, 1.000000000000000e-10, 5.160461525048046e+09
42722, 4.831952242664000e-01, 2.025568494055000e-01, 7.442627657025407e-02, 0.000000000000000e+00, 0.000000000000000e+00, 7.459287125773650e+05, 1.000000000000000e-10, 5.160461525048046e+09
42823, 4.850702242664000e-01, 2.025568494055000e-01, 7.442627657025407e-02, 0.000000000000000e+00, 0.000000000000000e+00, 7.459287125773650e+05, 1.000000000000000e-10, 5.160461525048046e+09
42924, 4.869452242664000e-01, 2.025568494055000e-01, 7.442627657025407e-02, 0.000000000000000e+00, 0.000000000000000e+00, 7.459287125773650e+05, 1.000000000000000e-10, 5.160461525048046e+09
43025, 4.888202242664000e-01, 2.025568494055000e-01, 7.442627657025407e-02, 0.000000000000000e+00, 0.000000000000000e+00, 7.459287125773650e+05, 1.000000000000000e-10, 5.160461525048046e+09
43126, 4.906952242664000e-01, 2.025568494055000e-01, 7.442627657025407e-02, 0.000000000000000e+00, 0.000000000000000e+00, 7.459287125773650e+05, 1.000000000000000e-10, 5.160461525048046e+09
43227, 4.925702242664000e-01, 2.025568494055000e-01, 7.442627657025407e-02, 0.000000000000000e+00, 0.000000000000000e+00, 7.459287125773650e+05, 1.000000000000000e-10, 5.160461525048046e+09
43328, 4.944452242664000e-01, 2.025568494055000e-01, 7.442627657025407e-02, 0.000000000000000e+00, 0.000000000000000e+00, 7.459287125773650e+05, 1.000000000000000e-10, 5.160461525048046e+09
43429, 4.963202242664000e-01, 2.025568494055000e-01, 7.442627657025407e-02, 0.000000000000000e+00, 0.000000000000000e+00, 7.459287125773650e+05, 1.000000000000000e-10, 5.160461525048046e+09
43530, 4.981952242664000e-01, 2.025568494055000e-01, 7.442627657025407e-02, 0.000000000000000e+00, 0.000000000000000e+00, 7.459287125773650e+05, 1.000000000000000e-10, 5.160461525048046e+09
43631, 5.000702242664000e-01, 2.025568494055000e-01, 7.442627657025407e-02, 0.000000000000000e+00, 0.000000000000000e+00, 7.459287125773650e+05, 1.000000000000000e-10, 5.160461525048046e+09
43732, 5.019452242664000e-01, 2.025568494055000e-01, 7.442627657025407e-02, 0.000000000000000e+00, 0.000000000000000e+00, 7.459287125773650e+05, 1.000000000000000e-10, 5.160461525048046e+09
43833, 5.038202242664001e-01, 2.025568494055000e-01, 7.442627657025407e-02, 0.000000000000000e+00, 0.000000000000000e+00, 7.459287125773650e+05, 1.000000000000000e-10, 5.160461525048046e+09
43934, 5.056952242664000e-01, 2.025568494055000e-01, 7.442627657025407e-02, 0.000000000000000e+00, 0.000000000000000e+00, 7.459287125773650e+05, 1.000000000000000e-10, 5.160461525048046e+09
44035, 5.075702242664000e-01, 2.025568494055000e-01, 7.442627657025407e-02, 0.000000000000000e+00, 0.000000000000000e+00, 7.459287125773650e+05, 1.000000000000000e-10, 5.160461525048046e+09
44136, 5.094452242664000e-01, 2.025568494055000e-01, 7.442627657025407e-02, 0.000000000000000e+00, 0.000000000000000e+00, 7.459287125773649e+05, 1.000000000000000e-10, 5.160461525048046e+09
44237, 5.113202242664000e-01, 2.025568494055000e-01, 7.442627657025147e-02, 0.000000000000000e+00, 0.000000000000000e+00, 7.459287125773354e+05, 1.000000000000000e-10, 5.160461525048214e+09
44338, 5.131952242664000e-01, 2.025568494055000e-01, 7.442627656911643e-02, 0.000000000000000e+00, 0.000000000000000e+00, 7.459287125643283e+05, 1.000000000000000e-10, 5.160461525120945e+09
44439, 5.150702242664000e-01, 2.025568494055000e-01, 7.442627623236238e-02, 0.000000000000000e+00, 0.000000000000000e+00, 7.459287086691837e+05, 1.000000000000000e-10, 5.160461546567463e+09
44540, 5.169452242664000e-01, 2.025568494055000e-01, 7.442626953410388e-02, 0.000000000000000e+00, 0.000000000000000e+00, 7.459286312486910e+05, 1.000000000000000e-10, 5.160461973359434e+09
