x,r,cf_t,pressure_pa,yplus
-0.2,0.07406855,2899.05197276211,1702579.0,7.617385
-0.1966667,0.0740381,1932.1239955282122,1336401.0,4.525841
-0.1933333,0.07394682,1137.6467300775703,1336681.0,3.274019
-0.19,0.07379498,594.5653245766481,1353496.0,2.355731
-0.1866667,0.07358298,328.32545127155566,1356912.0,1.742628
-0.1833333,0.0733114,199.78884469276503,1337505.0,1.34303
-0.18,0.072981,134.65790678677206,1300739.0,1.083204
-0.1766667,0.07259267,98.9224340367453,1265066.0,0.9115397
-0.1733333,0.07214748,79.07536735291521,1246694.0,0.8034075
-0.17,0.07164665,68.60741167275741,1248597.0,0.7414695
-0.1666667,0.07109156,63.488557306349335,1266210.0,0.7093625
-0.1633333,0.07048372,61.313063469210825,1293501.0,0.6945476
-0.16,0.0698248,60.737235321285134,1325278.0,0.6888871
-0.1566667,0.06911661,61.05913580103238,1357625.0,0.6876772
-0.1533333,0.06836108,61.917465583719746,1387589.0,0.6882756
-0.15,0.0675603,63.08238093583668,1412676.0,0.6889082
-0.1466667,0.06671644,64.39105400057565,1430633.0,0.6882822
-0.1433333,0.06583184,65.70467413394786,1439330.0,0.685326
-0.14,0.0649089,66.91468404296253,1436964.0,0.6792536
-0.1366667,0.06395017,67.96254369539635,1422310.0,0.6696851
-0.1333333,0.06295827,68.82965282057883,1394697.0,0.6565528
-0.13,0.06193591,69.51167356704605,1354107.0,0.6399627
-0.1266667,0.0608859,70.0472676455803,1300975.0,0.6202663
-0.1233333,0.05981112,70.52221207894753,1236364.0,0.5980673
-0.12,0.05871452,71.01547896393193,1161460.0,0.5738627
-0.1166667,0.05759909,71.65858615984484,1077503.0,0.5482453
-0.1133333,0.0564679,72.70807384772311,985229.8,0.5219738
-0.11,0.05532405,74.18850669485568,882631.6,0.4940864
-0.1066667,0.05417066,75.6779158422825,764932.2,0.4613252
-0.1033333,0.05301092,76.8610713056111,640684.7,0.4239893
-0.1,0.05184798,77.57048028832773,516669.8,0.3828482
-0.09666667,0.05068505,78.42846107196307,400217.8,0.3410011
-0.09333333,0.0495253,78.7237899516737,299075.4,0.2992363
-0.09,0.04837192,73.58276676894971,219556.1,0.2528373
-0.08666667,0.04722807,58.71523568901469,164514.0,0.1998916
-0.08333333,0.04609688,38.09996620015517,131149.4,0.1461122
-0.08,0.04498145,21.50402674957453,113511.4,0.1024509
-0.07666667,0.04388485,14.077989968522704,105193.8,0.07908013
-0.07333333,0.04281007,11.99161779125944,101512.1,0.07053339
-0.07,0.04176006,11.277216886817385,99899.07,0.06653062
-0.06666667,0.0407377,10.928933782216303,99176.9,0.06390118
-0.06333333,0.0397458,10.83382304814577,98841.25,0.06217062
-0.06,0.03878706,10.911277897836138,98678.09,0.06102527
-0.05666667,0.03786413,11.086978273302242,98594.06,0.06020841
-0.05333333,0.03697952,11.313460592789706,98546.95,0.05956633
-0.05,0.03613567,11.564481308493084,98517.2,0.05902008
-0.04666667,0.03533489,11.824944572481865,98495.43,0.05852946
-0.04333333,0.03457936,12.088374894029117,98477.15,0.05808096
-0.04,0.03387117,12.348693428378908,98460.18,0.0576645
-0.03666667,0.03321225,12.601967760410806,98443.51,0.05727665
-0.03333333,0.03260441,12.83456750155558,98426.63,0.05689338
-0.03,0.03204932,13.064635066822952,98409.42,0.05656206
-0.02666667,0.03154849,13.27248466283131,98391.73,0.05624589
-0.02333333,0.0311033,13.468913973002893,98373.65,0.05597446
-0.02,0.03071497,13.633899167343323,98355.13,0.05571214
-0.01666667,0.03038457,13.810821473903719,98336.29,0.05555293
-0.01333333,0.03011299,13.928508561423236,98317.13,0.05535766
-0.01,0.02990099,14.029858380295225,98297.74,0.05521754
-0.006666667,0.02974915,14.092861778262602,98278.16,0.05509255
-0.003333333,0.02965787,14.126104165352977,98258.49,0.05500232
0.0,0.02962742,14.145558106583916,98243.19,0.05498265
0.0009861147,0.02963811,14.159514309572325,98215.38,0.05502036
0.001972229,0.02967003,14.150494729149338,98192.18,0.05503146
0.002958344,0.02972301,14.13444538041827,98169.32,0.055043
0.003944459,0.02979684,14.10908292336964,98146.76,0.0550507
0.004930573,0.02989133,14.063925623244012,98124.55,0.05503425
0.005916688,0.03000628,14.019775497916577,98102.66,0.05503432
0.006902803,0.0301415,13.963000025480829,98081.12,0.05502422
0.007888917,0.03029679,13.90162337710815,98059.98,0.05501973
0.008875032,0.03047196,13.821226858737534,98039.27,0.05499214
0.009861147,0.03066681,13.73298365915016,98018.92,0.05496323
0.01084726,0.03088116,13.615221682648347,97999.08,0.05488909
0.01183338,0.03111479,13.522524099881407,97979.53,0.05487911
0.01281949,0.03136753,13.41296206403579,97960.51,0.05484867
0.01380561,0.03163917,13.296718814638604,97941.92,0.0548178
0.01479172,0.03192952,13.174629380897244,97923.78,0.05478774
0.01577783,0.03223838,13.048215915401103,97906.05,0.05476113
0.01676395,0.03256556,12.91579485313729,97888.81,0.05473392
0.01775006,0.03291087,12.778963126981985,97872.03,0.05470885
0.01873618,0.03327411,12.648715625866837,97855.57,0.05470908
0.01972229,0.03365508,12.504305415995994,97839.67,0.0546894
0.02070841,0.03405359,12.356112863956277,97824.17,0.05467131
0.02169452,0.03446944,12.205009433914205,97809.1,0.05465609
0.02268064,0.03490245,12.051412037749724,97794.45,0.05464399
0.02366675,0.03535241,11.895701263604177,97780.22,0.05463517
0.02465287,0.03581913,11.73822606551852,97766.4,0.05462981
0.02563898,0.03630242,11.579325274361386,97752.98,0.054628
0.0266251,0.03680207,11.419298171580596,97739.98,0.05462979
0.02761121,0.03731791,11.25866704547264,97727.42,0.05463583
0.02859733,0.03784972,11.10601813702435,97714.94,0.0546665
0.02958344,0.03839732,10.945217247751943,97703.13,0.054682
0.03056955,0.03896051,10.783882087090287,97691.62,0.05470007
0.03155567,0.03953909,10.622802791580142,97680.45,0.05472211
0.03254178,0.04013288,10.462230794507049,97669.61,0.05474821
0.0335279,0.04074168,10.302376804407542,97659.11,0.05477842
0.03451401,0.04136528,10.143427786863183,97648.93,0.05481272
0.03550013,0.0420035,9.985559352078221,97639.07,0.05485113
0.03648624,0.04265614,9.828921370129695,97629.52,0.0548936
0.03747236,0.04332301,9.673620709731354,97620.3,0.05494003
0.03845847,0.04400392,9.51999892047379,97611.42,0.05499099
0.03944459,0.04469865,9.375860044863078,97602.53,0.05506897
0.0404307,0.04540703,9.226085035441283,97594.22,0.05512983
0.04141682,0.04612886,9.077588100143624,97586.1,0.05519304
0.04240293,0.04686394,8.930915880303289,97578.23,0.05525994
0.04338904,0.04761208,8.786292971612774,97570.58,0.05533095
0.04437516,0.04837308,8.643891222248095,97563.09,0.05540638
0.04536127,0.04914675,8.502987649518762,97555.68,0.0554837
0.04634739,0.04993289,8.345393257986162,97549.55,0.05550248
0.0473335,0.05073131,8.207537568912247,97542.61,0.05558182
0.04831962,0.05154181,8.073803089373309,97536.03,0.05567129
0.04930573,0.0523642,7.942381504787278,97529.73,0.05576475
0.05029185,0.05319828,7.8132402834700425,97523.65,0.05586202
0.05127796,0.05404386,7.686436178538343,97517.73,0.05596319
0.05226408,0.05490074,7.5616320477458006,97511.94,0.05606701
0.05325019,0.05576874,7.432912109835281,97506.85,0.05615118
0.05423631,0.05664764,7.3120719000075045,97501.44,0.05625949
0.05522242,0.05753727,7.194303018434025,97496.25,0.05637443
0.05620854,0.05843742,7.078799557622054,97491.27,0.05649297
0.05719465,0.05934789,6.965516419842556,97486.48,0.05661495
0.05818076,0.06026851,6.854435716828795,97481.84,0.05674037
0.05916688,0.06119906,6.745534031551617,97477.37,0.05686917
0.06015299,0.06213935,6.638792042100049,97473.05,0.05700135
0.06113911,0.0630892,6.534193614360258,97468.87,0.05713692
0.06212522,0.0640484,6.431709399332286,97464.82,0.05727586
0.06311134,0.06501676,6.331299430302422,97460.91,0.0574181
0.06409745,0.06599408,6.232934916363861,97457.13,0.05756362
0.06508357,0.06698018,6.136584638594892,97453.49,0.0577124
0.06606968,0.06797485,6.042214801556707,97449.98,0.05786441
0.0670558,0.06897789,5.949802334335238,97446.6,0.05801971
0.06804191,0.06998913,5.859320627481987,97443.31,0.0581783
0.06902803,0.07100835,5.770723890736113,97440.14,0.05834011
0.07001414,0.07203537,5.6839759514928785,97437.08,0.05850514
0.07100026,0.07306999,5.5990517147743954,97434.12,0.05867341
0.07198637,0.07411202,5.515931973021016,97431.26,0.05884502
0.07297248,0.07516126,5.434617576437496,97428.46,0.05902016
0.0739586,0.07621751,5.355063582602263,97425.68,0.05919876
0.07494471,0.07728059,5.276607194185629,97423.0,0.05937733
0.07593083,0.07835029,5.1941953725250585,97421.25,0.0595272
0.07691694,0.07942642,5.118245440384624,97418.78,0.05970709
0.07790306,0.08050879,5.045083252465107,97416.36,0.05989714
0.07888917,0.0815972,4.973551566543933,97414.09,0.06009096
0.07987529,0.08269145,4.903510091350287,97411.93,0.06028792
0.0808614,0.08379136,4.834800372980858,97409.91,0.06048725
0.08184752,0.08489672,4.7669506432106274,97408.14,0.06068614
0.08283363,0.08600735,4.701008689545756,97406.27,0.06089132
0.08381975,0.08712304,4.636626831009366,97404.45,0.06110092
0.08480586,0.08824361,4.573601299654026,97402.73,0.06131387
0.08579198,0.08936885,4.511884407396165,97401.1,0.06153008
0.08677809,0.09049858,4.4514607130460435,97399.55,0.06174965
0.0877642,0.09163259,4.392303633588127,97398.06,0.06197264
0.08875032,0.0927707,4.334364781931718,97396.63,0.06219891
0.08973643,0.0939127,4.2776108162741675,97395.26,0.06242846
0.09072255,0.09505841,4.2220213526320745,97393.97,0.06266136
0.09170866,0.09620762,4.167566277757956,97392.76,0.06289761
0.09269478,0.09736015,4.114224822552151,97391.62,0.06313729
0.09368089,0.09851579,4.062001810402373,97390.54,0.06338064
0.09466701,0.09967436,4.010866793658652,97389.49,0.06362766
0.09565312,0.1008357,3.960785816608458,97388.45,0.06387834
0.09663924,0.1019995,3.911755571376041,97387.44,0.06413286
0.09762535,0.1031657,3.8637359173533508,97386.42,0.06439114
0.09861147,0.104334,3.816545517149425,97385.46,0.06465189
0.09959758,0.1055042,3.76967462400393,97384.81,0.06491097
0.1005837,0.1066763,3.722223513725884,97384.97,0.06516062
0.1015698,0.1078498,3.676925266801939,97384.4,0.06542429
0.1025559,0.1090248,3.633371144272757,97383.61,0.0656992
0.103542,0.1102009,3.5908207806839965,97382.82,0.06597922
0.1045282,0.111378,3.549142979581692,97382.08,0.06626342
0.1055143,0.1125558,3.5081131877661367,97381.46,0.06654994
0.1065004,0.1137343,3.4671402233991233,97381.22,0.0668333
0.1074865,0.1149131,3.424807157284826,97381.86,0.06709971
0.1084726,0.1160921,3.3850945374954726,97381.73,0.06738743
0.1094587,0.1172712,3.3471001640405205,97381.35,0.06768863
0.1104448,0.11845,3.3099617212919794,97381.0,0.06799523
0.111431,0.1196285,3.273558678726487,97380.76,0.06830628
0.1124171,0.1208063,3.2378207634188922,97380.64,0.06862127
0.1134032,0.1219834,3.2026951605465332,97380.67,0.06893986
0.1143893,0.1231595,3.1681129940219943,97380.84,0.06926149
0.1153754,0.1243344,3.134171111681859,97381.22,0.06958742
0.1163615,0.125508,3.100901753975261,97381.46,0.06991814
0.1173476,0.12668,3.0683909925820165,97381.68,0.07025489
0.1183338,0.1278503,3.0364970446088084,97381.94,0.07059637
0.1193199,0.1290186,3.005200437368873,97382.28,0.07094258
0.120306,0.1301848,2.9745035239143234,97382.7,0.07129378
0.1212921,0.1313486,2.9444052375206677,97383.16,0.07165017
0.1222782,0.1325099,2.914855406404941,97383.66,0.07201139
0.1232643,0.1336685,2.885833851104307,97384.2,0.07237741
0.1242504,0.1348241,2.8573429863269224,97384.8,0.07274847
0.1252366,0.1359766,2.829381919276704,97385.45,0.0731248
0.1262227,0.1371259,2.801951627809314,97386.15,0.07350662
0.1272088,0.1382716,2.7750610647969784,97386.86,0.0738943
0.1281949,0.1394136,2.748682994949077,97387.56,0.07428771
0.129181,0.1405517,2.7227136564461003,97388.3,0.07468568
0.1301671,0.1416857,2.6969324041509393,97389.22,0.07508536
0.1311532,0.1428154,2.670955147115146,97390.57,0.07548146
0.1321394,0.1439407,2.6452942431434607,97392.54,0.07588122
0.1331255,0.1450612,2.6205759303806304,97394.05,0.0762935
0.1341116,0.1461769,2.5967822961735845,97395.25,0.07671865
0.1350977,0.1472875,2.5735184608445802,97396.27,0.07715137
0.1360838,0.1483929,2.550831920836276,97397.22,0.07759265
0.1370699,0.1494928,2.5286482454633576,97398.11,0.07804172
0.1380561,0.1505871,2.506931506750787,97398.97,0.07849832
0.1390422,0.1516755,2.485610239924862,97399.81,0.07896157
0.1400283,0.1527579,2.4645240063790563,97400.76,0.07942916
0.1410144,0.153834,2.4433645789821945,97402.09,0.07989624
0.1420005,0.1549037,2.4214673667290194,97404.22,0.08035184
0.1429866,0.1559668,2.3979387199896367,97407.58,0.08078046
0.1439727,0.157023,2.37626775878406,97412.46,0.08124067
0.1449589,0.1580722,2.356411354873192,97416.1,0.08173191
0.145945,0.1591143,2.3376659051340134,97418.78,0.0822433
0.1469311,0.1601489,2.3191365614780906,97420.85,0.0827598
0.1479172,0.1611759,2.3008383604034615,97422.68,0.08328194
0.1489033,0.1621951,2.282983048421557,97424.52,0.08381378
0.1498894,0.1632064,2.266071678767483,97426.52,0.08436505
0.1508755,0.1642094,2.2496302222840603,97428.68,0.08492744
0.1518617,0.1652041,2.233537030306979,97431.01,0.08549901
0.1528478,0.1661902,2.217735668957927,97433.54,0.08607886
0.1538339,0.1671675,2.2021783466270253,97436.28,0.08666631
0.15482,0.1681359,2.1868365248879678,97439.3,0.08726095
0.1558061,0.1690951,2.171974593573937,97442.69,0.08786825
0.1567922,0.1700449,2.1573862228005294,97446.5,0.08848438
0.1577783,0.1709852,2.143581687991538,97450.75,0.08912016
0.1587645,0.1719158,2.130709667399879,97454.9,0.08977908
0.1597506,0.1728364,2.1181775935554024,97458.97,0.09044925
0.1607367,0.1737469,2.105845852058972,97462.98,0.09112786
0.1617228,0.174647,2.093863719416009,97467.01,0.09181833
0.1627089,0.1755366,2.083273261534758,97471.15,0.09254407
0.163695,0.1764155,2.073435157164244,97475.46,0.09329183
0.1646811,0.1772835,2.0638527447555757,97479.97,0.09405082
0.1656673,0.1781404,2.0544652251124123,97484.71,0.09481985
0.1666534,0.178986,2.0452871505677988,97489.66,0.09559925
0.1676395,0.1798201,2.036383117248769,97494.83,0.09639062
0.1686256,0.1806425,2.0280363972092834,97500.21,0.09720083
0.1696117,0.181453,2.0215352794464785,97505.83,0.09806148
0.1705978,0.1822514,2.0153861973385103,97511.69,0.09893734
0.171584,0.1830375,2.009342939219193,97517.82,0.09982242
0.1725701,0.1838112,2.0033581736171326,97524.28,0.1007154
0.1735562,0.1845722,1.9974186595657824,97531.08,0.1016158
0.1745423,0.1853203,1.9915621131237369,97538.26,0.1025242
0.1755284,0.1860554,1.9861419997699028,97545.72,0.1034496
0.1765145,0.1867772,1.9821440217923063,97553.46,0.1044181
0.1775006,0.1874856,1.9790299504522713,97561.45,0.105416
0.1784868,0.1881804,1.9760481701487824,97569.71,0.1064234
0.1794729,0.1888613,1.9729991447701178,97578.21,0.1074347
0.180459,0.1895281,1.969818502459722,97587.02,0.1084473
0.1814451,0.1901808,1.9666153593629643,97596.19,0.1094635
0.1824312,0.190819,1.963601419566515,97605.74,0.1104887
0.1834173,0.1914426,1.9610335037211035,97615.69,0.1115296
0.1844034,0.1920514,1.9591731613079657,97626.15,0.1125932
0.1853896,0.1926452,1.9573452188992675,97637.09,0.1136596
0.1863757,0.1932238,1.9551934055664622,97648.33,0.1147174
0.1873618,0.1937869,1.9530550713486994,97659.88,0.1157751
0.1883479,0.1943345,1.951436944053974,97671.89,0.1168469
0.189334,0.1948664,1.949941979152369,97684.43,0.1179198
0.1903201,0.1953822,1.948368043069099,97697.46,0.1189864
0.1913062,0.1958819,1.9465876918846945,97710.99,0.1200412
0.1922924,0.1963651,1.9445750053861057,97725.09,0.1210815
0.1932785,0.1968319,1.9423386439708943,97739.75,0.1221057
0.1942646,0.1972818,1.9398129602764809,97754.91,0.1231096
0.1952507,0.1977148,1.937236969521333,97770.57,0.1240986
0.1962368,0.1981307,1.9350889038331267,97786.91,0.1250861
0.1972229,0.1985292,1.9331194353148413,97803.93,0.1260619
0.198209,0.1989102,1.9311121872205947,97821.54,0.1270168
0.1991952,0.1992734,1.928944124602289,97839.66,0.1279441
0.2001813,0.1996187,1.9265887833401663,97858.22,0.1288399
0.2011674,0.1999459,1.9239860882956699,97877.14,0.1296995
0.2021535,0.2002548,1.921292367599087,97896.38,0.130525
0.2031396,0.2005451,1.9190028838875495,97916.05,0.1313304
0.2041257,0.2008167,1.9170651594749486,97936.04,0.132111
0.2051118,0.2010695,1.9153261566213846,97956.13,0.1328585
0.206098,0.2013031,1.913620255420906,97976.04,0.1335639
0.2070841,0.2015175,1.9120591275512098,97995.58,0.1342278
0.2080702,0.2017123,1.9111691609097212,98014.58,0.1348654
0.2090563,0.2018875,1.9109790509831288,98032.71,0.1354745
0.2100424,0.2020428,1.9114615302753761,98049.59,0.136051
0.2110285,0.202178,1.9130713053426545,98064.93,0.1366078
0.2120147,0.2022929,1.9162875318142596,98078.55,0.1371591
0.2130008,0.2023874,1.9210008449361415,98090.39,0.1376979
0.2139869,0.2024613,1.92610692630321,98100.72,0.1381817
0.214973,0.2025142,1.9306856369331167,98110.48,0.1385748
0.2159591,0.2025462,1.9339513132432984,98121.16,0.1388469
0.2169452,0.2025568,1.9570436496312393,98137.91,0.1397549
0.2188202,0.2025568,1.983587,98158.94,0.1407192
0.2206952,0.2025568,1.998525,98179.79,0.1412594
0.2225702,0.2025568,2.009024,98197.77,0.1416398
0.2244452,0.2025568,2.016521,98211.47,0.1419113
0.2263202,0.2025568,2.021492,98221.14,0.1420914
0.2281952,0.2025568,2.024624,98227.65,0.142205
0.2300702,0.2025568,2.026541,98231.88,0.1422746
0.2319452,0.2025568,2.027699,98234.59,0.1423167
0.2338202,0.2025568,2.028396,98236.3,0.1423421
0.2356952,0.2025568,2.028817,98237.37,0.1423574
0.2375702,0.2025568,2.029065,98238.0,0.1423665
0.2394452,0.2025568,2.029202,98238.33,0.1423715
0.2413202,0.2025568,2.029267,98238.48,0.1423738
0.2431952,0.2025568,2.029294,98238.54,0.1423748
0.2450702,0.2025568,2.029305,98238.56,0.1423752
0.2469452,0.2025568,2.02931,98238.58,0.1423754
0.2488202,0.2025568,2.029313,98238.59,0.1423755
0.2506952,0.2025568,2.029314,98238.59,0.1423756
0.2525702,0.2025568,2.029315,98238.59,0.1423756
0.2544452,0.2025568,2.029315,98238.59,0.1423756
0.2563202,0.2025568,2.029315,98238.59,0.1423756
0.2581952,0.2025568,2.029315,98238.59,0.1423756
0.2600702,0.2025568,2.029315,98238.59,0.1423756
0.2619452,0.2025568,2.029316,98238.59,0.1423756
0.2638202,0.2025568,2.029316,98238.59,0.1423756
0.2656952,0.2025568,2.029316,98238.59,0.1423756
0.2675702,0.2025568,2.029316,98238.59,0.1423756
0.2694452,0.2025568,2.029316,98238.59,0.1423756
0.2713202,0.2025568,2.029316,98238.59,0.1423756
0.2731952,0.2025568,2.029316,98238.59,0.1423756
0.2750702,0.2025568,2.029316,98238.59,0.1423756
0.2769452,0.2025568,2.029316,98238.59,0.1423756
0.2788202,0.2025568,2.029316,98238.59,0.1423756
0.2806952,0.2025568,2.029316,98238.59,0.1423756
0.2825702,0.2025568,2.029316,98238.59,0.1423756
0.2844452,0.2025568,2.029316,98238.59,0.1423756
0.2863202,0.2025568,2.029316,98238.59,0.1423756
0.2881952,0.2025568,2.029316,98238.59,0.1423756
0.2900702,0.2025568,2.029316,98238.59,0.1423756
0.2919452,0.2025568,2.029316,98238.59,0.1423756
0.2938202,0.2025568,2.029316,98238.59,0.1423756
0.2956952,0.2025568,2.029316,98238.59,0.1423756
0.2975702,0.2025568,2.029316,98238.59,0.1423756
0.2994452,0.2025568,2.029316,98238.59,0.1423756
0.3013202,0.2025568,2.029316,98238.59,0.1423756
0.3031952,0.2025568,2.029316,98238.59,0.1423756
0.3050702,0.2025568,2.029316,98238.59,0.1423756
0.3069452,0.2025568,2.029316,98238.59,0.1423756
0.3088202,0.2025568,2.029316,98238.59,0.1423756
0.3106952,0.2025568,2.029316,98238.59,0.1423756
0.3125702,0.2025568,2.029316,98238.59,0.1423756
0.3144452,0.2025568,2.029316,98238.59,0.1423756
0.3163202,0.2025568,2.029316,98238.59,0.1423756
0.3181952,0.2025568,2.029316,98238.59,0.1423756
0.3200702,0.2025568,2.029316,98238.59,0.1423756
0.3219452,0.2025568,2.029316,98238.59,0.1423756
0.3238202,0.2025568,2.029316,98238.59,0.1423756
0.3256952,0.2025568,2.029316,98238.59,0.1423756
0.3275702,0.2025568,2.029316,98238.59,0.1423756
0.3294452,0.2025568,2.029316,98238.59,0.1423756
0.3313202,0.2025568,2.029316,98238.59,0.1423756
0.3331952,0.2025568,2.029316,98238.59,0.1423756
0.3350702,0.2025568,2.029316,98238.59,0.1423756
0.3369452,0.2025568,2.029316,98238.59,0.1423756
0.3388202,0.2025568,2.029316,98238.59,0.1423756
0.3406952,0.2025568,2.029316,98238.59,0.1423756
0.3425702,0.2025568,2.029316,98238.59,0.1423756
0.3444452,0.2025568,2.029316,98238.59,0.1423756
0.3463202,0.2025568,2.029316,98238.59,0.1423756
0.3481952,0.2025568,2.029316,98238.59,0.1423756
0.3500702,0.2025568,2.029316,98238.59,0.1423756
0.3519452,0.2025568,2.029316,98238.59,0.1423756
0.3538202,0.2025568,2.029316,98238.59,0.1423756
0.3556952,0.2025568,2.029316,98238.59,0.1423756
0.3575702,0.2025568,2.029316,98238.59,0.1423756
0.3594452,0.2025568,2.029316,98238.59,0.1423756
0.3613202,0.2025568,2.029316,98238.59,0.1423756
0.3631952,0.2025568,2.029316,98238.59,0.1423756
0.3650702,0.2025568,2.029316,98238.59,0.1423756
0.3669452,0.2025568,2.029316,98238.59,0.1423756
0.3688202,0.2025568,2.029316,98238.59,0.1423756
0.3706952,0.2025568,2.029316,98238.59,0.1423756
0.3725702,0.2025568,2.029316,98238.59,0.1423756
0.3744452,0.2025568,2.029316,98238.59,0.1423756
0.3763202,0.2025568,2.029316,98238.59,0.1423756
0.3781952,0.2025568,2.029316,98238.59,0.1423756
0.3800702,0.2025568,2.029316,98238.59,0.1423756
0.3819452,0.2025568,2.029316,98238.59,0.1423756
0.3838202,0.2025568,2.029316,98238.59,0.1423756
0.3856952,0.2025568,2.029316,98238.59,0.1423756
0.3875702,0.2025568,2.029316,98238.59,0.1423756
0.3894452,0.2025568,2.029316,98238.59,0.1423756
0.3913202,0.2025568,2.029316,98238.59,0.1423756
0.3931952,0.2025568,2.029316,98238.59,0.1423756
0.3950702,0.2025568,2.029316,98238.59,0.1423756
0.3969452,0.2025568,2.029316,98238.59,0.1423756
0.3988202,0.2025568,2.029316,98238.59,0.1423756
0.4006952,0.2025568,2.029316,98238.59,0.1423756
0.4025702,0.2025568,2.029316,98238.59,0.1423756
0.4044452,0.2025568,2.029316,98238.59,0.1423756
0.4063202,0.2025568,2.029316,98238.59,0.1423756
0.4081952,0.2025568,2.029316,98238.59,0.1423756
0.4100702,0.2025568,2.029316,98238.59,0.1423756
0.4119452,0.2025568,2.029316,98238.59,0.1423756
0.4138202,0.2025568,2.029316,98238.59,0.1423756
0.4156952,0.2025568,2.029316,98238.59,0.1423756
0.4175702,0.2025568,2.029316,98238.59,0.1423756
0.4194452,0.2025568,2.029316,98238.59,0.1423756
0.4213202,0.2025568,2.029316,98238.59,0.1423756
0.4231952,0.2025568,2.029316,98238.59,0.1423756
0.4250702,0.2025568,2.029316,98238.59,0.1423756
0.4269452,0.2025568,2.029316,98238.59,0.1423756
0.4288202,0.2025568,2.029316,98238.59,0.1423756
0.4306952,0.2025568,2.029316,98238.59,0.1423756
0.4325702,0.2025568,2.029316,98238.59,0.1423756
0.4344452,0.2025568,2.029316,98238.59,0.1423756
0.4363202,0.2025568,2.029316,98238.59,0.1423756
0.4381952,0.2025568,2.029316,98238.59,0.1423756
0.4400702,0.2025568,2.029316,98238.59,0.1423756
0.4419452,0.2025568,2.029316,98238.59,0.1423756
0.4438202,0.2025568,2.029316,98238.59,0.1423756
0.4456952,0.2025568,2.029316,98238.59,0.1423756
0.4475702,0.2025568,2.029316,98238.59,0.1423756
0.4494452,0.2025568,2.029316,98238.59,0.1423756
0.4513202,0.2025568,2.029316,98238.59,0.1423756
0.4531952,0.2025568,2.029316,98238.59,0.1423756
0.4550702,0.2025568,2.029316,98238.59,0.1423756
0.4569452,0.2025568,2.029316,98238.59,0.1423756
0.4588202,0.2025568,2.029316,98238.59,0.1423756
0.4606952,0.2025568,2.029316,98238.59,0.1423756
0.4625702,0.2025568,2.029315,98238.59,0.1423756
0.4644452,0.2025568,2.029315,98238.59,0.1423756
0.4663202,0.2025568,2.029315,98238.59,0.1423756
0.4681952,0.2025568,2.029315,98238.59,0.1423756
0.4700702,0.2025568,2.029315,98238.6,0.1423756
0.4719452,0.2025568,2.029315,98238.6,0.1423756
0.4738202,0.2025568,2.029315,98238.6,0.1423756
0.4756952,0.2025568,2.029315,98238.6,0.1423756
0.4775702,0.2025568,2.029315,98238.6,0.1423756
0.4794452,0.2025568,2.029315,98238.6,0.1423756
0.4813202,0.2025568,2.029315,98238.6,0.1423756
0.4831952,0.2025568,2.029315,98238.6,0.1423756
0.4850702,0.2025568,2.029315,98238.6,0.1423756
0.4869452,0.2025568,2.029315,98238.6,0.1423756
0.4888202,0.2025568,2.029315,98238.6,0.1423756
0.4906952,0.2025568,2.029315,98238.6,0.1423756
0.4925702,0.2025568,2.029315,98238.6,0.1423756
0.4944452,0.2025568,2.029315,98238.6,0.1423756
0.4963202,0.2025568,2.029315,98238.6,0.1423756
0.4981952,0.2025568,2.029315,98238.6,0.1423756
0.5000702,0.2025568,2.029315,98238.6,0.1423756
0.5019452,0.2025568,2.029315,98238.6,0.1423756
0.5038202,0.2025568,2.029316,98238.6,0.1423756
0.5056952,0.2025568,2.029317,98238.6,0.1423757
0.5075702,0.2025568,2.029322,98238.59,0.1423758
0.5094452,0.2025568,2.029338,98238.58,0.1423764
0.5113202,0.2025568,2.029406,98238.56,0.1423788
0.5131952,0.2025568,2.029741,98238.53,0.1423905
0.5150702,0.2025568,2.031413,98238.49,0.1424491
