"PointID","x","y","Density","Momentum_x","Momentum_y","Energy","Nu_Tilde"
0, -2.268000000000000e-02, 2.000000000000000e-02, 3.777252304738690e+00, 0.000000000000000e+00, 0.000000000000000e+00, 2.593918523456943e+07, 0.000000000000000e+00
1, 1.250200000000000e-01, 5.477226000000000e-02, 2.950287181093007e-02, 0.000000000000000e+00, 0.000000000000000e+00, 2.131805500298857e+05, 0.000000000000000e+00
730, 1.247592264357035e-01, 5.472614609981309e-02, 2.952947937346715e-02, 0.000000000000000e+00, 0.000000000000000e+00, 2.133222509090393e+05, 0.000000000000000e+00
731, 1.244984551723221e-01, 5.468001867917841e-02, 2.958072823959782e-02, 0.000000000000000e+00, 0.000000000000000e+00, 2.136885552406872e+05, 0.000000000000000e+00
732, 1.242377096557596e-01, 5.463374559995363e-02, 2.963192019735020e-02, 0.000000000000000e+00, 0.000000000000000e+00, 2.140548109492025e+05, 0.000000000000000e+00
733, 1.239769889766657e-01, 5.458732363764015e-02, 2.968344058539847e-02, 0.000000000000000e+00, 0.000000000000000e+00, 2.144232848781095e+05, 0.000000000000000e+00
734, 1.237162917546814e-01, 5.454077812060126e-02, 2.973530270356441e-02, 0.000000000000000e+00, 0.000000000000000e+00, 2.147941156072674e+05, 0.000000000000000e+00
735, 1.234556163013989e-01, 5.449411137960169e-02, 2.978744278193848e-02, 0.000000000000000e+00, 0.000000000000000e+00, 2.151669229835873e+05, 0.000000000000000e+00
736, 1.231949626618069e-01, 5.444732278551007e-02, 2.983984926929235e-02, 0.000000000000000e+00, 0.000000000000000e+00, 2.155416472692497e+05, 0.000000000000000e+00
737, 1.229343315638529e-01, 5.440040898697789e-02, 2.989252354536420e-02, 0.000000000000000e+00, 0.000000000000000e+00, 2.159182984027239e+05, 0.000000000000000e+00
738, 1.226737235001168e-01, 5.435336802870325e-02, 2.994547988359842e-02, 0.000000000000000e+00, 0.000000000000000e+00, 2.162969595664397e+05, 0.000000000000000e+00
739, 1.224131383330425e-01, 5.430620073915140e-02, 2.999872439971537e-02, 0.000000000000000e+00, 0.000000000000000e+00, 2.166776710609991e+05, 0.000000000000000e+00
740, 1.221525760309599e-01, 5.425890712603065e-02, 3.005225427116022e-02, 0.000000000000000e+00, 0.000000000000000e+00, 2.170604185082545e+05, 0.000000000000000e+00
741, 1.218920368017264e-01, 5.421148654073917e-02, 3.010607412016189e-02, 0.000000000000000e+00, 0.000000000000000e+00, 2.174452295087147e+05, 0.000000000000000e+00
742, 1.216315145556244e-01, 5.416393854593850e-02, 3.016019028785438e-02, 0.000000000000000e+00, 0.000000000000000e+00, 2.178321433956954e+05, 0.000000000000000e+00
743, 1.213710210391867e-01, 5.411626636498262e-02, 3.021459732258132e-02, 0.000000000000000e+00, 0.000000000000000e+00, 2.182211284577668e+05, 0.000000000000000e+00
744, 1.211105506016566e-01, 5.406846843659121e-02, 3.026929598138326e-02, 0.000000000000000e+00, 0.000000000000000e+00, 2.186121935606171e+05, 0.000000000000000e+00
745, 1.208501033741451e-01, 5.402054440606219e-02, 3.032428948846662e-02, 0.000000000000000e+00, 0.000000000000000e+00, 2.190053583887621e+05, 0.000000000000000e+00
746, 1.205896863959409e-01, 5.397249572265825e-02, 3.037957738400355e-02, 0.000000000000000e+00, 0.000000000000000e+00, 2.194006218842065e+05, 0.000000000000000e+00
747, 1.203292859340331e-01, 5.392431929259341e-02, 3.043516011757497e-02, 0.000000000000000e+00, 0.000000000000000e+00, 2.197979973442388e+05, 0.000000000000000e+00
748, 1.200689093064339e-01, 5.387601438919079e-02, 3.049103805225457e-02, 0.000000000000000e+00, 0.000000000000000e+00, 2.201974866370586e+05, 0.000000000000000e+00
749, 1.198085568619844e-01, 5.382757991743629e-02, 3.054722296245241e-02, 0.000000000000000e+00, 0.000000000000000e+00, 2.205991582361877e+05, 0.000000000000000e+00
750, 1.195482208477998e-01, 5.377901566185880e-02, 3.060372349228884e-02, 0.000000000000000e+00, 0.000000000000000e+00, 2.210030653874211e+05, 0.000000000000000e+00
751, 1.192879158344279e-01, 5.373032585704160e-02, 3.066053226586672e-02, 0.000000000000000e+00, 0.000000000000000e+00, 2.214091640605597e+05, 0.000000000000000e+00
752, 1.190276424225175e-01, 5.368151036963988e-02, 3.071764389239899e-02, 0.000000000000000e+00, 0.000000000000000e+00, 2.218174290786186e+05, 0.000000000000000e+00
753, 1.187673856029878e-01, 5.363256459981270e-02, 3.077506174842615e-02, 0.000000000000000e+00, 0.000000000000000e+00, 2.222278876333164e+05, 0.000000000000000e+00
754, 1.185070782456145e-01, 5.358347430745512e-02, 3.083281025216183e-02, 0.000000000000000e+00, 0.000000000000000e+00, 2.226407024173281e+05, 0.000000000000000e+00
755, 1.182469224892384e-01, 5.353427811037050e-02, 3.089085322317298e-02, 0.000000000000000e+00, 0.000000000000000e+00, 2.230556038703929e+05, 0.000000000000000e+00
756, 1.179866870443897e-01, 5.348493361689695e-02, 3.094924277645140e-02, 0.000000000000000e+00, 0.000000000000000e+00, 2.234729656832442e+05, 0.000000000000000e+00
757, 1.177265804413341e-01, 5.343548099423524e-02, 3.100792576299288e-02, 0.000000000000000e+00, 0.000000000000000e+00, 2.238924228839892e+05, 0.000000000000000e+00
758, 1.174664684675190e-01, 5.338589308669706e-02, 3.106692964783761e-02, 0.000000000000000e+00, 0.000000000000000e+00, 2.243141809707941e+05, 0.000000000000000e+00
759, 1.172063591588212e-01, 5.333616927397992e-02, 3.112625984482234e-02, 0.000000000000000e+00, 0.000000000000000e+00, 2.247382698495245e+05, 0.000000000000000e+00
760, 1.169462788022903e-01, 5.328631421974769e-02, 3.118592361845205e-02, 0.000000000000000e+00, 0.000000000000000e+00, 2.251647236214975e+05, 0.000000000000000e+00
761, 1.166862197458429e-01, 5.323632828313751e-02, 3.124592594031011e-02, 0.000000000000000e+00, 0.000000000000000e+00, 2.255935745744179e+05, 0.000000000000000e+00
762, 1.164261854608350e-01, 5.318621332545419e-02, 3.130625923255474e-02, 0.000000000000000e+00, 0.000000000000000e+00, 2.260247830194140e+05, 0.000000000000000e+00
763, 1.161661762510151e-01, 5.313596836865826e-02, 3.136692203070657e-02, 0.000000000000000e+00, 0.000000000000000e+00, 2.264583442010169e+05, 0.000000000000000e+00
764, 1.159061892918255e-01, 5.308559199624190e-02, 3.142792029349319e-02, 0.000000000000000e+00, 0.000000000000000e+00, 2.268942943421023e+05, 0.000000000000000e+00
765, 1.156462309920779e-01, 5.303508557496250e-02, 3.148925436903857e-02, 0.000000000000000e+00, 0.000000000000000e+00, 2.273326400122156e+05, 0.000000000000000e+00
766, 1.153862983213056e-01, 5.298444738779312e-02, 3.155092322582360e-02, 0.000000000000000e+00, 0.000000000000000e+00, 2.277733819737509e+05, 0.000000000000000e+00
767, 1.151263916395426e-01, 5.293367563687419e-02, 3.161293286945752e-02, 0.000000000000000e+00, 0.000000000000000e+00, 2.282165560159223e+05, 0.000000000000000e+00
768, 1.148665137031607e-01, 5.288277059719020e-02, 3.167529562246080e-02, 0.000000000000000e+00, 0.000000000000000e+00, 2.286622324136574e+05, 0.000000000000000e+00
769, 1.146066590392850e-01, 5.283173306701305e-02, 3.173801554950183e-02, 0.000000000000000e+00, 0.000000000000000e+00, 2.291104377793578e+05, 0.000000000000000e+00
770, 1.143468300771612e-01, 5.278056460820677e-02, 3.180108522860598e-02, 0.000000000000000e+00, 0.000000000000000e+00, 2.295611342721808e+05, 0.000000000000000e+00
771, 1.140870271521668e-01, 5.272926418448504e-02, 3.186450366148158e-02, 0.000000000000000e+00, 0.000000000000000e+00, 2.300143199402214e+05, 0.000000000000000e+00
772, 1.138272489887603e-01, 5.267783072023097e-02, 3.192827785914294e-02, 0.000000000000000e+00, 0.000000000000000e+00, 2.304700358283837e+05, 0.000000000000000e+00
773, 1.135674989578283e-01, 5.262626540660345e-02, 3.199240570094850e-02, 0.000000000000000e+00, 0.000000000000000e+00, 2.309282785928149e+05, 0.000000000000000e+00
774, 1.133077756650485e-01, 5.257456577154400e-02, 3.205688248885966e-02, 0.000000000000000e+00, 0.000000000000000e+00, 2.313890296357577e+05, 0.000000000000000e+00
775, 1.130480797348101e-01, 5.252272872875379e-02, 3.212172021356238e-02, 0.000000000000000e+00, 0.000000000000000e+00, 2.318523574068312e+05, 0.000000000000000e+00
776, 1.127884112228749e-01, 5.247075447714854e-02, 3.218694132363357e-02, 0.000000000000000e+00, 0.000000000000000e+00, 2.323183866036909e+05, 0.000000000000000e+00
777, 1.125287694791219e-01, 5.241864706636879e-02, 3.225254793958479e-02, 0.000000000000000e+00, 0.000000000000000e+00, 2.327871301285464e+05, 0.000000000000000e+00
778, 1.122691535167528e-01, 5.236640859928194e-02, 3.231852211711678e-02, 0.000000000000000e+00, 0.000000000000000e+00, 2.332584954754799e+05, 0.000000000000000e+00
779, 1.120095636296323e-01, 5.231403656495777e-02, 3.238485612985548e-02, 0.000000000000000e+00, 0.000000000000000e+00, 2.337324450666814e+05, 0.000000000000000e+00
780, 1.117500023504794e-01, 5.226152868118574e-02, 3.245156035080244e-02, 0.000000000000000e+00, 0.000000000000000e+00, 2.342090389129392e+05, 0.000000000000000e+00
781, 1.114904681504583e-01, 5.220888425287953e-02, 3.251864869886239e-02, 0.000000000000000e+00, 0.000000000000000e+00, 2.346883604593181e+05, 0.000000000000000e+00
782, 1.112309615313072e-01, 5.215610423463388e-02, 3.258612470782132e-02, 0.000000000000000e+00, 0.000000000000000e+00, 2.351704318611940e+05, 0.000000000000000e+00
783, 1.109714804771680e-01, 5.210318884704760e-02, 3.265398623484401e-02, 0.000000000000000e+00, 0.000000000000000e+00, 2.356552464734878e+05, 0.000000000000000e+00
784, 1.107120288669744e-01, 5.205013820787195e-02, 3.272223030381215e-02, 0.000000000000000e+00, 0.000000000000000e+00, 2.361427931914959e+05, 0.000000000000000e+00
785, 1.104525882960305e-01, 5.199694694049340e-02, 3.279086444230361e-02, 0.000000000000000e+00, 0.000000000000000e+00, 2.366331255314272e+05, 0.000000000000000e+00
786, 1.101931352709523e-01, 5.194360911299659e-02, 3.285990669863353e-02, 0.000000000000000e+00, 0.000000000000000e+00, 2.371263574635226e+05, 0.000000000000000e+00
787, 1.099338209564853e-01, 5.189015682637396e-02, 3.292932383247428e-02, 0.000000000000000e+00, 0.000000000000000e+00, 2.376222429172886e+05, 0.000000000000000e+00
788, 1.096744316138105e-01, 5.183654722548801e-02, 3.299916996480216e-02, 0.000000000000000e+00, 0.000000000000000e+00, 2.381211779613644e+05, 0.000000000000000e+00
789, 1.094151940826154e-01, 5.178282668632562e-02, 3.306938232988597e-02, 0.000000000000000e+00, 0.000000000000000e+00, 2.386227218596409e+05, 0.000000000000000e+00
790, 1.091559122084865e-01, 5.172895387508543e-02, 3.314001832799732e-02, 0.000000000000000e+00, 0.000000000000000e+00, 2.391272810279107e+05, 0.000000000000000e+00
791, 1.088966591431097e-01, 5.167494378814932e-02, 3.321106127113629e-02, 0.000000000000000e+00, 0.000000000000000e+00, 2.396347369731829e+05, 0.000000000000000e+00
792, 1.086374349722807e-01, 5.162079586484640e-02, 3.328251125813369e-02, 0.000000000000000e+00, 0.000000000000000e+00, 2.401450981618761e+05, 0.000000000000000e+00
793, 1.083782267435449e-01, 5.156650582538666e-02, 3.335437668064217e-02, 0.000000000000000e+00, 0.000000000000000e+00, 2.406584197629415e+05, 0.000000000000000e+00
794, 1.081190600750084e-01, 5.151207873072082e-02, 3.342665851777512e-02, 0.000000000000000e+00, 0.000000000000000e+00, 2.411747026050740e+05, 0.000000000000000e+00
795, 1.078599228974891e-01, 5.145751196925739e-02, 3.349936195388714e-02, 0.000000000000000e+00, 0.000000000000000e+00, 2.416939858371909e+05, 0.000000000000000e+00
796, 1.076008153829452e-01, 5.140280500958778e-02, 3.357248993511618e-02, 0.000000000000000e+00, 0.000000000000000e+00, 2.422162895736150e+05, 0.000000000000000e+00
797, 1.073417552843140e-01, 5.134796142199820e-02, 3.364604667168484e-02, 0.000000000000000e+00, 0.000000000000000e+00, 2.427416319795125e+05, 0.000000000000000e+00
798, 1.070827083758290e-01, 5.129297531919255e-02, 3.372004329405157e-02, 0.000000000000000e+00, 0.000000000000000e+00, 2.432700939098226e+05, 0.000000000000000e+00
799, 1.068236910732685e-01, 5.123785039111311e-02, 3.379447200794799e-02, 0.000000000000000e+00, 0.000000000000000e+00, 2.438016310069807e+05, 0.000000000000000e+00
800, 1.065647015929222e-01, 5.118258538470877e-02, 3.386933493312343e-02, 0.000000000000000e+00, 0.000000000000000e+00, 2.443362610079027e+05, 0.000000000000000e+00
801, 1.063057430494536e-01, 5.112718028350377e-02, 3.394463602884283e-02, 0.000000000000000e+00, 0.000000000000000e+00, 2.448740088103945e+05, 0.000000000000000e+00
802, 1.060468142921062e-01, 5.107163452554495e-02, 3.402038303718490e-02, 0.000000000000000e+00, 0.000000000000000e+00, 2.454149231936128e+05, 0.000000000000000e+00
803, 1.057879134329502e-01, 5.101594810347816e-02, 3.409658112826325e-02, 0.000000000000000e+00, 0.000000000000000e+00, 2.459590361700769e+05, 0.000000000000000e+00
804, 1.055290474990856e-01, 5.096012320466996e-02, 3.417322551202352e-02, 0.000000000000000e+00, 0.000000000000000e+00, 2.465063260825606e+05, 0.000000000000000e+00
805, 1.052702097678651e-01, 5.090415702232745e-02, 3.425031408312632e-02, 0.000000000000000e+00, 0.000000000000000e+00, 2.470567942848231e+05, 0.000000000000000e+00
806, 1.050114033050477e-01, 5.084804759222981e-02, 3.432785515228008e-02, 0.000000000000000e+00, 0.000000000000000e+00, 2.476104883472832e+05, 0.000000000000000e+00
807, 1.047526131720568e-01, 5.079179146059276e-02, 3.440586525441074e-02, 0.000000000000000e+00, 0.000000000000000e+00, 2.481675150501521e+05, 0.000000000000000e+00
808, 1.044938702435457e-01, 5.073539535490312e-02, 3.448433608130740e-02, 0.000000000000000e+00, 0.000000000000000e+00, 2.487278196054219e+05, 0.000000000000000e+00
809, 1.042351692600050e-01, 5.067885736746326e-02, 3.456327353305899e-02, 0.000000000000000e+00, 0.000000000000000e+00, 2.492914409782357e+05, 0.000000000000000e+00
810, 1.039764875856117e-01, 5.062217263177783e-02, 3.464269691964576e-02, 0.000000000000000e+00, 0.000000000000000e+00, 2.498584986929990e+05, 0.000000000000000e+00
811, 1.037178354792447e-01, 5.056534553034784e-02, 3.472260289063356e-02, 0.000000000000000e+00, 0.000000000000000e+00, 2.504289737453903e+05, 0.000000000000000e+00
812, 1.034592183781955e-01, 5.050837746928057e-02, 3.480298356077580e-02, 0.000000000000000e+00, 0.000000000000000e+00, 2.510028277798628e+05, 0.000000000000000e+00
813, 1.032006312653795e-01, 5.045126607066883e-02, 3.488384271770593e-02, 0.000000000000000e+00, 0.000000000000000e+00, 2.515800895855890e+05, 0.000000000000000e+00
814, 1.029420746952456e-01, 5.039401074636631e-02, 3.496518752725986e-02, 0.000000000000000e+00, 0.000000000000000e+00, 2.521608036491286e+05, 0.000000000000000e+00
815, 1.026835493939808e-01, 5.033661152977681e-02, 3.504701963379323e-02, 0.000000000000000e+00, 0.000000000000000e+00, 2.527449895439512e+05, 0.000000000000000e+00
816, 1.024250436326637e-01, 5.027906421614798e-02, 3.512934443775004e-02, 0.000000000000000e+00, 0.000000000000000e+00, 2.533326888050924e+05, 0.000000000000000e+00
817, 1.021665226668281e-01, 5.022135982883082e-02, 3.521218680445250e-02, 0.000000000000000e+00, 0.000000000000000e+00, 2.539240612482991e+05, 0.000000000000000e+00
818, 1.019081461774051e-01, 5.016353503212535e-02, 3.529550508601791e-02, 0.000000000000000e+00, 0.000000000000000e+00, 2.545187975003187e+05, 0.000000000000000e+00
819, 1.016497044794459e-01, 5.010554434188626e-02, 3.537936285804530e-02, 0.000000000000000e+00, 0.000000000000000e+00, 2.551173185380670e+05, 0.000000000000000e+00
820, 1.013914130046047e-01, 5.004743572356353e-02, 3.546368729574657e-02, 0.000000000000000e+00, 0.000000000000000e+00, 2.557192563896273e+05, 0.000000000000000e+00
821, 1.011330845208990e-01, 4.998916467684124e-02, 3.554853777186117e-02, 0.000000000000000e+00, 0.000000000000000e+00, 2.563249086277403e+05, 0.000000000000000e+00
822, 1.008747899967955e-01, 4.993074534257593e-02, 3.563390968629362e-02, 0.000000000000000e+00, 0.000000000000000e+00, 2.569342620442751e+05, 0.000000000000000e+00
823, 1.006165291797615e-01, 4.987217881271636e-02, 3.571981620854094e-02, 0.000000000000000e+00, 0.000000000000000e+00, 2.575473930948323e+05, 0.000000000000000e+00
824, 1.003582831660669e-01, 4.981346247545997e-02, 3.580625920161496e-02, 0.000000000000000e+00, 0.000000000000000e+00, 2.581643285948921e+05, 0.000000000000000e+00
825, 1.001000874944267e-01, 4.975460389019085e-02, 3.589322551237790e-02, 0.000000000000000e+00, 0.000000000000000e+00, 2.587849841665365e+05, 0.000000000000000e+00
826, 9.984192564136325e-02, 4.969559876456006e-02, 3.598072659445390e-02, 0.000000000000000e+00, 0.000000000000000e+00, 2.594094364780538e+05, 0.000000000000000e+00
827, 9.958379774597192e-02, 4.963644722246864e-02, 3.606876531972897e-02, 0.000000000000000e+00, 0.000000000000000e+00, 2.600377098630825e+05, 0.000000000000000e+00
828, 9.932571748161488e-02, 4.957715158130228e-02, 3.615733594062885e-02, 0.000000000000000e+00, 0.000000000000000e+00, 2.606697767480514e+05, 0.000000000000000e+00
829, 9.906765655394570e-02, 4.951770324613691e-02, 3.624645512055030e-02, 0.000000000000000e+00, 0.000000000000000e+00, 2.613057500138319e+05, 0.000000000000000e+00
830, 9.880963044153476e-02, 4.945810516580014e-02, 3.633613308783954e-02, 0.000000000000000e+00, 0.000000000000000e+00, 2.619456833114062e+05, 0.000000000000000e+00
831, 9.855163918030829e-02, 4.939835837485625e-02, 3.642637609759352e-02, 0.000000000000000e+00, 0.000000000000000e+00, 2.625896156614667e+05, 0.000000000000000e+00
832, 9.829368544374248e-02, 4.933846423914948e-02, 3.651718005784769e-02, 0.000000000000000e+00, 0.000000000000000e+00, 2.632375313969671e+05, 0.000000000000000e+00
833, 9.803576312529340e-02, 4.927842043597291e-02, 3.660854701076936e-02, 0.000000000000000e+00, 0.000000000000000e+00, 2.638894551791727e+05, 0.000000000000000e+00
834, 9.777787624181117e-02, 4.921822660582996e-02, 3.670048201787227e-02, 0.000000000000000e+00, 0.000000000000000e+00, 2.645454185589311e+05, 0.000000000000000e+00
835, 9.752002366038282e-02, 4.915788197453451e-02, 3.679299624908576e-02, 0.000000000000000e+00, 0.000000000000000e+00, 2.652054914867774e+05, 0.000000000000000e+00
836, 9.726220590766453e-02, 4.909738689616513e-02, 3.688609411610234e-02, 0.000000000000000e+00, 0.000000000000000e+00, 2.658697048971310e+05, 0.000000000000000e+00
837, 9.700442411461044e-02, 4.903674144966000e-02, 3.697977785937925e-02, 0.000000000000000e+00, 0.000000000000000e+00, 2.665380773075539e+05, 0.000000000000000e+00
838, 9.674667837757824e-02, 4.897594534318316e-02, 3.707405682390009e-02, 0.000000000000000e+00, 0.000000000000000e+00, 2.672106653659913e+05, 0.000000000000000e+00
839, 9.648896342018481e-02, 4.891499829642224e-02, 3.716893734620028e-02, 0.000000000000000e+00, 0.000000000000000e+00, 2.678875120388823e+05, 0.000000000000000e+00
840, 9.623128827117998e-02, 4.885390287020837e-02, 3.726441076511362e-02, 0.000000000000000e+00, 0.000000000000000e+00, 2.685685782932434e+05, 0.000000000000000e+00
841, 9.597363473928545e-02, 4.879265259003491e-02, 3.736048397274340e-02, 0.000000000000000e+00, 0.000000000000000e+00, 2.692539232703919e+05, 0.000000000000000e+00
842, 9.571603096456203e-02, 4.873125222584537e-02, 3.745716138220835e-02, 0.000000000000000e+00, 0.000000000000000e+00, 2.699435600351450e+05, 0.000000000000000e+00
843, 9.545848370922204e-02, 4.866970363999369e-02, 3.755444925212741e-02, 0.000000000000000e+00, 0.000000000000000e+00, 2.706375306947103e+05, 0.000000000000000e+00
844, 9.520095182691429e-02, 4.860799622433117e-02, 3.765236242048525e-02, 0.000000000000000e+00, 0.000000000000000e+00, 2.713359514485911e+05, 0.000000000000000e+00
845, 9.494345780336141e-02, 4.854613381409958e-02, 3.775091125196019e-02, 0.000000000000000e+00, 0.000000000000000e+00, 2.720388661946579e+05, 0.000000000000000e+00
846, 9.468600113711437e-02, 4.848411884695884e-02, 3.785011343883221e-02, 0.000000000000000e+00, 0.000000000000000e+00, 2.727463714786919e+05, 0.000000000000000e+00
847, 9.442858105889564e-02, 4.842195478158616e-02, 3.794995390863797e-02, 0.000000000000000e+00, 0.000000000000000e+00, 2.734583978974710e+05, 0.000000000000000e+00
848, 9.417119815936204e-02, 4.835964004200387e-02, 3.805040945660810e-02, 0.000000000000000e+00, 0.000000000000000e+00, 2.741748410714706e+05, 0.000000000000000e+00
849, 9.391385386528645e-02, 4.829716902745049e-02, 3.815148988752649e-02, 0.000000000000000e+00, 0.000000000000000e+00, 2.748957648328129e+05, 0.000000000000000e+00
850, 9.365654978978344e-02, 4.823453944948580e-02, 3.825323814633047e-02, 0.000000000000000e+00, 0.000000000000000e+00, 2.756214020433292e+05, 0.000000000000000e+00
851, 9.339928104607087e-02, 4.817175424790645e-02, 3.835567681924255e-02, 0.000000000000000e+00, 0.000000000000000e+00, 2.763518793398015e+05, 0.000000000000000e+00
852, 9.314204689957482e-02, 4.810881729827202e-02, 3.845878456450862e-02, 0.000000000000000e+00, 0.000000000000000e+00, 2.770870934100059e+05, 0.000000000000000e+00
853, 9.288485099614616e-02, 4.804572768465505e-02, 3.856254305189274e-02, 0.000000000000000e+00, 0.000000000000000e+00, 2.778269588440404e+05, 0.000000000000000e+00
854, 9.262768557569082e-02, 4.798247979970417e-02, 3.866696887168079e-02, 0.000000000000000e+00, 0.000000000000000e+00, 2.785715794721186e+05, 0.000000000000000e+00
855, 9.237056543982054e-02, 4.791907639302624e-02, 3.877207698684999e-02, 0.000000000000000e+00, 0.000000000000000e+00, 2.793210375529590e+05, 0.000000000000000e+00
856, 9.211348480030289e-02, 4.785551630430684e-02, 3.887787535344317e-02, 0.000000000000000e+00, 0.000000000000000e+00, 2.800753910889318e+05, 0.000000000000000e+00
857, 9.185644389672069e-02, 4.779179895328586e-02, 3.898436844384338e-02, 0.000000000000000e+00, 0.000000000000000e+00, 2.808346723491004e+05, 0.000000000000000e+00
858, 9.159946220038495e-02, 4.772792898055411e-02, 3.909156219841670e-02, 0.000000000000000e+00, 0.000000000000000e+00, 2.815989062815246e+05, 0.000000000000000e+00
859, 9.134249808793532e-02, 4.766389753113767e-02, 3.919947696216358e-02, 0.000000000000000e+00, 0.000000000000000e+00, 2.823682405809258e+05, 0.000000000000000e+00
860, 9.108557363579411e-02, 4.759971013476189e-02, 3.930810134815737e-02, 0.000000000000000e+00, 0.000000000000000e+00, 2.831426105316891e+05, 0.000000000000000e+00
861, 9.082868929359877e-02, 4.753536589186340e-02, 3.941743926915024e-02, 0.000000000000000e+00, 0.000000000000000e+00, 2.839220477301885e+05, 0.000000000000000e+00
862, 9.057184945311655e-02, 4.747086505086386e-02, 3.952749875001587e-02, 0.000000000000000e+00, 0.000000000000000e+00, 2.847066016693189e+05, 0.000000000000000e+00
863, 9.031504480887700e-02, 4.740620514698889e-02, 3.963829624884381e-02, 0.000000000000000e+00, 0.000000000000000e+00, 2.854963775567278e+05, 0.000000000000000e+00
864, 9.005827976512761e-02, 4.734138800257376e-02, 3.974983737037109e-02, 0.000000000000000e+00, 0.000000000000000e+00, 2.862914079799046e+05, 0.000000000000000e+00
865, 8.980155407107286e-02, 4.727641451915236e-02, 3.986211089138531e-02, 0.000000000000000e+00, 0.000000000000000e+00, 2.870916557528223e+05, 0.000000000000000e+00
866, 8.954486411674525e-02, 4.721127974462064e-02, 3.997511121086395e-02, 0.000000000000000e+00, 0.000000000000000e+00, 2.878971138906055e+05, 0.000000000000000e+00
867, 8.928822449960878e-02, 4.714598269911853e-02, 4.008886669030313e-02, 0.000000000000000e+00, 0.000000000000000e+00, 2.887079287622557e+05, 0.000000000000000e+00
868, 8.903162283690808e-02, 4.708052211766548e-02, 4.020342238572661e-02, 0.000000000000000e+00, 0.000000000000000e+00, 2.895243523766420e+05, 0.000000000000000e+00
869, 8.877506547217882e-02, 4.701490501756025e-02, 4.031876663294943e-02, 0.000000000000000e+00, 0.000000000000000e+00, 2.903463251520598e+05, 0.000000000000000e+00
870, 8.851854481631106e-02, 4.694913001245159e-02, 4.043487782736105e-02, 0.000000000000000e+00, 0.000000000000000e+00, 2.911737557556715e+05, 0.000000000000000e+00
871, 8.826206580205843e-02, 4.688319492511009e-02, 4.055175677979204e-02, 0.000000000000000e+00, 0.000000000000000e+00, 2.920066581580911e+05, 0.000000000000000e+00
872, 8.800562697201515e-02, 4.681709744883956e-02, 4.066942696110866e-02, 0.000000000000000e+00, 0.000000000000000e+00, 2.928451712294269e+05, 0.000000000000000e+00
873, 8.774923078698764e-02, 4.675083839594722e-02, 4.078789570344722e-02, 0.000000000000000e+00, 0.000000000000000e+00, 2.936893506975952e+05, 0.000000000000000e+00
874, 8.749287761295724e-02, 4.668441632344632e-02, 4.090716629606466e-02, 0.000000000000000e+00, 0.000000000000000e+00, 2.945392260244965e+05, 0.000000000000000e+00
875, 8.723656226728176e-02, 4.661782869375421e-02, 4.102726939265344e-02, 0.000000000000000e+00, 0.000000000000000e+00, 2.953949692192329e+05, 0.000000000000000e+00
876, 8.698029461796684e-02, 4.655108152670806e-02, 4.114821667938088e-02, 0.000000000000000e+00, 0.000000000000000e+00, 2.962566372533770e+05, 0.000000000000000e+00
877, 8.672406801591795e-02, 4.648417639056682e-02, 4.126998650795714e-02, 0.000000000000000e+00, 0.000000000000000e+00, 2.971241412337975e+05, 0.000000000000000e+00
878, 8.646787938103304e-02, 4.641710885323846e-02, 4.139255958333923e-02, 0.000000000000000e+00, 0.000000000000000e+00, 2.979974081786096e+05, 0.000000000000000e+00
879, 8.621173936428897e-02, 4.634987550353096e-02, 4.151595984691855e-02, 0.000000000000000e+00, 0.000000000000000e+00, 2.988765690329752e+05, 0.000000000000000e+00
880, 8.595564134462079e-02, 4.628247414138675e-02, 4.164024119897351e-02, 0.000000000000000e+00, 0.000000000000000e+00, 2.997619207090586e+05, 0.000000000000000e+00
881, 8.569958262473214e-02, 4.621490905132426e-02, 4.176541330540802e-02, 0.000000000000000e+00, 0.000000000000000e+00, 3.006535223416263e+05, 0.000000000000000e+00
882, 8.544357275933580e-02, 4.614718526827623e-02, 4.189144456760266e-02, 0.000000000000000e+00, 0.000000000000000e+00, 3.015512168823342e+05, 0.000000000000000e+00
883, 8.518760283811352e-02, 4.607929735462257e-02, 4.201833306350822e-02, 0.000000000000000e+00, 0.000000000000000e+00, 3.024550202206907e+05, 0.000000000000000e+00
884, 8.493167668354026e-02, 4.601124357469701e-02, 4.214610105418647e-02, 0.000000000000000e+00, 0.000000000000000e+00, 3.033650598279962e+05, 0.000000000000000e+00
885, 8.467579589238843e-02, 4.594302453889829e-02, 4.227476200358776e-02, 0.000000000000000e+00, 0.000000000000000e+00, 3.042814270433605e+05, 0.000000000000000e+00
886, 8.441995464831203e-02, 4.587463746580012e-02, 4.240432270412980e-02, 0.000000000000000e+00, 0.000000000000000e+00, 3.052041777135615e+05, 0.000000000000000e+00
887, 8.416416424964444e-02, 4.580608419168913e-02, 4.253479710509716e-02, 0.000000000000000e+00, 0.000000000000000e+00, 3.061333878198658e+05, 0.000000000000000e+00
888, 8.390841845037626e-02, 4.573736412528132e-02, 4.266620241349108e-02, 0.000000000000000e+00, 0.000000000000000e+00, 3.070691659339087e+05, 0.000000000000000e+00
889, 8.365271505371490e-02, 4.566847764548686e-02, 4.279853840860971e-02, 0.000000000000000e+00, 0.000000000000000e+00, 3.080115275267602e+05, 0.000000000000000e+00
890, 8.339705766988741e-02, 4.559942495700483e-02, 4.293181285837922e-02, 0.000000000000000e+00, 0.000000000000000e+00, 3.089605231383643e+05, 0.000000000000000e+00
891, 8.314144428826876e-02, 4.553020620870837e-02, 4.306603734324936e-02, 0.000000000000000e+00, 0.000000000000000e+00, 3.099162274098098e+05, 0.000000000000000e+00
892, 8.288587571150696e-02, 4.546082207946468e-02, 4.320120599064575e-02, 0.000000000000000e+00, 0.000000000000000e+00, 3.108786334223514e+05, 0.000000000000000e+00
893, 8.263035389989053e-02, 4.539127019245805e-02, 4.333731841731443e-02, 0.000000000000000e+00, 0.000000000000000e+00, 3.118477587800181e+05, 0.000000000000000e+00
894, 8.237487490652909e-02, 4.532154661747891e-02, 4.347440618726703e-02, 0.000000000000000e+00, 0.000000000000000e+00, 3.128237868416928e+05, 0.000000000000000e+00
895, 8.211937912818920e-02, 4.525163611197534e-02, 4.361252860061055e-02, 0.000000000000000e+00, 0.000000000000000e+00, 3.138071022992369e+05, 0.000000000000000e+00
896, 8.186403851094524e-02, 4.518158783123101e-02, 4.375158962805271e-02, 0.000000000000000e+00, 0.000000000000000e+00, 3.147970434620233e+05, 0.000000000000000e+00
897, 8.160865191849771e-02, 4.511134608803574e-02, 4.389169955189000e-02, 0.000000000000000e+00, 0.000000000000000e+00, 3.157944092165604e+05, 0.000000000000000e+00
898, 8.135343549489056e-02, 4.504096970373497e-02, 4.403275179983041e-02, 0.000000000000000e+00, 0.000000000000000e+00, 3.167984347869465e+05, 0.000000000000000e+00
899, 8.109818792608774e-02, 4.497040347179618e-02, 4.417486263636323e-02, 0.000000000000000e+00, 0.000000000000000e+00, 3.178099574556531e+05, 0.000000000000000e+00
900, 8.084298899965742e-02, 4.489966775955671e-02, 4.431798849227968e-02, 0.000000000000000e+00, 0.000000000000000e+00, 3.188286923742887e+05, 0.000000000000000e+00
901, 8.058784292484705e-02, 4.482876097642881e-02, 4.446214787872128e-02, 0.000000000000000e+00, 0.000000000000000e+00, 3.198547484500341e+05, 0.000000000000000e+00
902, 8.033274128962073e-02, 4.475768081363267e-02, 4.460737071718338e-02, 0.000000000000000e+00, 0.000000000000000e+00, 3.208883104249423e+05, 0.000000000000000e+00
903, 8.007768695574149e-02, 4.468642888195169e-02, 4.475366052896883e-02, 0.000000000000000e+00, 0.000000000000000e+00, 3.219294099498572e+05, 0.000000000000000e+00
904, 7.982268137193375e-02, 4.461500519484628e-02, 4.490102471684984e-02, 0.000000000000000e+00, 0.000000000000000e+00, 3.229781024920775e+05, 0.000000000000000e+00
905, 7.956772476697892e-02, 4.454340981848311e-02, 4.504947527521981e-02, 0.000000000000000e+00, 0.000000000000000e+00, 3.240344671160908e+05, 0.000000000000000e+00
906, 7.931280682067686e-02, 4.447164007696339e-02, 4.519902482164316e-02, 0.000000000000000e+00, 0.000000000000000e+00, 3.250986001291708e+05, 0.000000000000000e+00
907, 7.905795312090366e-02, 4.439970254367755e-02, 4.534966827476521e-02, 0.000000000000000e+00, 0.000000000000000e+00, 3.261704678334725e+05, 0.000000000000000e+00
908, 7.880314172328612e-02, 4.432759065365298e-02, 4.550143003734505e-02, 0.000000000000000e+00, 0.000000000000000e+00, 3.272502391404120e+05, 0.000000000000000e+00
909, 7.854837902815989e-02, 4.425530596630876e-02, 4.565431518601860e-02, 0.000000000000000e+00, 0.000000000000000e+00, 3.283379585060375e+05, 0.000000000000000e+00
910, 7.829366184755099e-02, 4.418284640320669e-02, 4.580833449922258e-02, 0.000000000000000e+00, 0.000000000000000e+00, 3.294337066467385e+05, 0.000000000000000e+00
911, 7.803900119255720e-02, 4.411021405036282e-02, 4.596350025569738e-02, 0.000000000000000e+00, 0.000000000000000e+00, 3.305375551996559e+05, 0.000000000000000e+00
912, 7.778438741129702e-02, 4.403740635959282e-02, 4.611983482275656e-02, 0.000000000000000e+00, 0.000000000000000e+00, 3.316496519389406e+05, 0.000000000000000e+00
913, 7.752981980829596e-02, 4.396442342049448e-02, 4.627734476157117e-02, 0.000000000000000e+00, 0.000000000000000e+00, 3.327700514857281e+05, 0.000000000000000e+00
914, 7.727530518708021e-02, 4.389126659928566e-02, 4.643603891241037e-02, 0.000000000000000e+00, 0.000000000000000e+00, 3.338988136579441e+05, 0.000000000000000e+00
915, 7.702084274014563e-02, 4.381793580190876e-02, 4.659593103650631e-02, 0.000000000000000e+00, 0.000000000000000e+00, 3.350360286246117e+05, 0.000000000000000e+00
916, 7.676643224236555e-02, 4.374443120689517e-02, 4.675702405314681e-02, 0.000000000000000e+00, 0.000000000000000e+00, 3.361817405639631e+05, 0.000000000000000e+00
917, 7.651206640050189e-02, 4.367074872233975e-02, 4.691932959462061e-02, 0.000000000000000e+00, 0.000000000000000e+00, 3.373360444974040e+05, 0.000000000000000e+00
918, 7.625775413115210e-02, 4.359688918342457e-02, 4.708286569962682e-02, 0.000000000000000e+00, 0.000000000000000e+00, 3.384990461187920e+05, 0.000000000000000e+00
919, 7.600349558697748e-02, 4.352285262095601e-02, 4.724764700891631e-02, 0.000000000000000e+00, 0.000000000000000e+00, 3.396708508067863e+05, 0.000000000000000e+00
920, 7.574929144533227e-02, 4.344863790926139e-02, 4.741368156157488e-02, 0.000000000000000e+00, 0.000000000000000e+00, 3.408515230699682e+05, 0.000000000000000e+00
921, 7.549513430213127e-02, 4.337424165860982e-02, 4.758101609903135e-02, 0.000000000000000e+00, 0.000000000000000e+00, 3.420413254287073e+05, 0.000000000000000e+00
922, 7.524102968635837e-02, 4.329966997832028e-02, 4.774966977599276e-02, 0.000000000000000e+00, 0.000000000000000e+00, 3.432403590506789e+05, 0.000000000000000e+00
923, 7.498697777035904e-02, 4.322492657094829e-02, 4.791960228950810e-02, 0.000000000000000e+00, 0.000000000000000e+00, 3.444484533300136e+05, 0.000000000000000e+00
924, 7.473297947975992e-02, 4.315000598812815e-02, 4.809078941207101e-02, 0.000000000000000e+00, 0.000000000000000e+00, 3.456655275918972e+05, 0.000000000000000e+00
925, 7.447903265986770e-02, 4.307490011624544e-02, 4.826329444508822e-02, 0.000000000000000e+00, 0.000000000000000e+00, 3.468919353107525e+05, 0.000000000000000e+00
926, 7.422513934698605e-02, 4.299961119801018e-02, 4.843718750737992e-02, 0.000000000000000e+00, 0.000000000000000e+00, 3.481280490954706e+05, 0.000000000000000e+00
927, 7.397130380824901e-02, 4.292414662174136e-02, 4.861245942699328e-02, 0.000000000000000e+00, 0.000000000000000e+00, 3.493738324194758e+05, 0.000000000000000e+00
928, 7.371751817148199e-02, 4.284850475494538e-02, 4.878908422353728e-02, 0.000000000000000e+00, 0.000000000000000e+00, 3.506291949892312e+05, 0.000000000000000e+00
929, 7.346378271007345e-02, 4.277268192005650e-02, 4.896707217834672e-02, 0.000000000000000e+00, 0.000000000000000e+00, 3.518942189999064e+05, 0.000000000000000e+00
930, 7.321010703835740e-02, 4.269667924696196e-02, 4.914645076743733e-02, 0.000000000000000e+00, 0.000000000000000e+00, 3.531690637100827e+05, 0.000000000000000e+00
931, 7.295648206664639e-02, 4.262049382965467e-02, 4.932724080811440e-02, 0.000000000000000e+00, 0.000000000000000e+00, 3.544538840751102e+05, 0.000000000000000e+00
932, 7.270291435384965e-02, 4.254412575600500e-02, 4.950945477176293e-02, 0.000000000000000e+00, 0.000000000000000e+00, 3.557487573349374e+05, 0.000000000000000e+00
933, 7.244939733388184e-02, 4.246757275146861e-02, 4.969301970055350e-02, 0.000000000000000e+00, 0.000000000000000e+00, 3.570510034656978e+05, 0.000000000000000e+00
934, 7.219592797169530e-02, 4.239083619869053e-02, 4.987828797943208e-02, 0.000000000000000e+00, 0.000000000000000e+00, 3.583694958538364e+05, 0.000000000000000e+00
935, 7.194252093213793e-02, 4.231392057990170e-02, 5.006490934967316e-02, 0.000000000000000e+00, 0.000000000000000e+00, 3.596954065197188e+05, 0.000000000000000e+00
936, 7.168917191413608e-02, 4.223682369110247e-02, 5.025301739359387e-02, 0.000000000000000e+00, 0.000000000000000e+00, 3.610317972272758e+05, 0.000000000000000e+00
937, 7.143588088417387e-02, 4.215954565600431e-02, 5.044262492670442e-02, 0.000000000000000e+00, 0.000000000000000e+00, 3.623787693845675e+05, 0.000000000000000e+00
938, 7.118265570932532e-02, 4.208208755849687e-02, 5.063372893297443e-02, 0.000000000000000e+00, 0.000000000000000e+00, 3.637363386013921e+05, 0.000000000000000e+00
939, 7.092947810397512e-02, 4.200444043326798e-02, 5.082637048064233e-02, 0.000000000000000e+00, 0.000000000000000e+00, 3.651047728090179e+05, 0.000000000000000e+00
940, 7.067635640740182e-02, 4.192660646908251e-02, 5.102059245872306e-02, 0.000000000000000e+00, 0.000000000000000e+00, 3.664843048476103e+05, 0.000000000000000e+00
941, 7.042329059452143e-02, 4.184858874787906e-02, 5.121640715155192e-02, 0.000000000000000e+00, 0.000000000000000e+00, 3.678750217159318e+05, 0.000000000000000e+00
942, 7.017028022983074e-02, 4.177038783038972e-02, 5.141380606822579e-02, 0.000000000000000e+00, 0.000000000000000e+00, 3.692769168498245e+05, 0.000000000000000e+00
943, 6.991732845593841e-02, 4.169200265859911e-02, 5.161279950697484e-02, 0.000000000000000e+00, 0.000000000000000e+00, 3.706900721609591e+05, 0.000000000000000e+00
944, 6.966443009900143e-02, 4.161343055839353e-02, 5.181341799205019e-02, 0.000000000000000e+00, 0.000000000000000e+00, 3.721146871670259e+05, 0.000000000000000e+00
945, 6.941159215764092e-02, 4.153467316606802e-02, 5.201567187645371e-02, 0.000000000000000e+00, 0.000000000000000e+00, 3.735508458769419e+05, 0.000000000000000e+00
946, 6.915881557984399e-02, 4.145572898885031e-02, 5.221958236961564e-02, 0.000000000000000e+00, 0.000000000000000e+00, 3.749986873328810e+05, 0.000000000000000e+00
947, 6.890609610497400e-02, 4.137659644147908e-02, 5.242517632447721e-02, 0.000000000000000e+00, 0.000000000000000e+00, 3.764583975115641e+05, 0.000000000000000e+00
948, 6.865343299158917e-02, 4.129727422577338e-02, 5.263246545163871e-02, 0.000000000000000e+00, 0.000000000000000e+00, 3.779300761634818e+05, 0.000000000000000e+00
949, 6.840083287922796e-02, 4.121776251478984e-02, 5.284148987797772e-02, 0.000000000000000e+00, 0.000000000000000e+00, 3.794139435220995e+05, 0.000000000000000e+00
950, 6.814827677129215e-02, 4.113805853815344e-02, 5.305230556809398e-02, 0.000000000000000e+00, 0.000000000000000e+00, 3.809103341045992e+05, 0.000000000000000e+00
951, 6.789579468661398e-02, 4.105817596911474e-02, 5.326486039599733e-02, 0.000000000000000e+00, 0.000000000000000e+00, 3.824189755189775e+05, 0.000000000000000e+00
952, 6.764338254459754e-02, 4.097810987483822e-02, 5.347912925565201e-02, 0.000000000000000e+00, 0.000000000000000e+00, 3.839398085114937e+05, 0.000000000000000e+00
953, 6.739102208924533e-02, 4.089784719272282e-02, 5.369518247103449e-02, 0.000000000000000e+00, 0.000000000000000e+00, 3.854732638892045e+05, 0.000000000000000e+00
954, 6.713871979430322e-02, 4.081738982091841e-02, 5.391310593767278e-02, 0.000000000000000e+00, 0.000000000000000e+00, 3.870197918561124e+05, 0.000000000000000e+00
955, 6.688647656954194e-02, 4.073674447233484e-02, 5.413291111254813e-02, 0.000000000000000e+00, 0.000000000000000e+00, 3.885794720660241e+05, 0.000000000000000e+00
956, 6.663429621200541e-02, 4.065591436708134e-02, 5.435455245540476e-02, 0.000000000000000e+00, 0.000000000000000e+00, 3.901521168824773e+05, 0.000000000000000e+00
957, 6.638217685482310e-02, 4.057489401549955e-02, 5.457803834572005e-02, 0.000000000000000e+00, 0.000000000000000e+00, 3.917378221339402e+05, 0.000000000000000e+00
958, 6.613011528313448e-02, 4.049367928828578e-02, 5.480342808305250e-02, 0.000000000000000e+00, 0.000000000000000e+00, 3.933369396916382e+05, 0.000000000000000e+00
959, 6.587811917654512e-02, 4.041227306058352e-02, 5.503074424262903e-02, 0.000000000000000e+00, 0.000000000000000e+00, 3.949496211803331e+05, 0.000000000000000e+00
960, 6.562618867901777e-02, 4.033067394994543e-02, 5.526000648861672e-02, 0.000000000000000e+00, 0.000000000000000e+00, 3.965760060508617e+05, 0.000000000000000e+00
961, 6.537431409939942e-02, 4.024887840133492e-02, 5.549126855018720e-02, 0.000000000000000e+00, 0.000000000000000e+00, 3.982164210038980e+05, 0.000000000000000e+00
962, 6.512249390748995e-02, 4.016688832905968e-02, 5.572454741725355e-02, 0.000000000000000e+00, 0.000000000000000e+00, 3.998709926698805e+05, 0.000000000000000e+00
963, 6.487074568624564e-02, 4.008470937914959e-02, 5.595983314716309e-02, 0.000000000000000e+00, 0.000000000000000e+00, 4.015396845199932e+05, 0.000000000000000e+00
964, 6.461906409631754e-02, 4.000233889226968e-02, 5.619715653802433e-02, 0.000000000000000e+00, 0.000000000000000e+00, 4.032227032568279e+05, 0.000000000000000e+00
965, 6.436744906002964e-02, 3.991977705125513e-02, 5.643653515130156e-02, 0.000000000000000e+00, 0.000000000000000e+00, 4.049201903014496e+05, 0.000000000000000e+00
966, 6.411590302429121e-02, 3.983702281114276e-02, 5.667797556516212e-02, 0.000000000000000e+00, 0.000000000000000e+00, 4.066322352486589e+05, 0.000000000000000e+00
967, 6.386441216503194e-02, 3.975406807438380e-02, 5.692153632077804e-02, 0.000000000000000e+00, 0.000000000000000e+00, 4.083592071369565e+05, 0.000000000000000e+00
968, 6.361298669754517e-02, 3.967091661605651e-02, 5.716727047372541e-02, 0.000000000000000e+00, 0.000000000000000e+00, 4.101013934429099e+05, 0.000000000000000e+00
969, 6.336162336713091e-02, 3.958757083503454e-02, 5.741519306573061e-02, 0.000000000000000e+00, 0.000000000000000e+00, 4.118589151002248e+05, 0.000000000000000e+00
970, 6.311032429632486e-02, 3.950403168080212e-02, 5.766528497303201e-02, 0.000000000000000e+00, 0.000000000000000e+00, 4.136317355693354e+05, 0.000000000000000e+00
971, 6.285909064987699e-02, 3.942029522647599e-02, 5.791756549699357e-02, 0.000000000000000e+00, 0.000000000000000e+00, 4.154200104794116e+05, 0.000000000000000e+00
972, 6.260792762772141e-02, 3.933636052030744e-02, 5.817209996918326e-02, 0.000000000000000e+00, 0.000000000000000e+00, 4.172241084664241e+05, 0.000000000000000e+00
973, 6.235682733270810e-02, 3.925222707444374e-02, 5.842894143373659e-02, 0.000000000000000e+00, 0.000000000000000e+00, 4.190443558844833e+05, 0.000000000000000e+00
974, 6.210579210550531e-02, 3.916789753841006e-02, 5.868808770693768e-02, 0.000000000000000e+00, 0.000000000000000e+00, 4.208807878783425e+05, 0.000000000000000e+00
975, 6.185482712496311e-02, 3.908337223380533e-02, 5.894954898882423e-02, 0.000000000000000e+00, 0.000000000000000e+00, 4.227335030881789e+05, 0.000000000000000e+00
976, 6.160392544586583e-02, 3.899864767076966e-02, 5.921336780636628e-02, 0.000000000000000e+00, 0.000000000000000e+00, 4.246027835217067e+05, 0.000000000000000e+00
977, 6.135309062348676e-02, 3.891372469455776e-02, 5.947956641999567e-02, 0.000000000000000e+00, 0.000000000000000e+00, 4.264888009037027e+05, 0.000000000000000e+00
978, 6.110232761600295e-02, 3.882860302651113e-02, 5.974816663591816e-02, 0.000000000000000e+00, 0.000000000000000e+00, 4.283917133123332e+05, 0.000000000000000e+00
979, 6.085162444158317e-02, 3.874327726860767e-02, 6.001923585077153e-02, 0.000000000000000e+00, 0.000000000000000e+00, 4.303119408082952e+05, 0.000000000000000e+00
980, 6.060098800998552e-02, 3.865775129299050e-02, 6.029280539216262e-02, 0.000000000000000e+00, 0.000000000000000e+00, 4.322496746977718e+05, 0.000000000000000e+00
981, 6.035044008229633e-02, 3.857203382184397e-02, 6.056885582878344e-02, 0.000000000000000e+00, 0.000000000000000e+00, 4.342048321840068e+05, 0.000000000000000e+00
982, 6.009994488888166e-02, 3.848611049330058e-02, 6.084743983996738e-02, 0.000000000000000e+00, 0.000000000000000e+00, 4.361778289216080e+05, 0.000000000000000e+00
983, 5.984952126989527e-02, 3.839998495435357e-02, 6.112858895775571e-02, 0.000000000000000e+00, 0.000000000000000e+00, 4.381688431337721e+05, 0.000000000000000e+00
984, 5.959917173720797e-02, 3.831365829314559e-02, 6.141236099716919e-02, 0.000000000000000e+00, 0.000000000000000e+00, 4.401782166501224e+05, 0.000000000000000e+00
985, 5.934887822073790e-02, 3.822712627780127e-02, 6.169879760061344e-02, 0.000000000000000e+00, 0.000000000000000e+00, 4.422062545293742e+05, 0.000000000000000e+00
986, 5.909865757964727e-02, 3.814039458424391e-02, 6.198787976591467e-02, 0.000000000000000e+00, 0.000000000000000e+00, 4.442529030275254e+05, 0.000000000000000e+00
987, 5.884851233346630e-02, 3.805346036581604e-02, 6.227963214738019e-02, 0.000000000000000e+00, 0.000000000000000e+00, 4.463183568887733e+05, 0.000000000000000e+00
988, 5.859845385008532e-02, 3.796632482445910e-02, 6.257413161103291e-02, 0.000000000000000e+00, 0.000000000000000e+00, 4.484030310859734e+05, 0.000000000000000e+00
989, 5.834845410821418e-02, 3.787898215129585e-02, 6.287147441407841e-02, 0.000000000000000e+00, 0.000000000000000e+00, 4.505075158718379e+05, 0.000000000000000e+00
990, 5.809852369771686e-02, 3.779144042022665e-02, 6.317161530976845e-02, 0.000000000000000e+00, 0.000000000000000e+00, 4.526316348615548e+05, 0.000000000000000e+00
991, 5.784866136090839e-02, 3.770369461709747e-02, 6.347453476741718e-02, 0.000000000000000e+00, 0.000000000000000e+00, 4.547753974080983e+05, 0.000000000000000e+00
992, 5.759887720098369e-02, 3.761574092679998e-02, 6.378031451013018e-02, 0.000000000000000e+00, 0.000000000000000e+00, 4.569392651812600e+05, 0.000000000000000e+00
993, 5.734916289095836e-02, 3.752757746456556e-02, 6.408907256159077e-02, 0.000000000000000e+00, 0.000000000000000e+00, 4.591239098405379e+05, 0.000000000000000e+00
994, 5.709952130173595e-02, 3.743920966149855e-02, 6.440081651372130e-02, 0.000000000000000e+00, 0.000000000000000e+00, 4.613294223633071e+05, 0.000000000000000e+00
995, 5.684995693701458e-02, 3.735063880989471e-02, 6.471554165690012e-02, 0.000000000000000e+00, 0.000000000000000e+00, 4.635558472384947e+05, 0.000000000000000e+00
996, 5.660045826121647e-02, 3.726185897009265e-02, 6.503330086269835e-02, 0.000000000000000e+00, 0.000000000000000e+00, 4.658035558652960e+05, 0.000000000000000e+00
997, 5.635103791880572e-02, 3.717287362182820e-02, 6.535413465905306e-02, 0.000000000000000e+00, 0.000000000000000e+00, 4.680727981880277e+05, 0.000000000000000e+00
998, 5.610169238849586e-02, 3.708368172049059e-02, 6.567809488243059e-02, 0.000000000000000e+00, 0.000000000000000e+00, 4.703639152809933e+05, 0.000000000000000e+00
999, 5.585241659315023e-02, 3.699428192639564e-02, 6.600521402306507e-02, 0.000000000000000e+00, 0.000000000000000e+00, 4.726771663132292e+05, 0.000000000000000e+00
1000, 5.560322046354864e-02, 3.690467611650280e-02, 6.633550730484340e-02, 0.000000000000000e+00, 0.000000000000000e+00, 4.750126957554342e+05, 0.000000000000000e+00
1001, 5.535409600461362e-02, 3.681485889218021e-02, 6.666904381849820e-02, 0.000000000000000e+00, 0.000000000000000e+00, 4.773709541608142e+05, 0.000000000000000e+00
1002, 5.510504819938289e-02, 3.672483184469347e-02, 6.700586809242423e-02, 0.000000000000000e+00, 0.000000000000000e+00, 4.797522468037381e+05, 0.000000000000000e+00
1003, 5.485608122341050e-02, 3.663459491805527e-02, 6.734601548872535e-02, 0.000000000000000e+00, 0.000000000000000e+00, 4.821568252708049e+05, 0.000000000000000e+00
1004, 5.460718385561875e-02, 3.654414299305560e-02, 6.768958424280663e-02, 0.000000000000000e+00, 0.000000000000000e+00, 4.845852859452179e+05, 0.000000000000000e+00
1005, 5.435836810018436e-02, 3.645348386850460e-02, 6.803660060968920e-02, 0.000000000000000e+00, 0.000000000000000e+00, 4.870377979745435e+05, 0.000000000000000e+00
1006, 5.410962810762971e-02, 3.636261631906048e-02, 6.838707522606141e-02, 0.000000000000000e+00, 0.000000000000000e+00, 4.895145277241623e+05, 0.000000000000000e+00
1007, 5.386096401387411e-02, 3.627153778090577e-02, 6.874104984946476e-02, 0.000000000000000e+00, 0.000000000000000e+00, 4.920157785888588e+05, 0.000000000000000e+00
1008, 5.361237784506466e-02, 3.618024798352681e-02, 6.909858102290430e-02, 0.000000000000000e+00, 0.000000000000000e+00, 4.945419287082093e+05, 0.000000000000000e+00
1009, 5.336386508999214e-02, 3.608874393544908e-02, 6.945971345012399e-02, 0.000000000000000e+00, 0.000000000000000e+00, 4.970933273799546e+05, 0.000000000000000e+00
1010, 5.311543716235371e-02, 3.599702664147280e-02, 6.982450490600739e-02, 0.000000000000000e+00, 0.000000000000000e+00, 4.996703241022050e+05, 0.000000000000000e+00
1011, 5.286708715602859e-02, 3.590509433213927e-02, 7.019306271605244e-02, 0.000000000000000e+00, 0.000000000000000e+00, 5.022735541052923e+05, 0.000000000000000e+00
1012, 5.261881405312051e-02, 3.581295052814272e-02, 7.056541009746982e-02, 0.000000000000000e+00, 0.000000000000000e+00, 5.049032231686197e+05, 0.000000000000000e+00
1013, 5.237062448853198e-02, 3.572059691303840e-02, 7.094153023653552e-02, 0.000000000000000e+00, 0.000000000000000e+00, 5.075593543126867e+05, 0.000000000000000e+00
1014, 5.212250792124522e-02, 3.562802442705720e-02, 7.132150289242506e-02, 0.000000000000000e+00, 0.000000000000000e+00, 5.102424938192298e+05, 0.000000000000000e+00
1015, 5.187447835482876e-02, 3.553523655599283e-02, 7.170542583236421e-02, 0.000000000000000e+00, 0.000000000000000e+00, 5.129531857391925e+05, 0.000000000000000e+00
1016, 5.162652248536220e-02, 3.544223124103797e-02, 7.209337724487605e-02, 0.000000000000000e+00, 0.000000000000000e+00, 5.156919525734999e+05, 0.000000000000000e+00
1017, 5.137864444266282e-02, 3.534901073746284e-02, 7.248537433840273e-02, 0.000000000000000e+00, 0.000000000000000e+00, 5.184589766155191e+05, 0.000000000000000e+00
1018, 5.113085318777888e-02, 3.525557716536323e-02, 7.288145792042558e-02, 0.000000000000000e+00, 0.000000000000000e+00, 5.212545412037520e+05, 0.000000000000000e+00
1019, 5.088314909147668e-02, 3.516193058695635e-02, 7.328168184239771e-02, 0.000000000000000e+00, 0.000000000000000e+00, 5.240790307818264e+05, 0.000000000000000e+00
1020, 5.063553424703222e-02, 3.506807028161788e-02, 7.368608703390069e-02, 0.000000000000000e+00, 0.000000000000000e+00, 5.269327751792513e+05, 0.000000000000000e+00
1021, 5.038798873855722e-02, 3.497398574577886e-02, 7.409478738253897e-02, 0.000000000000000e+00, 0.000000000000000e+00, 5.298165252915989e+05, 0.000000000000000e+00
1022, 5.014052955901513e-02, 3.487968349400181e-02, 7.450784729841439e-02, 0.000000000000000e+00, 0.000000000000000e+00, 5.327306623699281e+05, 0.000000000000000e+00
1023, 4.989315340441735e-02, 3.478516336451786e-02, 7.492532175596593e-02, 0.000000000000000e+00, 0.000000000000000e+00, 5.356755836863397e+05, 0.000000000000000e+00
1024, 4.964585893601359e-02, 3.469042426829887e-02, 7.534725501817313e-02, 0.000000000000000e+00, 0.000000000000000e+00, 5.386516519205591e+05, 0.000000000000000e+00
1025, 4.939865347625007e-02, 3.459546673100304e-02, 7.577370039646118e-02, 0.000000000000000e+00, 0.000000000000000e+00, 5.416592381637912e+05, 0.000000000000000e+00
1026, 4.915151854998702e-02, 3.450028232320602e-02, 7.620479339365016e-02, 0.000000000000000e+00, 0.000000000000000e+00, 5.446992049540925e+05, 0.000000000000000e+00
1027, 4.890447525592949e-02, 3.440488091967442e-02, 7.664056723969742e-02, 0.000000000000000e+00, 0.000000000000000e+00, 5.477717611207216e+05, 0.000000000000000e+00
1028, 4.865752304834656e-02, 3.430926271980321e-02, 7.708106754540166e-02, 0.000000000000000e+00, 0.000000000000000e+00, 5.508772687038251e+05, 0.000000000000000e+00
1029, 4.841066245201951e-02, 3.421342684557287e-02, 7.752636398120258e-02, 0.000000000000000e+00, 0.000000000000000e+00, 5.540162033128656e+05, 0.000000000000000e+00
1030, 4.816388276793332e-02, 3.411736924369078e-02, 7.797653669958574e-02, 0.000000000000000e+00, 0.000000000000000e+00, 5.571891475558332e+05, 0.000000000000000e+00
1031, 4.791718501095052e-02, 3.402108824768121e-02, 7.843163595633693e-02, 0.000000000000000e+00, 0.000000000000000e+00, 5.603965144781453e+05, 0.000000000000000e+00
1032, 4.767057818509042e-02, 3.392458364135015e-02, 7.889175212452477e-02, 0.000000000000000e+00, 0.000000000000000e+00, 5.636388669304088e+05, 0.000000000000000e+00
1033, 4.742405471012814e-02, 3.382785270726122e-02, 7.935700330794770e-02, 0.000000000000000e+00, 0.000000000000000e+00, 5.669169694731021e+05, 0.000000000000000e+00
1034, 4.717762586793155e-02, 3.373089983251864e-02, 7.982743386340528e-02, 0.000000000000000e+00, 0.000000000000000e+00, 5.702311431664360e+05, 0.000000000000000e+00
1035, 4.693127765538536e-02, 3.363371873963945e-02, 8.030319121213415e-02, 0.000000000000000e+00, 0.000000000000000e+00, 5.735822931652404e+05, 0.000000000000000e+00
1036, 4.668500861122703e-02, 3.353631337129830e-02, 8.078434350087502e-02, 0.000000000000000e+00, 0.000000000000000e+00, 5.769709121984456e+05, 0.000000000000000e+00
1037, 4.643884083025641e-02, 3.343869317006664e-02, 8.127083476098310e-02, 0.000000000000000e+00, 0.000000000000000e+00, 5.803968031504470e+05, 0.000000000000000e+00
1038, 4.619277446856748e-02, 3.334085140775635e-02, 8.176274820246490e-02, 0.000000000000000e+00, 0.000000000000000e+00, 5.838605785250862e+05, 0.000000000000000e+00
1039, 4.594678569484893e-02, 3.324277578497808e-02, 8.226030217394988e-02, 0.000000000000000e+00, 0.000000000000000e+00, 5.873635820364730e+05, 0.000000000000000e+00
1040, 4.570088530967027e-02, 3.314447257175041e-02, 8.276357537015350e-02, 0.000000000000000e+00, 0.000000000000000e+00, 5.909063143162383e+05, 0.000000000000000e+00
1041, 4.545507988743901e-02, 3.304594470678534e-02, 8.327261748737792e-02, 0.000000000000000e+00, 0.000000000000000e+00, 5.944891626853887e+05, 0.000000000000000e+00
1042, 4.520936342314934e-02, 3.294718900653726e-02, 8.378753075368786e-02, 0.000000000000000e+00, 0.000000000000000e+00, 5.981128295671809e+05, 0.000000000000000e+00
1043, 4.496373752841525e-02, 3.284820612373663e-02, 8.430839669636686e-02, 0.000000000000000e+00, 0.000000000000000e+00, 6.017778907731206e+05, 0.000000000000000e+00
1044, 4.471820199610874e-02, 3.274899467729134e-02, 8.483529439599281e-02, 0.000000000000000e+00, 0.000000000000000e+00, 6.054849387169766e+05, 0.000000000000000e+00
1045, 4.447276503406828e-02, 3.264955543881751e-02, 8.536832476996659e-02, 0.000000000000000e+00, 0.000000000000000e+00, 6.092346212778739e+05, 0.000000000000000e+00
1046, 4.422741455766618e-02, 3.254988375922308e-02, 8.590766680627222e-02, 0.000000000000000e+00, 0.000000000000000e+00, 6.130280402674675e+05, 0.000000000000000e+00
1047, 4.398216350505330e-02, 3.244998876629075e-02, 8.645335685057953e-02, 0.000000000000000e+00, 0.000000000000000e+00, 6.168654884996578e+05, 0.000000000000000e+00
1048, 4.373700111245502e-02, 3.234986520965914e-02, 8.700543209452234e-02, 0.000000000000000e+00, 0.000000000000000e+00, 6.207474378039315e+05, 0.000000000000000e+00
1049, 4.349193377295280e-02, 3.224950895249567e-02, 8.756400588513971e-02, 0.000000000000000e+00, 0.000000000000000e+00, 6.246746484981648e+05, 0.000000000000000e+00
1050, 4.324696240556351e-02, 3.214891854972849e-02, 8.812930154461414e-02, 0.000000000000000e+00, 0.000000000000000e+00, 6.286484018250895e+05, 0.000000000000000e+00
1051, 4.300208457324786e-02, 3.204809838309274e-02, 8.870143388832434e-02, 0.000000000000000e+00, 0.000000000000000e+00, 6.326694369520004e+05, 0.000000000000000e+00
1052, 4.275730231295795e-02, 3.194705145628186e-02, 8.928038332507271e-02, 0.000000000000000e+00, 0.000000000000000e+00, 6.367378917451123e+05, 0.000000000000000e+00
1053, 4.251261468902855e-02, 3.184577026895213e-02, 8.986623450816496e-02, 0.000000000000000e+00, 0.000000000000000e+00, 6.408544603930856e+05, 0.000000000000000e+00
1054, 4.226802765429391e-02, 3.174425207121113e-02, 9.045923032234714e-02, 0.000000000000000e+00, 0.000000000000000e+00, 6.450205256824348e+05, 0.000000000000000e+00
1055, 4.202353658083646e-02, 3.164250010110044e-02, 9.105955447221349e-02, 0.000000000000000e+00, 0.000000000000000e+00, 6.492371866445825e+05, 0.000000000000000e+00
1056, 4.177914128651710e-02, 3.154051857598616e-02, 9.166721828829200e-02, 0.000000000000000e+00, 0.000000000000000e+00, 6.535047233225711e+05, 0.000000000000000e+00
1057, 4.153484187594730e-02, 3.143830387543609e-02, 9.228229476434302e-02, 0.000000000000000e+00, 0.000000000000000e+00, 6.578237611319702e+05, 0.000000000000000e+00
1058, 4.129064362476596e-02, 3.133585501401095e-02, 9.290494630946300e-02, 0.000000000000000e+00, 0.000000000000000e+00, 6.621953220639934e+05, 0.000000000000000e+00
1059, 4.104654275903979e-02, 3.123317053238633e-02, 9.353533941938101e-02, 0.000000000000000e+00, 0.000000000000000e+00, 6.666204916888217e+05, 0.000000000000000e+00
1060, 4.080253846632458e-02, 3.113025002963806e-02, 9.417359249071194e-02, 0.000000000000000e+00, 0.000000000000000e+00, 6.711001026516448e+05, 0.000000000000000e+00
1061, 4.055863730661635e-02, 3.102709534541902e-02, 9.481980656033941e-02, 0.000000000000000e+00, 0.000000000000000e+00, 6.756348946317662e+05, 0.000000000000000e+00
1062, 4.031483462878572e-02, 3.092370220801041e-02, 9.547414223697379e-02, 0.000000000000000e+00, 0.000000000000000e+00, 6.802259480129525e+05, 0.000000000000000e+00
1063, 4.007113503029436e-02, 3.082007196149172e-02, 9.613676386882744e-02, 0.000000000000000e+00, 0.000000000000000e+00, 6.848743123259861e+05, 0.000000000000000e+00
1064, 3.982753676324745e-02, 3.071620480915372e-02, 9.680780736381292e-02, 0.000000000000000e+00, 0.000000000000000e+00, 6.895809235505321e+05, 0.000000000000000e+00
1065, 3.958403855538052e-02, 3.061209965576730e-02, 9.748740453801207e-02, 0.000000000000000e+00, 0.000000000000000e+00, 6.943467265444678e+05, 0.000000000000000e+00
1066, 3.934063973652768e-02, 3.050775498274007e-02, 9.817570642197201e-02, 0.000000000000000e+00, 0.000000000000000e+00, 6.991727519574928e+05, 0.000000000000000e+00
1067, 3.909734872550547e-02, 3.040317357944048e-02, 9.887285710694868e-02, 0.000000000000000e+00, 0.000000000000000e+00, 7.040599573118460e+05, 0.000000000000000e+00
1068, 3.885415507269326e-02, 3.029835067346824e-02, 9.957904723609043e-02, 0.000000000000000e+00, 0.000000000000000e+00, 7.090096261163898e+05, 0.000000000000000e+00
1069, 3.861106971704468e-02, 3.019329101729427e-02, 1.002943777814939e-01, 0.000000000000000e+00, 0.000000000000000e+00, 7.140225121512105e+05, 0.000000000000000e+00
1070, 3.836807496303157e-02, 3.008798415312905e-02, 1.010190382516434e-01, 0.000000000000000e+00, 0.000000000000000e+00, 7.190999973374484e+05, 0.000000000000000e+00
1071, 3.812520889688065e-02, 2.998244276077789e-02, 1.017531852019349e-01, 0.000000000000000e+00, 0.000000000000000e+00, 7.242429246775589e+05, 0.000000000000000e+00
1072, 3.788243463377242e-02, 2.987665540104911e-02, 1.024971732120229e-01, 0.000000000000000e+00, 0.000000000000000e+00, 7.294534957060795e+05, 0.000000000000000e+00
1073, 3.763976802034995e-02, 2.977063558819786e-02, 1.032509544383558e-01, 0.000000000000000e+00, 0.000000000000000e+00, 7.347317093054889e+05, 0.000000000000000e+00
1074, 3.739719958490340e-02, 2.966437199254976e-02, 1.040146031345513e-01, 0.000000000000000e+00, 0.000000000000000e+00, 7.400784449538360e+05, 0.000000000000000e+00
1075, 3.715474750458934e-02, 2.955786211137937e-02, 1.047884351277868e-01, 0.000000000000000e+00, 0.000000000000000e+00, 7.454955177039837e+05, 0.000000000000000e+00
1076, 3.691240041808604e-02, 2.945110487160874e-02, 1.055728317334613e-01, 0.000000000000000e+00, 0.000000000000000e+00, 7.509851487562447e+05, 0.000000000000000e+00
1077, 3.667015890066538e-02, 2.934410745111877e-02, 1.063678545648503e-01, 0.000000000000000e+00, 0.000000000000000e+00, 7.565479539936915e+05, 0.000000000000000e+00
1078, 3.642802446810794e-02, 2.923686784809348e-02, 1.071735859857304e-01, 0.000000000000000e+00, 0.000000000000000e+00, 7.621847469961006e+05, 0.000000000000000e+00
1079, 3.618599927159571e-02, 2.912938221439402e-02, 1.079902763991661e-01, 0.000000000000000e+00, 0.000000000000000e+00, 7.678971406510113e+05, 0.000000000000000e+00
1080, 3.594408360006664e-02, 2.902165055151716e-02, 1.088182233664072e-01, 0.000000000000000e+00, 0.000000000000000e+00, 7.736869538667168e+05, 0.000000000000000e+00
1081, 3.570227435353051e-02, 2.891367493025145e-02, 1.096576083580984e-01, 0.000000000000000e+00, 0.000000000000000e+00, 7.795554546642157e+05, 0.000000000000000e+00
1082, 3.546057633800846e-02, 2.880545687667262e-02, 1.105085249875048e-01, 0.000000000000000e+00, 0.000000000000000e+00, 7.855035256356193e+05, 0.000000000000000e+00
1083, 3.521899098048603e-02, 2.869699080834649e-02, 1.113712211600174e-01, 0.000000000000000e+00, 0.000000000000000e+00, 7.915328278411686e+05, 0.000000000000000e+00
1084, 3.497751645282664e-02, 2.858827452714727e-02, 1.122460360971761e-01, 0.000000000000000e+00, 0.000000000000000e+00, 7.976454568563807e+05, 0.000000000000000e+00
1085, 3.473615044696598e-02, 2.847930911144097e-02, 1.131331947898022e-01, 0.000000000000000e+00, 0.000000000000000e+00, 8.038429367560969e+05, 0.000000000000000e+00
1086, 3.449490306358559e-02, 2.837009854952431e-02, 1.140328855358636e-01, 0.000000000000000e+00, 0.000000000000000e+00, 8.101265549626438e+05, 0.000000000000000e+00
1087, 3.425376395307799e-02, 2.826063877617456e-02, 1.149453914275052e-01, 0.000000000000000e+00, 0.000000000000000e+00, 8.164981999350082e+05, 0.000000000000000e+00
1088, 3.401273714793880e-02, 2.815093228855517e-02, 1.158708734964278e-01, 0.000000000000000e+00, 0.000000000000000e+00, 8.229591263241610e+05, 0.000000000000000e+00
1089, 3.377182231002659e-02, 2.804097408276999e-02, 1.168095679712716e-01, 0.000000000000000e+00, 0.000000000000000e+00, 8.295110285383461e+05, 0.000000000000000e+00
1090, 3.353102816064969e-02, 2.793076431893126e-02, 1.177618475924755e-01, 0.000000000000000e+00, 0.000000000000000e+00, 8.361561429300708e+05, 0.000000000000000e+00
1091, 3.329034630074034e-02, 2.782030359359219e-02, 1.187280587700986e-01, 0.000000000000000e+00, 0.000000000000000e+00, 8.428966455254408e+05, 0.000000000000000e+00
1092, 3.304977816832987e-02, 2.770959608159323e-02, 1.197083109675276e-01, 0.000000000000000e+00, 0.000000000000000e+00, 8.497335776862265e+05, 0.000000000000000e+00
1093, 3.280932604567743e-02, 2.759863713754496e-02, 1.207028119649085e-01, 0.000000000000000e+00, 0.000000000000000e+00, 8.566685471968978e+05, 0.000000000000000e+00
1094, 3.256899213686687e-02, 2.748742246988106e-02, 1.217119941588375e-01, 0.000000000000000e+00, 0.000000000000000e+00, 8.637042025225115e+05, 0.000000000000000e+00
1095, 3.232877479700730e-02, 2.737595429012699e-02, 1.227362335912663e-01, 0.000000000000000e+00, 0.000000000000000e+00, 8.708428838552643e+05, 0.000000000000000e+00
1096, 3.208867405709353e-02, 2.726423542947492e-02, 1.237757321333480e-01, 0.000000000000000e+00, 0.000000000000000e+00, 8.780861187138568e+05, 0.000000000000000e+00
1097, 3.184869124283574e-02, 2.715226398262780e-02, 1.248307528700180e-01, 0.000000000000000e+00, 0.000000000000000e+00, 8.854357933618183e+05, 0.000000000000000e+00
1098, 3.160882729200932e-02, 2.704003822533804e-02, 1.259016532516535e-01, 0.000000000000000e+00, 0.000000000000000e+00, 8.928942460538883e+05, 0.000000000000000e+00
1099, 3.136908275569822e-02, 2.692755808592353e-02, 1.269887808249988e-01, 0.000000000000000e+00, 0.000000000000000e+00, 9.004637788935952e+05, 0.000000000000000e+00
1100, 3.112945820586312e-02, 2.681482326150610e-02, 1.280924609925790e-01, 0.000000000000000e+00, 0.000000000000000e+00, 9.081465911094191e+05, 0.000000000000000e+00
1101, 3.088995373047018e-02, 2.670183294111164e-02, 1.292130440772506e-01, 0.000000000000000e+00, 0.000000000000000e+00, 9.159450401653772e+05, 0.000000000000000e+00
1102, 3.065056952626945e-02, 2.658858645782117e-02, 1.303508816175576e-01, 0.000000000000000e+00, 0.000000000000000e+00, 9.238614893770505e+05, 0.000000000000000e+00
1103, 3.041130699123749e-02, 2.647508352436524e-02, 1.315063230264033e-01, 0.000000000000000e+00, 0.000000000000000e+00, 9.318983271498343e+05, 0.000000000000000e+00
1104, 3.017216736920453e-02, 2.636132267795518e-02, 1.326797544148620e-01, 0.000000000000000e+00, 0.000000000000000e+00, 9.400581185659011e+05, 0.000000000000000e+00
1105, 2.993315111290976e-02, 2.624730361598721e-02, 1.338715982365997e-01, 0.000000000000000e+00, 0.000000000000000e+00, 9.483436227412546e+05, 0.000000000000000e+00
1106, 2.969425821374138e-02, 2.613302678919861e-02, 1.350822299962238e-01, 0.000000000000000e+00, 0.000000000000000e+00, 9.567573721473826e+05, 0.000000000000000e+00
1107, 2.945548764088695e-02, 2.601849084618317e-02, 1.363120506530189e-01, 0.000000000000000e+00, 0.000000000000000e+00, 9.653020900048319e+05, 0.000000000000000e+00
1108, 2.921684271129057e-02, 2.590369640438888e-02, 1.375614614012992e-01, 0.000000000000000e+00, 0.000000000000000e+00, 9.739804538645429e+05, 0.000000000000000e+00
1109, 2.897832257052668e-02, 2.578864225226021e-02, 1.388309538563288e-01, 0.000000000000000e+00, 0.000000000000000e+00, 9.827956306161756e+05, 0.000000000000000e+00
1110, 2.873992622734592e-02, 2.567333032399092e-02, 1.401209413614488e-01, 0.000000000000000e+00, 0.000000000000000e+00, 9.917503903654650e+05, 0.000000000000000e+00
1111, 2.850165667049345e-02, 2.555776165231850e-02, 1.414317076483179e-01, 0.000000000000000e+00, 0.000000000000000e+00, 1.000846988791468e+06, 0.000000000000000e+00
1112, 2.826351362098945e-02, 2.544192790724905e-02, 1.427637849713091e-01, 0.000000000000000e+00, 0.000000000000000e+00, 1.010088969120610e+06, 0.000000000000000e+00
1113, 2.802550001649584e-02, 2.532582888600282e-02, 1.441178352130625e-01, 0.000000000000000e+00, 0.000000000000000e+00, 1.019480371440646e+06, 0.000000000000000e+00
1114, 2.778761477080006e-02, 2.520946784487598e-02, 1.454943142209858e-01, 0.000000000000000e+00, 0.000000000000000e+00, 1.029024244289487e+06, 0.000000000000000e+00
1115, 2.754985851148521e-02, 2.509284428983496e-02, 1.468937290417227e-01, 0.000000000000000e+00, 0.000000000000000e+00, 1.038723936444931e+06, 0.000000000000000e+00
1116, 2.731222976462680e-02, 2.497596067600144e-02, 1.483165861105405e-01, 0.000000000000000e+00, 0.000000000000000e+00, 1.048582780723189e+06, 0.000000000000000e+00
1117, 2.707472452414446e-02, 2.485881592003308e-02, 1.497632547717254e-01, 0.000000000000000e+00, 0.000000000000000e+00, 1.058603649780595e+06, 0.000000000000000e+00
1118, 2.683735618483939e-02, 2.474140845535394e-02, 1.512342448144996e-01, 0.000000000000000e+00, 0.000000000000000e+00, 1.068789982829748e+06, 0.000000000000000e+00
1119, 2.660011761471641e-02, 2.462373222368188e-02, 1.527303505846803e-01, 0.000000000000000e+00, 0.000000000000000e+00, 1.079146763971255e+06, 0.000000000000000e+00
1120, 2.636301519263091e-02, 2.450579182915310e-02, 1.542521183680528e-01, 0.000000000000000e+00, 0.000000000000000e+00, 1.089677575457314e+06, 0.000000000000000e+00
1121, 2.612603959917762e-02, 2.438758191831642e-02, 1.558002006952888e-01, 0.000000000000000e+00, 0.000000000000000e+00, 1.100386784525322e+06, 0.000000000000000e+00
1122, 2.588920014628904e-02, 2.426910735214059e-02, 1.573751428795081e-01, 0.000000000000000e+00, 0.000000000000000e+00, 1.111278009601033e+06, 0.000000000000000e+00
1123, 2.565249656710874e-02, 2.415036704485897e-02, 1.589776223794045e-01, 0.000000000000000e+00, 0.000000000000000e+00, 1.122355671299105e+06, 0.000000000000000e+00
1124, 2.541592094715908e-02, 2.403135863431842e-02, 1.606083567522718e-01, 0.000000000000000e+00, 0.000000000000000e+00, 1.133624455924549e+06, 0.000000000000000e+00
1125, 2.517948260132948e-02, 2.391208809820170e-02, 1.622678062062155e-01, 0.000000000000000e+00, 0.000000000000000e+00, 1.145087714382967e+06, 0.000000000000000e+00
1126, 2.494317896638783e-02, 2.379254776211091e-02, 1.639566798493301e-01, 0.000000000000000e+00, 0.000000000000000e+00, 1.156750295306165e+06, 0.000000000000000e+00
1127, 2.470701179932917e-02, 2.367273466723759e-02, 1.656759199785397e-01, 0.000000000000000e+00, 0.000000000000000e+00, 1.168618039719653e+06, 0.000000000000000e+00
1128, 2.447098478505907e-02, 2.355265457254854e-02, 1.674262775176272e-01, 0.000000000000000e+00, 0.000000000000000e+00, 1.180695724940202e+06, 0.000000000000000e+00
1129, 2.423509030135328e-02, 2.343230539286060e-02, 1.692083849137112e-01, 0.000000000000000e+00, 0.000000000000000e+00, 1.192987890912927e+06, 0.000000000000000e+00
1130, 2.399933510531537e-02, 2.331168527374975e-02, 1.710229540005383e-01, 0.000000000000000e+00, 0.000000000000000e+00, 1.205499409154864e+06, 0.000000000000000e+00
1131, 2.376372402390986e-02, 2.319079275650474e-02, 1.728710083097757e-01, 0.000000000000000e+00, 0.000000000000000e+00, 1.218236612571908e+06, 0.000000000000000e+00
1132, 2.352824661391259e-02, 2.306962726504878e-02, 1.747535157161856e-01, 0.000000000000000e+00, 0.000000000000000e+00, 1.231205655246882e+06, 0.000000000000000e+00
1133, 2.329290445263308e-02, 2.294819260909768e-02, 1.766710743238506e-01, 0.000000000000000e+00, 0.000000000000000e+00, 1.244410933308965e+06, 0.000000000000000e+00
1134, 2.305770232221182e-02, 2.282648452043683e-02, 1.786244955422454e-01, 0.000000000000000e+00, 0.000000000000000e+00, 1.257858042522432e+06, 0.000000000000000e+00
1135, 2.282265572800568e-02, 2.270450590535790e-02, 1.806147331699273e-01, 0.000000000000000e+00, 0.000000000000000e+00, 1.271551848173828e+06, 0.000000000000000e+00
1136, 2.258774921452487e-02, 2.258225491257622e-02, 1.826434716458796e-01, 0.000000000000000e+00, 0.000000000000000e+00, 1.285505656800660e+06, 0.000000000000000e+00
1137, 2.235298006914437e-02, 2.245973492250153e-02, 1.847108031556388e-01, 0.000000000000000e+00, 0.000000000000000e+00, 1.299718175557021e+06, 0.000000000000000e+00
1138, 2.211834467764935e-02, 2.233693356770456e-02, 1.868178734720174e-01, 0.000000000000000e+00, 0.000000000000000e+00, 1.314198275823859e+06, 0.000000000000000e+00
1139, 2.188387020037469e-02, 2.221385675575345e-02, 1.889660700377327e-01, 0.000000000000000e+00, 0.000000000000000e+00, 1.328954088305007e+06, 0.000000000000000e+00
1140, 2.164953699943330e-02, 2.209050470433113e-02, 1.911567800154656e-01, 0.000000000000000e+00, 0.000000000000000e+00, 1.343994137182756e+06, 0.000000000000000e+00
1141, 2.141533972042145e-02, 2.196688192830349e-02, 1.933905846558919e-01, 0.000000000000000e+00, 0.000000000000000e+00, 1.359323222518226e+06, 0.000000000000000e+00
1142, 2.118129213122596e-02, 2.184298309903908e-02, 1.956684270652633e-01, 0.000000000000000e+00, 0.000000000000000e+00, 1.374948079841652e+06, 0.000000000000000e+00
1143, 2.094739783548671e-02, 2.171880139304473e-02, 1.979921140636886e-01, 0.000000000000000e+00, 0.000000000000000e+00, 1.390879527312940e+06, 0.000000000000000e+00
1144, 2.071364487261695e-02, 2.159434012874180e-02, 2.003631194367823e-01, 0.000000000000000e+00, 0.000000000000000e+00, 1.407126660617657e+06, 0.000000000000000e+00
1145, 2.048004004653475e-02, 2.146960812580647e-02, 2.027822159328853e-01, 0.000000000000000e+00, 0.000000000000000e+00, 1.423695223725701e+06, 0.000000000000000e+00
1146, 2.024658654701533e-02, 2.134459954158638e-02, 2.052506842690256e-01, 0.000000000000000e+00, 0.000000000000000e+00, 1.440593844767774e+06, 0.000000000000000e+00
1147, 2.001327827560691e-02, 2.121930790571722e-02, 2.077701846330802e-01, 0.000000000000000e+00, 0.000000000000000e+00, 1.457833088793828e+06, 0.000000000000000e+00
1148, 1.978012304864658e-02, 2.109373624086867e-02, 2.103421155794695e-01, 0.000000000000000e+00, 0.000000000000000e+00, 1.475422007015407e+06, 0.000000000000000e+00
1149, 1.954712306944941e-02, 2.096788318473990e-02, 2.129681169401950e-01, 0.000000000000000e+00, 0.000000000000000e+00, 1.493370998335463e+06, 0.000000000000000e+00
1150, 1.931426823868823e-02, 2.084174648438866e-02, 2.156498644308944e-01, 0.000000000000000e+00, 0.000000000000000e+00, 1.511690794701898e+06, 0.000000000000000e+00
1151, 1.908156487879092e-02, 2.071533053785878e-02, 2.183887807899172e-01, 0.000000000000000e+00, 0.000000000000000e+00, 1.530390785197460e+06, 0.000000000000000e+00
1152, 1.884901492437797e-02, 2.058863470837884e-02, 2.211865106074859e-01, 0.000000000000000e+00, 0.000000000000000e+00, 1.549481657218703e+06, 0.000000000000000e+00
1153, 1.861663097128816e-02, 2.046166499020403e-02, 2.240446937346990e-01, 0.000000000000000e+00, 0.000000000000000e+00, 1.568973915591174e+06, 0.000000000000000e+00
1154, 1.838438434734491e-02, 2.033440493101105e-02, 2.269655271610335e-01, 0.000000000000000e+00, 0.000000000000000e+00, 1.588881744126886e+06, 0.000000000000000e+00
1155, 1.815229728911524e-02, 2.020686725774441e-02, 2.299504369812176e-01, 0.000000000000000e+00, 0.000000000000000e+00, 1.609214639842299e+06, 0.000000000000000e+00
1156, 1.792038089481254e-02, 2.007905012096615e-02, 2.330012786633864e-01, 0.000000000000000e+00, 0.000000000000000e+00, 1.629984781497332e+06, 0.000000000000000e+00
1157, 1.768861144183691e-02, 1.995093511457892e-02, 2.361209852048864e-01, 0.000000000000000e+00, 0.000000000000000e+00, 1.651210208089220e+06, 0.000000000000000e+00
1158, 1.745700016470177e-02, 1.982253865941294e-02, 2.393114782191078e-01, 0.000000000000000e+00, 0.000000000000000e+00, 1.672902807482812e+06, 0.000000000000000e+00
1159, 1.722554656983599e-02, 1.969386362767518e-02, 2.425744304065971e-01, 0.000000000000000e+00, 0.000000000000000e+00, 1.695074172808684e+06, 0.000000000000000e+00
1160, 1.699424912185100e-02, 1.956490090348438e-02, 2.459122088768222e-01, 0.000000000000000e+00, 0.000000000000000e+00, 1.717739744771962e+06, 0.000000000000000e+00
1161, 1.676311224688161e-02, 1.943565010085230e-02, 2.493275217978492e-01, 0.000000000000000e+00, 0.000000000000000e+00, 1.740916286593079e+06, 0.000000000000000e+00
1162, 1.653213737471223e-02, 1.930611502500621e-02, 2.528228289119896e-01, 0.000000000000000e+00, 0.000000000000000e+00, 1.764619337123170e+06, 0.000000000000000e+00
1163, 1.630132334574250e-02, 1.917629531345045e-02, 2.564004914294321e-01, 0.000000000000000e+00, 0.000000000000000e+00, 1.788864443328289e+06, 0.000000000000000e+00
1164, 1.607066849446977e-02, 1.904618373159556e-02, 2.600633467416297e-01, 0.000000000000000e+00, 0.000000000000000e+00, 1.813669821696943e+06, 0.000000000000000e+00
1165, 1.584018030758624e-02, 1.891578217284419e-02, 2.638145468450968e-01, 0.000000000000000e+00, 0.000000000000000e+00, 1.839054816965270e+06, 0.000000000000000e+00
1166, 1.560985674493236e-02, 1.878509606565899e-02, 2.676569417014419e-01, 0.000000000000000e+00, 0.000000000000000e+00, 1.865037371726292e+06, 0.000000000000000e+00
1167, 1.537969287343437e-02, 1.865412292641614e-02, 2.715931998461665e-01, 0.000000000000000e+00, 0.000000000000000e+00, 1.891635357098660e+06, 0.000000000000000e+00
1168, 1.514969651539519e-02, 1.852285664715018e-02, 2.756266839157214e-01, 0.000000000000000e+00, 0.000000000000000e+00, 1.918870162179516e+06, 0.000000000000000e+00
1169, 1.491986793166685e-02, 1.839129570088761e-02, 2.797613931161014e-01, 0.000000000000000e+00, 0.000000000000000e+00, 1.946766061359922e+06, 0.000000000000000e+00
1170, 1.469020464761387e-02, 1.825944733894137e-02, 2.840006198310556e-01, 0.000000000000000e+00, 0.000000000000000e+00, 1.975343772612814e+06, 0.000000000000000e+00
1171, 1.446070536019012e-02, 1.812730986187150e-02, 2.883476605478993e-01, 0.000000000000000e+00, 0.000000000000000e+00, 2.004624924631314e+06, 0.000000000000000e+00
1172, 1.423137857884297e-02, 1.799488123342588e-02, 2.928064615090800e-01, 0.000000000000000e+00, 0.000000000000000e+00, 2.034634320320989e+06, 0.000000000000000e+00
1173, 1.400221707871808e-02, 1.786215683611118e-02, 2.973816061341986e-01, 0.000000000000000e+00, 0.000000000000000e+00, 2.065400183296106e+06, 0.000000000000000e+00
1174, 1.377322838717015e-02, 1.772914561529691e-02, 3.020769557517812e-01, 0.000000000000000e+00, 0.000000000000000e+00, 2.096946769873151e+06, 0.000000000000000e+00
1175, 1.354440597907906e-02, 1.759584141230207e-02, 3.068967321401142e-01, 0.000000000000000e+00, 0.000000000000000e+00, 2.129301430122699e+06, 0.000000000000000e+00
1176, 1.331575884766655e-02, 1.746223993612392e-02, 3.118459267103437e-01, 0.000000000000000e+00, 0.000000000000000e+00, 2.162495181352945e+06, 0.000000000000000e+00
1177, 1.308728385394409e-02, 1.732834087534380e-02, 3.169300485468451e-01, 0.000000000000000e+00, 0.000000000000000e+00, 2.196561480603142e+06, 0.000000000000000e+00
1178, 1.285898123622741e-02, 1.719415165721169e-02, 3.221537825751094e-01, 0.000000000000000e+00, 0.000000000000000e+00, 2.231529771830659e+06, 0.000000000000000e+00
1179, 1.263085008925673e-02, 1.705966793822228e-02, 3.275222686675189e-01, 0.000000000000000e+00, 0.000000000000000e+00, 2.267432961067076e+06, 0.000000000000000e+00
1180, 1.240289658771387e-02, 1.692488611650971e-02, 3.330416205977389e-01, 0.000000000000000e+00, 0.000000000000000e+00, 2.304308725980407e+06, 0.000000000000000e+00
1181, 1.217511764062072e-02, 1.678980659891902e-02, 3.387183063718437e-01, 0.000000000000000e+00, 0.000000000000000e+00, 2.342196491549035e+06, 0.000000000000000e+00
1182, 1.194751410731654e-02, 1.665443459734158e-02, 3.445582357716345e-01, 0.000000000000000e+00, 0.000000000000000e+00, 2.381133181039806e+06, 0.000000000000000e+00
1183, 1.172008596433310e-02, 1.651876585400363e-02, 3.505679968066873e-01, 0.000000000000000e+00, 0.000000000000000e+00, 2.421160199532108e+06, 0.000000000000000e+00
1184, 1.149283499853456e-02, 1.638279639105151e-02, 3.567551354930061e-01, 0.000000000000000e+00, 0.000000000000000e+00, 2.462323836309583e+06, 0.000000000000000e+00
1185, 1.126576514338243e-02, 1.624653032774469e-02, 3.631272922046360e-01, 0.000000000000000e+00, 0.000000000000000e+00, 2.504670666610942e+06, 0.000000000000000e+00
1186, 1.103887461748031e-02, 1.610996879045537e-02, 3.696921183286137e-01, 0.000000000000000e+00, 0.000000000000000e+00, 2.548248184738853e+06, 0.000000000000000e+00
1187, 1.081216325373706e-02, 1.597310656228685e-02, 3.764580974888728e-01, 0.000000000000000e+00, 0.000000000000000e+00, 2.593109022676858e+06, 0.000000000000000e+00
1188, 1.058563348146681e-02, 1.583594082780192e-02, 3.834346633259379e-01, 0.000000000000000e+00, 0.000000000000000e+00, 2.639310689133435e+06, 0.000000000000000e+00
1189, 1.035928770120755e-02, 1.569847443636134e-02, 3.906313479708530e-01, 0.000000000000000e+00, 0.000000000000000e+00, 2.686911299513525e+06, 0.000000000000000e+00
1190, 1.013312671162611e-02, 1.556070648935183e-02, 3.980585656113061e-01, 0.000000000000000e+00, 0.000000000000000e+00, 2.735974300543060e+06, 0.000000000000000e+00
1191, 9.907149180638135e-03, 1.542264054123114e-02, 4.057271165783210e-01, 0.000000000000000e+00, 0.000000000000000e+00, 2.786565225460436e+06, 0.000000000000000e+00
1192, 9.681349402615457e-03, 1.528427530435780e-02, 4.136481036783579e-01, 0.000000000000000e+00, 0.000000000000000e+00, 2.838752529087194e+06, 0.000000000000000e+00
1193, 9.455736244177861e-03, 1.514560831259651e-02, 4.218338952158392e-01, 0.000000000000000e+00, 0.000000000000000e+00, 2.892611805477689e+06, 0.000000000000000e+00
1194, 9.230311010121457e-03, 1.500663814072898e-02, 4.302980843650516e-01, 0.000000000000000e+00, 0.000000000000000e+00, 2.948225289729595e+06, 0.000000000000000e+00
1195, 9.005075429574943e-03, 1.486736328330619e-02, 4.390550279407341e-01, 0.000000000000000e+00, 0.000000000000000e+00, 3.005680003007217e+06, 0.000000000000000e+00
1196, 8.780029362940780e-03, 1.472778201785761e-02, 4.481206790914824e-01, 0.000000000000000e+00, 0.000000000000000e+00, 3.065071891521614e+06, 0.000000000000000e+00
1197, 8.555167731440565e-03, 1.458789797610203e-02, 4.575112477646294e-01, 0.000000000000000e+00, 0.000000000000000e+00, 3.126498659505985e+06, 0.000000000000000e+00
1198, 8.330494780395334e-03, 1.444771283580619e-02, 4.672438572283268e-01, 0.000000000000000e+00, 0.000000000000000e+00, 3.190064421483452e+06, 0.000000000000000e+00
1199, 8.106013665464954e-03, 1.430722325451452e-02, 4.773379610647804e-01, 0.000000000000000e+00, 0.000000000000000e+00, 3.255886534815221e+06, 0.000000000000000e+00
1200, 7.881725125719073e-03, 1.416642844012407e-02, 4.878144989514694e-01, 0.000000000000000e+00, 0.000000000000000e+00, 3.324091003137128e+06, 0.000000000000000e+00
1201, 7.657630606591986e-03, 1.402532434463346e-02, 4.986966391160987e-01, 0.000000000000000e+00, 0.000000000000000e+00, 3.394817049026378e+06, 0.000000000000000e+00
1202, 7.433727874454481e-03, 1.388391082373517e-02, 5.100099012679770e-01, 0.000000000000000e+00, 0.000000000000000e+00, 3.468216986114631e+06, 0.000000000000000e+00
1203, 7.210017308468232e-03, 1.374219509542314e-02, 5.217803331240350e-01, 0.000000000000000e+00, 0.000000000000000e+00, 3.544447094209576e+06, 0.000000000000000e+00
1204, 6.986501756840465e-03, 1.360017371341324e-02, 5.340370623914860e-01, 0.000000000000000e+00, 0.000000000000000e+00, 3.623683176672911e+06, 0.000000000000000e+00
1205, 6.763185525080572e-03, 1.345784119730956e-02, 5.468139164522898e-01, 0.000000000000000e+00, 0.000000000000000e+00, 3.706127440964163e+06, 0.000000000000000e+00
1206, 6.540067187974647e-03, 1.331520001003418e-02, 5.601475866922231e-01, 0.000000000000000e+00, 0.000000000000000e+00, 3.791998445669994e+06, 0.000000000000000e+00
1207, 6.317133030194132e-03, 1.317224402593209e-02, 5.740785178262292e-01, 0.000000000000000e+00, 0.000000000000000e+00, 3.881538584685997e+06, 0.000000000000000e+00
1208, 6.094411959385714e-03, 1.302898969069296e-02, 5.886499859070338e-01, 0.000000000000000e+00, 0.000000000000000e+00, 3.975006361627435e+06, 0.000000000000000e+00
1209, 5.871883076912215e-03, 1.288542362644796e-02, 6.039133013429234e-01, 0.000000000000000e+00, 0.000000000000000e+00, 4.072709188884147e+06, 0.000000000000000e+00
1210, 5.649554965358314e-03, 1.274154567020566e-02, 6.199251104337693e-01, 0.000000000000000e+00, 0.000000000000000e+00, 4.174986288535193e+06, 0.000000000000000e+00
1211, 5.427441642856860e-03, 1.259736090672970e-02, 6.367504458088588e-01, 0.000000000000000e+00, 0.000000000000000e+00, 4.282226017800251e+06, 0.000000000000000e+00
1212, 5.205521745517657e-03, 1.245286044627073e-02, 6.544644914415524e-01, 0.000000000000000e+00, 0.000000000000000e+00, 4.394878388027365e+06, 0.000000000000000e+00
1213, 4.983801716962636e-03, 1.230804895258337e-02, 6.731511360439187e-01, 0.000000000000000e+00, 0.000000000000000e+00, 4.513446930421577e+06, 0.000000000000000e+00
1214, 4.762280316202161e-03, 1.216292034667308e-02, 6.929101566664275e-01, 0.000000000000000e+00, 0.000000000000000e+00, 4.638531104561991e+06, 0.000000000000000e+00
1215, 4.540978855733459e-03, 1.201748724207796e-02, 7.138559841849728e-01, 0.000000000000000e+00, 0.000000000000000e+00, 4.770816381903817e+06, 0.000000000000000e+00
1216, 4.319876292199441e-03, 1.187173863769041e-02, 7.361321414682531e-01, 0.000000000000000e+00, 0.000000000000000e+00, 4.911173124276939e+06, 0.000000000000000e+00
1217, 4.098980308898270e-03, 1.172567814089592e-02, 7.599004289753271e-01, 0.000000000000000e+00, 0.000000000000000e+00, 5.060573714493542e+06, 0.000000000000000e+00
1218, 3.878292841010518e-03, 1.157930344037458e-02, 7.853663412597551e-01, 0.000000000000000e+00, 0.000000000000000e+00, 5.220264646472615e+06, 0.000000000000000e+00
1219, 3.657811692940294e-03, 1.143261254490911e-02, 8.127844444497619e-01, 0.000000000000000e+00, 0.000000000000000e+00, 5.391792225937250e+06, 0.000000000000000e+00
1220, 3.437540014995042e-03, 1.128560826255270e-02, 8.424760622462468e-01, 0.000000000000000e+00, 0.000000000000000e+00, 5.577115161869362e+06, 0.000000000000000e+00
1221, 3.217482493736406e-03, 1.113829046414919e-02, 8.748410639669922e-01, 0.000000000000000e+00, 0.000000000000000e+00, 5.778681911291507e+06, 0.000000000000000e+00
1222, 2.997683216200835e-03, 1.099057846928784e-02, 9.105841573050065e-01, 0.000000000000000e+00, 0.000000000000000e+00, 6.000832038917489e+06, 0.000000000000000e+00
1223, 2.777978165767560e-03, 1.084272584270393e-02, 9.525204591463301e-01, 0.000000000000000e+00, 0.000000000000000e+00, 6.261285368588332e+06, 0.000000000000000e+00
1224, 2.564312271390412e-03, 1.070764736626992e-02, 1.001870423183839e+00, 0.000000000000000e+00, 0.000000000000000e+00, 6.570415280646648e+06, 0.000000000000000e+00
1225, 2.333484711195145e-03, 1.057791093380650e-02, 1.062368018952885e+00, 0.000000000000000e+00, 0.000000000000000e+00, 6.956230469666932e+06, 0.000000000000000e+00
1226, 2.096109592372743e-03, 1.046058221068053e-02, 1.132817031826840e+00, 0.000000000000000e+00, 0.000000000000000e+00, 7.414761243652363e+06, 0.000000000000000e+00
1227, 1.852859077346526e-03, 1.035597798791042e-02, 1.214572842085931e+00, 0.000000000000000e+00, 0.000000000000000e+00, 7.957603944286390e+06, 0.000000000000000e+00
1228, 1.604409537690777e-03, 1.026440464502481e-02, 1.309174181035176e+00, 0.000000000000000e+00, 0.000000000000000e+00, 8.597978937708329e+06, 0.000000000000000e+00
1229, 1.351463298668374e-03, 1.018610583064038e-02, 1.417945121208280e+00, 0.000000000000000e+00, 0.000000000000000e+00, 9.347948873051744e+06, 0.000000000000000e+00
1230, 1.094729655832123e-03, 1.012130885254285e-02, 1.541845642270317e+00, 0.000000000000000e+00, 0.000000000000000e+00, 1.021725699294140e+07, 0.000000000000000e+00
1231, 8.349201664181706e-04, 1.007020024936076e-02, 1.681199492984212e+00, 0.000000000000000e+00, 0.000000000000000e+00, 1.121109147766814e+07, 0.000000000000000e+00
1232, 5.727701839409182e-04, 1.003291346491152e-02, 1.835709572303575e+00, 0.000000000000000e+00, 0.000000000000000e+00, 1.232994161099022e+07, 0.000000000000000e+00
1233, 3.090138810542884e-04, 1.000955705050637e-02, 2.004300701700210e+00, 0.000000000000000e+00, 0.000000000000000e+00, 1.356806083993324e+07, 0.000000000000000e+00
1234, 4.439109314558195e-05, 1.000018421119687e-02, 2.176271888802759e+00, 0.000000000000000e+00, 0.000000000000000e+00, 1.484239963248072e+07, 0.000000000000000e+00
1235, -2.204098285807312e-04, 1.000242536194298e-02, 2.310279723999464e+00, 0.000000000000000e+00, 0.000000000000000e+00, 1.584313568902510e+07, 0.000000000000000e+00
1236, -4.850564189965586e-04, 1.001177382423171e-02, 2.425748801624485e+00, 0.000000000000000e+00, 0.000000000000000e+00, 1.670348852772946e+07, 0.000000000000000e+00
1237, -7.493632986550475e-04, 1.002811717660846e-02, 2.542302711070748e+00, 0.000000000000000e+00, 0.000000000000000e+00, 1.757675698771548e+07, 0.000000000000000e+00
1238, -1.013144642030219e-03, 1.005145440810729e-02, 2.660034352976407e+00, 0.000000000000000e+00, 0.000000000000000e+00, 1.846549089829649e+07, 0.000000000000000e+00
1239, -1.276215251010156e-03, 1.008177114996724e-02, 2.777693135243941e+00, 0.000000000000000e+00, 0.000000000000000e+00, 1.935709885060831e+07, 0.000000000000000e+00
1240, -1.538390933809183e-03, 1.011904227331399e-02, 2.894551804803712e+00, 0.000000000000000e+00, 0.000000000000000e+00, 2.024552312231192e+07, 0.000000000000000e+00
1241, -1.799488700237760e-03, 1.016323750720899e-02, 3.010035115896725e+00, 0.000000000000000e+00, 0.000000000000000e+00, 2.112600449277662e+07, 0.000000000000000e+00
1242, -2.059323842564385e-03, 1.021433465544578e-02, 3.123580138452520e+00, 0.000000000000000e+00, 0.000000000000000e+00, 2.199381946056244e+07, 0.000000000000000e+00
1243, -2.317714249397461e-03, 1.027229709566294e-02, 3.234583256896654e+00, 0.000000000000000e+00, 0.000000000000000e+00, 2.284388126659913e+07, 0.000000000000000e+00
1244, -2.574479333229013e-03, 1.033708081687143e-02, 3.342533793943889e+00, 0.000000000000000e+00, 0.000000000000000e+00, 2.367184724131797e+07, 0.000000000000000e+00
1245, -2.829439545540043e-03, 1.040863852595078e-02, 3.447005752185887e+00, 0.000000000000000e+00, 0.000000000000000e+00, 2.447405613292542e+07, 0.000000000000000e+00
1246, -3.082414795247027e-03, 1.048692264642574e-02, 3.547568069793671e+00, 0.000000000000000e+00, 0.000000000000000e+00, 2.524677563516825e+07, 0.000000000000000e+00
1247, -3.333232654684753e-03, 1.057186888716533e-02, 3.643966124965141e+00, 0.000000000000000e+00, 0.000000000000000e+00, 2.598776178075472e+07, 0.000000000000000e+00
1248, -3.581707375141025e-03, 1.066344147871050e-02, 3.735860109481397e+00, 0.000000000000000e+00, 0.000000000000000e+00, 2.669400788064598e+07, 0.000000000000000e+00
1249, -3.827673738368391e-03, 1.076155214466451e-02, 3.822960502011684e+00, 0.000000000000000e+00, 0.000000000000000e+00, 2.736296487560561e+07, 0.000000000000000e+00
1250, -4.070953626327276e-03, 1.086614714362853e-02, 3.904920549521438e+00, 0.000000000000000e+00, 0.000000000000000e+00, 2.799177273480447e+07, 0.000000000000000e+00
1251, -4.311381178207322e-03, 1.097714191057500e-02, 3.981645148673752e+00, 0.000000000000000e+00, 0.000000000000000e+00, 2.857944507697700e+07, 0.000000000000000e+00
1252, -4.548784131521758e-03, 1.109446629925956e-02, 4.052423008906427e+00, 0.000000000000000e+00, 0.000000000000000e+00, 2.911964312845140e+07, 0.000000000000000e+00
1253, -4.783102744397177e-03, 1.121783744700906e-02, 4.121228867208412e+00, 0.000000000000000e+00, 0.000000000000000e+00, 2.964612849562864e+07, 0.000000000000000e+00
1254, -5.013605106244763e-03, 1.134816117734570e-02, 4.169179033095985e+00, 0.000000000000000e+00, 0.000000000000000e+00, 2.999766444093630e+07, 0.000000000000000e+00
1255, -5.243105669370864e-03, 1.148029471351918e-02, 4.187263207723865e+00, 0.000000000000000e+00, 0.000000000000000e+00, 3.009716148558708e+07, 0.000000000000000e+00
1256, -5.472547083705711e-03, 1.161253143048197e-02, 4.196744870694786e+00, 0.000000000000000e+00, 0.000000000000000e+00, 3.012783569675159e+07, 0.000000000000000e+00
1257, -5.701896750190313e-03, 1.174492221217266e-02, 4.204218681787618e+00, 0.000000000000000e+00, 0.000000000000000e+00, 3.014594312223407e+07, 0.000000000000000e+00
1258, -5.931216881172024e-03, 1.187736571633132e-02, 4.209514505260420e+00, 0.000000000000000e+00, 0.000000000000000e+00, 3.014929966225427e+07, 0.000000000000000e+00
1259, -6.160559363573002e-03, 1.200977146862331e-02, 4.213376647951552e+00, 0.000000000000000e+00, 0.000000000000000e+00, 3.014382981731555e+07, 0.000000000000000e+00
1260, -6.389902594097093e-03, 1.214217608068577e-02, 4.216305352757075e+00, 0.000000000000000e+00, 0.000000000000000e+00, 3.013342664391356e+07, 0.000000000000000e+00
1261, -6.619246899925769e-03, 1.227457895541476e-02, 4.218332507521635e+00, 0.000000000000000e+00, 0.000000000000000e+00, 3.011803715360279e+07, 0.000000000000000e+00
1262, -6.848590431185892e-03, 1.240698306830994e-02, 4.219586698298434e+00, 0.000000000000000e+00, 0.000000000000000e+00, 3.009848221619570e+07, 0.000000000000000e+00
1263, -7.077932990420029e-03, 1.253938873899527e-02, 4.220158317833866e+00, 0.000000000000000e+00, 0.000000000000000e+00, 3.007529565586766e+07, 0.000000000000000e+00
1264, -7.307275765802811e-03, 1.267179413151244e-02, 4.220137849766552e+00, 0.000000000000000e+00, 0.000000000000000e+00, 3.004904256336260e+07, 0.000000000000000e+00
1265, -7.536618607819541e-03, 1.280419934596778e-02, 4.219617815416050e+00, 0.000000000000000e+00, 0.000000000000000e+00, 3.002033020388850e+07, 0.000000000000000e+00
1266, -7.765959838197511e-03, 1.293660750512466e-02, 4.218660882383878e+00, 0.000000000000000e+00, 0.000000000000000e+00, 2.998953372871417e+07, 0.000000000000000e+00
1267, -7.995299999290606e-03, 1.306901760568120e-02, 4.217301550719585e+00, 0.000000000000000e+00, 0.000000000000000e+00, 2.995680744564250e+07, 0.000000000000000e+00
1268, -8.224641940866480e-03, 1.320142444305683e-02, 4.215597064350058e+00, 0.000000000000000e+00, 0.000000000000000e+00, 2.992251444909511e+07, 0.000000000000000e+00
1269, -8.453984920510891e-03, 1.333382941050378e-02, 4.213611919079748e+00, 0.000000000000000e+00, 0.000000000000000e+00, 2.988709125572440e+07, 0.000000000000000e+00
1270, -8.683327681225211e-03, 1.346623489312890e-02, 4.211378863611691e+00, 0.000000000000000e+00, 0.000000000000000e+00, 2.985071686641006e+07, 0.000000000000000e+00
1271, -8.912670488246479e-03, 1.359864044791890e-02, 4.208925348375947e+00, 0.000000000000000e+00, 0.000000000000000e+00, 2.981353558686734e+07, 0.000000000000000e+00
1272, -9.142012992986451e-03, 1.373104616859539e-02, 4.206280215312443e+00, 0.000000000000000e+00, 0.000000000000000e+00, 2.977571156255263e+07, 0.000000000000000e+00
1273, -9.371355754004345e-03, 1.386345136335158e-02, 4.203465101007622e+00, 0.000000000000000e+00, 0.000000000000000e+00, 2.973735622088070e+07, 0.000000000000000e+00
1274, -9.600699895459305e-03, 1.399585463553794e-02, 4.200510243213651e+00, 0.000000000000000e+00, 0.000000000000000e+00, 2.969866003173879e+07, 0.000000000000000e+00
1275, -9.830043916919832e-03, 1.412825804195895e-02, 4.197443892546385e+00, 0.000000000000000e+00, 0.000000000000000e+00, 2.965980196921632e+07, 0.000000000000000e+00
1276, -1.005938664929303e-02, 1.426066337274675e-02, 4.194274503760045e+00, 0.000000000000000e+00, 0.000000000000000e+00, 2.962079961824178e+07, 0.000000000000000e+00
1277, -1.028872924451936e-02, 1.439306910848509e-02, 4.191012507513288e+00, 0.000000000000000e+00, 0.000000000000000e+00, 2.958169172699298e+07, 0.000000000000000e+00
1278, -1.051807198220519e-02, 1.452547462324594e-02, 4.187676520381078e+00, 0.000000000000000e+00, 0.000000000000000e+00, 2.954259006153014e+07, 0.000000000000000e+00
1279, -1.074741480490934e-02, 1.465788009753233e-02, 4.184279708404338e+00, 0.000000000000000e+00, 0.000000000000000e+00, 2.950356438129177e+07, 0.000000000000000e+00
1280, -1.097675776015348e-02, 1.479028508674539e-02, 4.180838313787314e+00, 0.000000000000000e+00, 0.000000000000000e+00, 2.946471361335145e+07, 0.000000000000000e+00
1281, -1.120609955270169e-02, 1.492269225576068e-02, 4.177364724095776e+00, 0.000000000000000e+00, 0.000000000000000e+00, 2.942610669900936e+07, 0.000000000000000e+00
1282, -1.143543966943289e-02, 1.505510242264776e-02, 4.173851345263908e+00, 0.000000000000000e+00, 0.000000000000000e+00, 2.938764790744291e+07, 0.000000000000000e+00
1283, -1.166478107669185e-02, 1.518751024089523e-02, 4.170304274211685e+00, 0.000000000000000e+00, 0.000000000000000e+00, 2.934935892843665e+07, 0.000000000000000e+00
1284, -1.189412393677228e-02, 1.531991533798059e-02, 4.166747581996226e+00, 0.000000000000000e+00, 0.000000000000000e+00, 2.931141441553525e+07, 0.000000000000000e+00
1285, -1.212346680353741e-02, 1.545232071955208e-02, 4.163187844746688e+00, 0.000000000000000e+00, 0.000000000000000e+00, 2.927384422189387e+07, 0.000000000000000e+00
1286, -1.235280953496052e-02, 1.558472623069729e-02, 4.159624865226348e+00, 0.000000000000000e+00, 0.000000000000000e+00, 2.923662319836066e+07, 0.000000000000000e+00
1287, -1.258215214992644e-02, 1.571713189570697e-02, 4.156063290878549e+00, 0.000000000000000e+00, 0.000000000000000e+00, 2.919976843443415e+07, 0.000000000000000e+00
1288, -1.281149476620243e-02, 1.584953741023462e-02, 4.152504518750422e+00, 0.000000000000000e+00, 0.000000000000000e+00, 2.916327108149263e+07, 0.000000000000000e+00
1289, -1.304083856747504e-02, 1.598194114804231e-02, 4.148955326456998e+00, 0.000000000000000e+00, 0.000000000000000e+00, 2.912716914580983e+07, 0.000000000000000e+00
1290, -1.327018282901982e-02, 1.611434417606206e-02, 4.145427166424370e+00, 0.000000000000000e+00, 0.000000000000000e+00, 2.909154098407945e+07, 0.000000000000000e+00
1291, -1.349952577494796e-02, 1.624674910548320e-02, 4.141918830092819e+00, 0.000000000000000e+00, 0.000000000000000e+00, 2.905635994684082e+07, 0.000000000000000e+00
1292, -1.372886828422211e-02, 1.637915488350922e-02, 4.138426460978107e+00, 0.000000000000000e+00, 0.000000000000000e+00, 2.902157820559858e+07, 0.000000000000000e+00
1293, -1.395821102772288e-02, 1.651156040533365e-02, 4.134955235387627e+00, 0.000000000000000e+00, 0.000000000000000e+00, 2.898722489859964e+07, 0.000000000000000e+00
1294, -1.418755381693275e-02, 1.664396594906404e-02, 4.131508454975479e+00, 0.000000000000000e+00, 0.000000000000000e+00, 2.895331424559274e+07, 0.000000000000000e+00
1295, -1.441689676541300e-02, 1.677637091865539e-02, 4.128090345816794e+00, 0.000000000000000e+00, 0.000000000000000e+00, 2.891986897244456e+07, 0.000000000000000e+00
1296, -1.464623902746311e-02, 1.690877718896723e-02, 4.124706844021743e+00, 0.000000000000000e+00, 0.000000000000000e+00, 2.888692708725271e+07, 0.000000000000000e+00
1297, -1.487557933199431e-02, 1.704118700645071e-02, 4.121349339403933e+00, 0.000000000000000e+00, 0.000000000000000e+00, 2.885440535368680e+07, 0.000000000000000e+00
1298, -1.510492022705814e-02, 1.717359582498642e-02, 4.118012474912851e+00, 0.000000000000000e+00, 0.000000000000000e+00, 2.882224846107221e+07, 0.000000000000000e+00
1299, -1.533426291459934e-02, 1.730600129602044e-02, 4.114709320543458e+00, 0.000000000000000e+00, 0.000000000000000e+00, 2.879055610912982e+07, 0.000000000000000e+00
1300, -1.556360591429063e-02, 1.743840660114759e-02, 4.111445179015491e+00, 0.000000000000000e+00, 0.000000000000000e+00, 2.875936343100993e+07, 0.000000000000000e+00
1301, -1.579294837450100e-02, 1.757081232061503e-02, 4.108213418795957e+00, 0.000000000000000e+00, 0.000000000000000e+00, 2.872860671080452e+07, 0.000000000000000e+00
1302, -1.602229162466378e-02, 1.770321677724282e-02, 4.105013326820315e+00, 0.000000000000000e+00, 0.000000000000000e+00, 2.869827139539679e+07, 0.000000000000000e+00
1303, -1.625163597382942e-02, 1.783561965308899e-02, 4.101852553214201e+00, 0.000000000000000e+00, 0.000000000000000e+00, 2.866841357712090e+07, 0.000000000000000e+00
1304, -1.648097945723503e-02, 1.796802391171906e-02, 4.098731746006010e+00, 0.000000000000000e+00, 0.000000000000000e+00, 2.863903210097093e+07, 0.000000000000000e+00
1305, -1.671032197771340e-02, 1.810042960394669e-02, 4.095644704684091e+00, 0.000000000000000e+00, 0.000000000000000e+00, 2.861006783798951e+07, 0.000000000000000e+00
1306, -1.693966468762693e-02, 1.823283520971930e-02, 4.092592016704061e+00, 0.000000000000000e+00, 0.000000000000000e+00, 2.858151931040954e+07, 0.000000000000000e+00
1307, -1.716900741913253e-02, 1.836524072091214e-02, 4.089613241779044e+00, 0.000000000000000e+00, 0.000000000000000e+00, 2.855371007110672e+07, 0.000000000000000e+00
1308, -1.739833471261224e-02, 1.849767495206165e-02, 4.086647414320209e+00, 0.000000000000000e+00, 0.000000000000000e+00, 2.852612379897125e+07, 0.000000000000000e+00
1309, -1.762767180812830e-02, 1.863009831113071e-02, 4.081274810684429e+00, 0.000000000000000e+00, 0.000000000000000e+00, 2.847861776150460e+07, 0.000000000000000e+00
1310, -1.785806382729764e-02, 1.876064580003948e-02, 4.068553356874652e+00, 0.000000000000000e+00, 0.000000000000000e+00, 2.837004593975807e+07, 0.000000000000000e+00
1311, -1.809172665506163e-02, 1.888525282692056e-02, 4.050816720477225e+00, 0.000000000000000e+00, 0.000000000000000e+00, 2.821988797529325e+07, 0.000000000000000e+00
1312, -1.832860557500344e-02, 1.900363168436481e-02, 4.033194781575230e+00, 0.000000000000000e+00, 0.000000000000000e+00, 2.807099244422822e+07, 0.000000000000000e+00
1313, -1.856853870418083e-02, 1.911569122561219e-02, 4.015946124424631e+00, 0.000000000000000e+00, 0.000000000000000e+00, 2.792550128866845e+07, 0.000000000000000e+00
1314, -1.881135257068563e-02, 1.922136352330338e-02, 3.999043999670321e+00, 0.000000000000000e+00, 0.000000000000000e+00, 2.778317598040164e+07, 0.000000000000000e+00
1315, -1.905688048828256e-02, 1.932056630710868e-02, 3.982460155333278e+00, 0.000000000000000e+00, 0.000000000000000e+00, 2.764376785405054e+07, 0.000000000000000e+00
1316, -1.930494648551617e-02, 1.941324057104464e-02, 3.966152396591689e+00, 0.000000000000000e+00, 0.000000000000000e+00, 2.750691354893848e+07, 0.000000000000000e+00
1317, -1.955538434220949e-02, 1.949929921497704e-02, 3.950111285706643e+00, 0.000000000000000e+00, 0.000000000000000e+00, 2.737252339778813e+07, 0.000000000000000e+00
1318, -1.980800984650036e-02, 1.957870645520142e-02, 3.934327315398141e+00, 0.000000000000000e+00, 0.000000000000000e+00, 2.724050824794175e+07, 0.000000000000000e+00
1319, -2.006264904771344e-02, 1.965139850972467e-02, 3.918743608430871e+00, 0.000000000000000e+00, 0.000000000000000e+00, 2.711038752542366e+07, 0.000000000000000e+00
1320, -2.031912451277953e-02, 1.971732010130489e-02, 3.903347053746216e+00, 0.000000000000000e+00, 0.000000000000000e+00, 2.698204479890418e+07, 0.000000000000000e+00
1321, -2.057725573590099e-02, 1.977642602558858e-02, 3.888121958782964e+00, 0.000000000000000e+00, 0.000000000000000e+00, 2.685534339307782e+07, 0.000000000000000e+00
1322, -2.083686129420247e-02, 1.982867729012082e-02, 3.873036277105071e+00, 0.000000000000000e+00, 0.000000000000000e+00, 2.673001245612615e+07, 0.000000000000000e+00
1323, -2.109776052462880e-02, 1.987402961029622e-02, 3.858079513009688e+00, 0.000000000000000e+00, 0.000000000000000e+00, 2.660596040553646e+07, 0.000000000000000e+00
1324, -2.135976811414746e-02, 1.991246449813515e-02, 3.843234379612785e+00, 0.000000000000000e+00, 0.000000000000000e+00, 2.648303992228425e+07, 0.000000000000000e+00
1325, -2.162270120317740e-02, 1.994395166492887e-02, 3.828451261233445e+00, 0.000000000000000e+00, 0.000000000000000e+00, 2.636083915822142e+07, 0.000000000000000e+00
1326, -2.188637676188708e-02, 1.996845589468814e-02, 3.813727175108548e+00, 0.000000000000000e+00, 0.000000000000000e+00, 2.623933127205841e+07, 0.000000000000000e+00
1327, -2.215060831034602e-02, 1.998597383723044e-02, 3.799060546887748e+00, 0.000000000000000e+00, 0.000000000000000e+00, 2.611850151761433e+07, 0.000000000000000e+00
1328, -2.241521082947035e-02, 1.999649845370849e-02, 3.784432790192490e+00, 0.000000000000000e+00, 0.000000000000000e+00, 2.599819908250753e+07, 0.000000000000000e+00
