iteration,time_us,separation_x_mm,reattachment_x_mm,shock_x_mm,wall_shear_min_kpa,wall_pressure_max_bar,yplus_p95
530,35.75,114.58985136075296,123.7351335632807,114.8665,-7.364784892770325,21.36485,0.5372274350000005
540,36.0,114.38527204753498,117.15809183388781,114.6716,-10.440248179010226,21.33125,0.5668984050000001
550,36.25,114.15291558906348,116.96050656710194,114.4767,-15.077885130991556,21.29906,0.5408128800000008
560,36.5,113.91599861120518,116.8997781868764,114.08699999999999,-17.54043742109146,21.26808,0.5394198350000007
570,36.75,113.69956697963009,116.8403654272827,113.8922,-16.54056585034451,21.23871,0.5606350550000002
580,37.0,113.37195262763424,116.75747547416107,113.6974,-20.068075369984353,21.21206,0.5593922000000002
590,37.25,113.12251564047861,116.68088071671896,113.3078,-19.788392721113667,21.1896,0.5608142150000003
600,37.5,112.81032981043012,116.62633877990203,113.113,-17.596942909689716,21.17275,0.5589838400000002
610,37.75,112.53790291990458,116.59504233368322,112.9182,-20.23341173663578,21.16255,0.5410916300000008
620,38.0,112.19958774554351,116.58219422515467,112.5288,-18.778919108695,21.15998,0.5250061850000001
630,38.25,111.94354176851871,116.5823879338927,112.3341,-19.425350338155376,21.16611,0.5335108450000003
640,38.5,111.5767430866135,116.595758114501,111.9447,-17.958789224135188,21.18198,0.5422648500000009
650,38.75,111.24966871818214,116.62149322041125,111.5553,-18.318486314082467,21.20828,0.5433274000000009
660,39.0,110.97465084681733,116.64536028082958,111.36070000000001,-16.687266693984956,21.24495,0.5511088050000006
670,39.25,110.62214534753743,116.67603952181626,110.9715,-17.066441129279156,21.29093,0.5705398150000001
680,39.5,110.35109373208876,116.71899990831417,110.7769,-16.359469793490277,21.34467,0.5925684900000003
690,39.75,110.02766960316558,116.77584660674344,110.38770000000001,-15.750815852781209,21.405,0.6074775700000001
700,40.0,109.76057075483808,116.83993560777536,110.1931,-15.503472454691767,21.47169,0.6065829400000002
710,40.25,109.448677662364,116.91416398918018,109.8041,-14.643082462174657,21.54538,0.6179836750000001
720,40.5,109.20638855573908,117.00016647677236,109.6096,-14.31549309873898,21.62718,0.6319766500000009
730,40.75,108.87996739450358,117.08504167723434,109.22070000000001,-13.804998477107816,21.71784,0.6340187650000009
740,41.0,108.64087306704823,117.18423277039503,109.0263,-12.818690355559083,21.81717,0.6519687150000004
750,41.25,108.31885379315617,117.27231145791202,108.6374,-13.040025545301361,21.9231,0.6661734950000001
760,41.5,108.06492599597853,117.36780699804605,108.443,-12.047750936269727,22.03063,0.6706626650000004
770,41.75,107.76431932687541,117.44910024018169,117.0113,-12.218357198679037,22.13151,0.6688282350000001
780,42.0,107.49263644655122,117.51840860116211,107.8599,-11.928256085531364,22.21551,0.6864237100000006
790,42.25,107.22029221914832,117.58810313412268,117.2064,-11.36943289094082,22.2734,0.7230174650000001
800,42.5,106.92844430824739,117.64821885853522,117.2064,-11.813702883386316,22.29986,0.7478723550000002
810,42.75,106.6961046868502,117.70233468224548,107.0827,-11.295482832684746,22.29473,0.7576024100000002
820,43.0,106.38753683333398,117.7545441388383,117.40140000000001,-11.634150151354344,22.26211,0.7335416250000003
830,43.25,106.13585271900548,117.80342212557494,106.5,-11.616686512635338,22.20875,0.7330689950000002
840,43.5,105.91791562903192,117.84840923856244,106.3057,-10.99615847322984,22.14222,0.7495485800000002
850,43.75,105.6271571227672,117.88985780824201,105.9174,-11.672817155498358,22.07009,0.7808843500000004
860,44.0,105.37950340638004,117.93048164029207,105.7232,-11.403173922758004,21.99915,0.79497958
870,44.25,105.15722828991704,117.97555155051363,105.529,-10.64546995685077,21.9351,0.7762154800000003
880,44.5,104.94841743079765,118.01268395580087,105.33489999999999,-11.15656282692221,21.88261,0.7856855900000006
890,44.75,104.68239726322717,118.04257988067197,104.9467,-11.203854024392008,21.84508,0.7918182400000003
900,45.0,104.43422627619061,118.07404034520202,104.7526,-10.827750773329784,21.82464,0.7975702150000001
910,45.25,104.20753595347118,118.10969008681968,104.5585,-10.261953738582323,21.82178,0.7766724400000005
920,45.5,103.9942438703684,118.1441748822932,104.36449999999999,-10.480856129458243,21.83469,0.7792170100000007
930,45.75,103.78864716682844,118.17642464748494,104.1705,-10.884766958301098,21.8592,0.7932179100000003
940,46.0,103.57154410429297,118.20959973082994,103.7825,-10.859623189377386,21.89065,0.7829479100000006
950,46.25,103.31871480477346,118.24708309106333,103.5885,-10.568744735866119,21.92553,0.805023665
960,46.5,103.08250952300608,118.28808724456621,103.3946,-10.14902698488538,21.96169,0.7919787450000004
970,46.75,102.85801408138798,118.33422625554793,103.20060000000001,-9.691162727926589,21.99773,0.7551214850000006
980,47.0,102.6428060140975,118.41003096839735,103.00670000000001,-9.549708777671023,22.03244,0.7838593500000005
990,47.25,102.43483709035671,119.02340060843883,102.8128,-10.010236098724999,22.0645,0.7870831650000008
1000,47.5,102.23171346375446,119.20715927407004,102.6189,-10.217160468136965,22.09271,0.77382287
1010,47.75,101.98266270714232,119.33890071885175,102.23110000000001,-10.219341035468355,22.1161,0.7533580400000008
1020,48.0,101.74824070336585,119.46236692879967,102.0373,-10.062784078431294,22.13378,0.7610710400000006
1030,48.25,101.52731397125615,119.57668622449626,101.8435,-9.796807427716297,22.14516,0.7695941300000003
1040,48.5,101.31393878883816,119.67258992413198,101.6497,-9.467889589474977,22.14995,0.77852299
1050,48.75,101.10575915968687,119.77674853921272,101.456,-9.11546079589776,22.14818,0.7828401800000003
1060,49.0,100.9011796967392,119.85675738533578,101.26219999999999,-9.49571700361093,22.14038,0.7759998050000001
1070,49.25,100.69936169172449,119.9363303436878,101.0685,-9.792121151191727,22.12754,0.8037500900000002
1080,49.5,100.49976427892193,120.03223414704593,100.87480000000001,-9.982670085900759,22.11082,0.8104524050000002
1090,49.75,100.30197209084962,112.4453240719765,100.6811,-10.096613452505927,22.0914,0.8150606400000002
1100,50.0,100.1057352940729,112.41058225048593,100.2937,-10.153606515334259,22.07025,0.8461239100000004
1110,50.25,99.91067119965449,112.41334102229024,100.1001,-10.175594468484487,22.04814,0.8517428400000001
1120,50.5,99.7167069546752,112.44193145529486,99.90647,-10.188518126614433,22.02563,0.8916160500000002
1130,50.75,99.52388399545542,112.49175149777624,99.71287,-10.21490205369357,22.00328,0.9378052900000002
1140,51.0,99.33241720130339,112.6035870745807,99.51928,-10.265132340224232,21.98166,0.931277170000001
1150,51.25,99.1425774920313,122.99918496630701,99.32572,-10.336917280049182,21.96125,0.9436044300000008
1160,51.5,98.95475049393791,123.0021329450034,99.13217,-10.417757756423295,21.94255,0.9538504650000007
1170,51.75,98.76945220909131,123.00439851259465,98.93863999999999,-10.481688377636857,21.92609,0.9590186050000009
1180,52.0,98.58691250158844,123.0060217803421,98.93863999999999,-10.485370566619535,21.91259,0.9578678950000004
1190,52.25,98.40662739719214,123.00743384251841,98.74513,-10.37870169484744,21.90261,0.9524939400000003
1200,52.5,98.22732503364955,123.00888248060714,98.55163999999999,-10.157699493066064,21.89655,0.9610604550000004
1210,52.75,98.04701596884252,123.01045439197206,98.35817,-9.852293023165597,21.89489,0.9697931200000002
1220,53.0,97.86382696655652,123.01231645899989,98.16472,-9.530836440848518,21.89783,0.973193795
1230,53.25,97.67727880955975,123.01437720272288,97.97129,-9.269434183306448,21.90473,0.9931418500000007
1240,53.5,97.48841828050669,123.01642244900923,97.77788,-9.087411638124898,21.91434,1.0323807500000002
1250,53.75,97.29928051659974,123.01818020714794,97.58448,-8.955726086690701,21.92535,1.090636100000001
1260,54.0,97.11191246055101,123.01941234593731,97.39111,-8.821090714177553,21.93627,1.1566993500000013
1270,54.25,96.92771401054867,123.02057470958144,97.19775999999999,-8.824590055713207,21.94528,1.1997869000000003
1280,54.5,96.74717302558805,123.02259652232142,97.00442,-8.887608315386865,21.95063,1.2233056500000004
1290,54.75,96.56966942905102,123.02571016218114,96.81111,-8.93105574295733,21.95083,1.2696382000000004
1300,55.0,96.39402375097788,123.0285392513188,96.61782,-8.974186722930241,21.94499,1.2754151500000004
1310,55.25,96.21878595829003,123.02974348793695,96.42455,-9.031349803203687,21.93297,1.2930042000000004
1320,55.5,96.0385127344153,123.02897808548322,96.23129,-9.108245168468123,21.91491,1.3270841500000008
1330,55.75,95.84684924134913,123.03078638426281,96.03805,-9.20440662755007,21.89082,1.3302676500000004
1340,56.0,95.65514651122173,123.04540914170228,95.84484,-9.312311266439014,21.86109,1.3494645500000007
1350,56.25,95.46362858296662,123.07804845245612,95.65164,-9.42092333060884,21.82647,1.3880633000000004
1360,56.5,95.2724403025929,123.12077432429273,95.45848,-9.519008506843115,21.78759,1.4012952
1370,56.75,95.08170292830991,123.16478146639932,95.26532999999999,-9.602137860061283,21.74505,1.4184771500000004
1380,57.0,94.89148792513129,123.20674017280678,95.0722,-9.673046655160867,21.69963,1.4216084500000004
1390,57.25,94.70188175586573,123.24399249262957,94.87909,-9.737442437134087,21.65245,1.4391896500000005
1400,57.5,94.51306851964007,123.2803799269879,94.686,-9.799547005498551,21.60526,1.4543899500000002
1410,57.75,94.32527904191674,123.33463135723136,94.49294,-9.857097050703848,21.56069,1.4737065000000003
1420,58.0,94.13894523511037,123.42368953313621,94.49294,-9.898402543762968,21.52193,1.4743577000000003
1430,58.25,93.95460931423548,124.57711524031409,94.29988,-9.899153440844188,21.49233,1.4731107
1440,58.5,93.77304975603738,124.62815802221957,94.10686,-9.828036681418023,21.47518,1.46690225
1450,58.75,93.59528531217973,124.69686140361229,93.91385,-9.653771659177181,21.47309,1.4594615
1460,59.0,93.4225791587564,124.782732237033,93.72086999999999,-9.324240190401584,21.48793,1.4773160000000005
1470,59.25,93.25684333827397,,93.52791,-8.813443813338543,21.52191,1.4966234500000004
1480,59.5,93.10117011857177,,93.33497,-8.251242204281597,21.57761,1.5663458000000001
1490,59.75,92.95029434445034,,93.14205,-8.528027952177244,21.65609,1.6095840000000015
1500,60.0,92.76407666588466,,92.94914999999999,-8.827000927095018,21.75562,1.6511665
1510,60.25,92.5794177843611,,92.75627,-9.125363539247463,21.87152,1.6926958500000004
1520,60.5,92.39764871836495,,92.5634,-9.374098750465057,21.99545,1.7278983000000019
1530,60.75,92.22032725094088,,92.37057,-9.49813592278962,22.11482,1.7647870500000011
1540,61.0,92.04869218050318,,92.37057,-9.424778878484942,22.21519,1.8340645500000001
1550,61.25,91.8848251483349,,92.17775999999999,-9.082464963278584,22.28577,1.8808789500000023
1560,61.5,91.73140660703437,,91.98497,-8.397792361667008,22.32356,1.9219397000000016
1570,61.75,91.59290451885722,,91.79218999999999,-7.862759867870224,22.3328,1.98447305
1580,62.0,91.4134888186003,,91.59946,-8.241173899695402,22.32042,2.0056124500000005
1590,62.25,91.22943089387742,,91.40673000000001,-8.61638451451321,22.29278,2.0376872500000003
1600,62.5,91.048138154205,,91.21403000000001,-8.94497877484072,22.25489,2.082444600000001
1610,62.75,90.87164006636222,,91.02135,-9.147247195624537,22.21092,2.1171287000000003
1620,63.0,90.7018076288922,,91.02135,-9.136948550689093,22.16463,2.1579155500000007
1630,63.25,90.5419287663734,,90.82869000000001,-8.817699627001963,22.11946,2.18830245
1640,63.5,90.39714856186434,,90.63606,-8.076284581622252,22.07801,2.20875045
1650,63.75,90.25363680964492,,90.44344,-7.806269775382711,22.04215,2.215713250000001
1660,64.0,90.07072110525408,,90.25085,-8.237185011182978,22.01287,2.2163132000000014
1670,64.25,89.89079498195103,,90.05828000000001,-8.65648811696831,21.99058,2.2038236500000012
1680,64.5,89.7168372915583,,89.86573,-8.956653888514538,21.97519,2.187751500000001
1690,64.75,89.55172295302556,,89.86573,-8.993534286675477,21.96634,2.1689303000000013
1700,65.0,89.40010334145117,,89.67319,-8.621218229125295,21.96332,2.1483505000000007
1710,65.25,89.27035969469827,,89.48069,-7.699835915617508,21.96507,2.127253300000001
1720,65.5,89.10390193673626,,89.28822,-7.812345645839716,21.97062,2.1071598000000007
1730,65.75,88.92386482733849,,89.09577,-8.316399982843919,21.97875,2.089746050000001
1740,66.0,88.74962915240191,,88.90334,-8.752882192787759,21.98828,2.0767363000000008
1750,66.25,88.58501970113961,,88.90334,-8.939842814188147,21.99828,2.0696927500000006
1760,66.5,88.4346798327015,,88.71092999999999,-8.706344130389088,22.00787,2.0698213500000007
1770,66.75,88.30713771243416,,88.51854,-7.854144215402459,22.01617,2.0779743500000007
1780,67.0,88.14223293936948,,88.32618000000001,-7.778243264973522,22.0225,2.094570050000001
1790,67.25,87.9624309534053,,88.13384,-8.35558545526062,22.02657,2.119549250000001
1800,67.5,87.78811596433864,,87.94152,-8.873534272716414,22.0281,2.1467254000000007
1810,67.75,87.62254445358805,,87.94152,-9.1549529145788,22.02699,2.1423492
1820,68.0,87.46877505899948,,87.74923,-9.043495611821012,22.02336,2.1334033000000003
1830,68.25,87.33218932732268,,87.55696,-8.374336640018894,22.01727,2.13086535
1840,68.5,87.17763401069631,,87.36471,-7.890662500247611,22.00889,2.13640515
1850,68.75,86.9950300729223,,87.17249000000001,-8.464971043669571,21.99876,2.1586212000000002
1860,69.0,86.81500073324119,,86.98029,-9.023712769222746,21.98733,2.2051217000000003
1870,69.25,86.63978469403601,,86.78811999999999,-9.47744025393296,21.97472,2.2751675000000002
1880,69.5,86.4708035638575,,86.78811999999999,-9.71081422435271,21.96119,2.3492300500000005
1890,69.75,86.31000385838004,,86.59597,-9.638171688229919,21.94705,2.4774288500000003
1900,70.0,86.16056913223008,,86.40384,-9.143041232346508,21.93214,2.5954348500000006
1910,70.25,86.02060912752839,,86.21173999999999,-8.241008725252366,21.91604,2.6736727500000006
1920,70.5,85.83599339743289,,86.01966,-8.529670689291923,21.89861,2.7698971000000006
1930,70.75,85.65231582841193,,85.82760999999999,-9.020407409416235,21.87978,2.848480950000001
1940,71.0,85.47105538462405,,85.63558,-9.486729773240594,21.85908,2.95157425
1950,71.25,85.29379532286032,,85.44357,-9.863923359527446,21.83568,3.0249798500000002
1960,71.5,85.12158004330365,,85.25159000000001,-10.065024302127469,21.80882,3.09261035
1970,71.75,84.95610406231549,,85.25159000000001,-10.029882132714247,21.77813,3.13354195
1980,72.0,84.79998678404388,,85.05963,-9.654456210452057,21.74387,3.13736025
1990,72.25,84.65794408850581,,84.8677,-8.88952267296785,21.70694,3.11260445
2000,72.5,84.48907109075397,,84.6758,-8.3285936740116,21.66894,3.06408065
2010,72.75,84.30499119360184,,84.48391,-8.769319303908437,21.63163,3.0095714
2020,73.0,84.12304808064852,,84.29204999999999,-9.215130558652445,21.5963,2.93448045
2030,73.25,83.94520122727398,,84.10022000000001,-9.616466864878127,21.56335,2.8635022
2040,73.5,83.77358287074712,,83.90841999999999,-9.873206750091565,21.53249,2.7834492
2050,73.75,83.61056431075491,,83.90841999999999,-9.874550072398883,21.50331,2.6940002000000005
2060,74.0,83.46069278824443,,83.71663,-9.48459531799581,21.4758,2.6099875000000003
2070,74.25,83.33222399365845,,83.52488,-8.562089930852723,21.45028,2.5258903
2080,74.5,83.15060422456929,,83.33314999999999,-8.11742096507218,21.42716,2.4345077500000003
2090,74.75,82.96999785640048,,83.14144,-8.607887473294221,21.40703,2.3522100999999997
2100,75.0,82.79458827403535,,82.94976,-9.079259885245241,21.39084,2.27568335
2110,75.25,82.62852280853387,,82.75811,-9.38713198568992,21.37996,2.19647205
2120,75.5,82.47636552958663,,82.75811,-9.333349458048188,21.3764,2.1171531
2130,75.75,82.34709601621985,,101.456,-8.671669089470416,21.38297,2.0471399500000005
2140,76.0,82.1911713390088,105.82031635202553,100.2937,-7.513152201916132,21.40287,1.9806657
2150,76.25,82.0127027128849,106.16906605421141,99.32572,-8.04305956864335,21.43872,1.95592185
2160,76.5,81.84093396886483,106.56445417537604,98.55163999999999,-8.551452672152445,21.49156,1.9202214
2170,76.75,81.68208697312564,107.21374134727274,97.97129,-8.842682793435998,21.56037,1.8757634
2180,77.0,81.54342959359398,,97.39111,-8.631926168047206,21.64153,1.8596919
2190,77.25,81.42012300191162,,81.60865000000001,-7.611128690047773,21.72875,1.83060855
2200,77.5,81.24237096120468,124.6007774607004,81.41722,-7.375018570483568,21.81399,1.8457305000000006
2210,77.75,81.06953054945991,109.18876235450962,81.22581,-7.9049209792154915,21.88898,1.8845143000000006
2220,78.0,80.90926323665467,109.37536060711278,81.03438,-8.272748017985084,21.94666,1.9146923500000006
2230,78.25,80.76902433345035,109.56810452455262,81.03438,-8.175593251569756,21.98301,1.9369044000000006
2240,78.5,80.65314440903444,109.82126266621107,80.84299,-7.292331138797869,21.99766,1.9252525000000007
2250,78.75,80.4762374735015,124.30744525247952,80.65163,-6.958557198720544,21.99348,1.9428635000000007
2260,79.0,80.3038175646396,124.26343676221592,80.46029,-7.462383040754491,21.97547,2.0941955500000007
2270,79.25,80.14396415106583,124.21205578577039,80.26897,-7.803470595800347,21.94954,2.2074580000000004
2280,79.5,80.00427466555276,124.15510036996575,80.26897,-7.688126694782795,21.92149,2.33216385
2290,79.75,79.88814854482362,124.10461607144661,80.07769,-6.811879173662117,21.89639,2.4401116
2300,80.0,79.71186630998349,124.0568642506566,79.88642999999999,-6.6738964245979595,21.87791,2.4890156500000016
2310,80.25,79.54046084272872,123.99420767794054,79.6952,-7.141533961446187,21.86813,2.555559000000002
2320,80.5,79.38229289787141,123.93510113063316,79.50399,-7.425816571585279,21.86748,2.6201866500000013
2330,80.75,79.2454636811026,123.88320716182268,79.50399,-7.237415646973279,21.87508,2.718155050000001
2340,81.0,79.12507247617435,123.82736214893337,79.31281,-6.282848571514635,21.88907,2.7765844500000023
2350,81.25,78.9499104410037,123.76200305952038,79.12165,-6.499698499937426,21.90736,2.8851409000000015
2360,81.5,78.78141295562295,123.70715871283535,78.93054,-6.937930272355366,21.92787,2.950522550000001
2370,81.75,78.62926271855542,123.6581026675864,78.73945,-7.1333993389400305,21.94868,3.013757250000002
2380,82.0,78.50472089846059,123.58826023883978,78.73945,-6.755491167289185,21.96791,3.0966049500000015
2390,82.25,78.36710504500932,123.52647474592084,78.54838,-6.02661393084906,21.9839,3.147434000000001
2400,82.5,78.19599740318388,123.47243805838104,78.35734,-6.513841608613185,21.99533,3.1877090000000026
2410,82.75,78.03885505362376,123.40076185493632,78.16632,-6.87726363996469,22.00129,3.243219200000001
2420,83.0,77.91023285250546,123.33250951630056,78.16632,-6.752789084702216,22.00145,3.271467450000001
2430,83.25,77.79194922493691,123.27360009491915,77.97534,-5.758832724778879,21.99615,3.3002871000000016
2440,83.5,77.62305804346961,123.18702975813092,77.78439,-6.2721754787729775,21.98646,3.329227650000001
2450,83.75,77.47013457629751,123.10756798173956,77.59346000000001,-6.659576163845352,21.97401,3.351760300000001
2460,84.0,77.35237965832066,123.02483304540985,77.59346000000001,-6.472178123124899,21.96062,3.368117300000002
2470,84.25,77.2242542126164,122.93579923448554,77.40256,-5.656855249865222,21.94777,3.406226550000001
2480,84.5,77.05906613928452,122.87667488475762,77.21169,-6.170632389830496,21.93639,3.4558002000000005
2490,84.75,76.91573164479881,122.81758577160126,77.02083999999999,-6.465536563476086,21.92728,3.499045150000001
2500,85.0,76.8158646565073,122.77714224430937,77.02083999999999,-6.0133207713993,21.92091,3.5470790500000007
2510,85.25,76.65941689396465,122.7504445153029,76.83003,-5.669689768559324,21.91725,3.6204278000000008
2520,85.5,76.49938643132182,122.73239718725343,76.63924,-6.14465389232172,21.91614,3.6668256500000003
2530,85.75,76.36767765602372,122.72021038809112,76.63924,-6.255530192408025,21.91709,3.7069336500000003
2540,86.0,76.26303938151518,122.71191554713407,76.44848,-5.463743560918176,21.91925,3.7241651000000005
2550,86.25,76.09598045689529,122.70559620749283,76.25775,-5.74366884329768,21.9217,3.688321
2560,86.5,75.94407167589142,122.70018081917635,76.06706000000001,-6.150462458069293,21.92358,3.582224700000001
2570,86.75,75.82884783138844,122.69480229672253,76.06706000000001,-6.00654795088077,21.92404,3.466142950000001
2580,87.0,75.70005251894895,122.68884983968651,75.87639,-5.374791476106902,21.92228,3.3254727500000003
2590,87.25,75.53757085897635,122.68174326079685,75.68574,-5.873059387692092,21.9177,3.1779000000000006
2600,87.5,75.40043940434465,122.67233766830405,75.49512999999999,-6.115080968175134,21.9099,3.027406600000001
2610,87.75,75.30645697257111,122.64976405843457,75.49512999999999,-5.526449550884649,21.89873,2.877297200000001
2620,88.0,75.14052244577198,122.62389384780381,75.30454999999999,-5.560165534086108,21.88422,2.7445801000000007
2630,88.25,74.98771435450949,122.59561692772417,75.114,-5.999432410425587,21.86652,2.6164461
2640,88.5,74.87121498285964,122.56618122655,75.114,-5.922195699075045,21.84594,2.4919265000000004
2650,88.75,74.74663415085345,122.53678162181906,74.92347000000001,-5.2698377263498575,21.82299,2.377439950000001
2660,89.0,74.58403132746056,122.50829976954718,74.73298,-5.767400593229305,21.79829,2.289921800000001
2670,89.25,74.44567518519953,122.48150923443181,74.54251000000001,-6.00920151626075,21.77232,2.21080295
2680,89.5,74.35311130012937,122.43539593436142,74.54251000000001,-5.4391265904803054,21.74561,2.2185386000000005
2690,89.75,74.18834870235335,122.39206208249156,74.35208,-5.364157565846973,21.71868,2.1985786000000007
2700,90.0,74.03900724576553,122.35286210787665,74.16167999999999,-5.868734096002526,21.69207,2.1679129500000003
2710,90.25,73.93585316245156,102.05438391246007,74.16167999999999,-6.285210481442618,21.66642,2.1156874
2720,90.5,73.79668018637514,102.01644019459563,73.9713,-7.851333864860173,21.64236,2.050458
2730,90.75,73.61909526668684,102.04746035817249,73.78096000000001,-10.314164803660754,21.62033,1.9954925000000001
2740,91.0,73.43188757555343,102.17142203554117,73.59064,-12.566636029167785,21.60056,1.9180466500000002
2750,91.25,73.2366145317683,121.97119973877689,73.40035999999999,-14.027297190197734,21.58317,1.85026795
2760,91.5,73.03864904860221,106.18319136583428,73.21011,-14.560154079667022,21.56835,1.78899495
2770,91.75,72.8410665420805,106.17944940428723,73.01988,-14.424919975821952,21.55638,1.7308939
2780,92.0,72.64451275889182,106.257621855754,72.82969,-13.92018991032501,21.54738,1.6731229500000002
2790,92.25,72.43268117046703,106.35886478327717,72.63953,-16.972865890614887,21.54128,1.6367041
2800,92.5,72.17662083314684,106.46693544968834,72.4494,-18.799490550276783,21.5379,1.6404508000000002
2810,92.75,71.94431308730105,106.58940748022523,72.2593,-19.0728014762507,21.53704,1.7095997000000003
2820,93.0,71.72598569768189,106.72504394719631,71.87918,-18.193927179363964,21.53865,1.7364179000000002
2830,93.25,71.51760373651224,106.88244172777071,71.68916999999999,-16.70074547933362,21.54266,1.8328858000000001
2840,93.5,71.31687980124524,107.075077684522,71.4992,-15.072528375412908,21.54881,1.9451767000000002
2850,93.75,71.11129924379003,107.31019361907242,71.30927,-17.915401735650594,21.55672,1.9145076000000003
2860,94.0,70.8375349539656,107.58143998280175,71.11936,-19.84730680697678,21.56599,1.8954783500000008
2870,94.25,70.60177334982642,107.98309293657167,70.73962999999999,-19.477664021946484,21.57633,1.8662126000000014
2880,94.5,70.38461048195394,122.61853262542822,70.54982,-17.84744453324098,21.58778,1.8227747000000012
2890,94.75,70.18008370949896,122.66823915298266,70.36003000000001,-15.845422263499108,21.60084,1.8387336
2900,95.0,69.98105091544763,122.70211720828303,70.17028,-17.60941376945385,21.61659,1.8926682500000003
2910,95.25,69.69998405942414,122.73296882976001,69.98056,-19.96902660416425,21.6364,1.9502084000000004
2920,95.5,69.46131429191219,122.76446027566665,69.60122000000001,-19.495399319434476,21.66157,1.9922875000000002
2930,95.75,69.24432829979273,122.79896591649712,69.41158999999999,-17.634249392168186,21.69312,2.0243874500000003
2940,96.0,69.04077388922195,122.83393028421686,69.22200000000001,-15.495746278101096,21.73147,2.029673900000001
2950,96.25,68.82989836409212,108.70991878876805,69.03245,-17.959341987926667,21.7763,2.0655285500000002
2960,96.5,68.5539123960724,108.56629593436303,68.84292,-19.707520985723672,21.82633,2.086468650000001
2970,96.75,68.3206322681535,97.73299942956984,68.46397999999999,-18.906150981029608,21.87934,2.105619100000001
2980,97.0,68.10647247939865,97.712009413217,68.27456,-17.018026035623283,21.93227,2.11592395
2990,97.25,67.90418530841954,97.72542932862083,68.08516,-14.996476454546293,21.98165,2.0786939
3000,97.5,67.70009309480642,97.75602305686766,67.89578999999999,-17.29989750583694,22.02416,2.0780472000000003
3010,97.75,67.42551569026527,97.79991460010416,67.70648999999999,-18.94940464917021,22.05717,2.1155302000000007
3020,98.0,67.19165216194871,97.85275531100032,67.32794,-18.379428574213566,22.07926,2.0938155000000007
3030,98.25,66.97627344968267,97.91287725728233,67.13871999999999,-16.800735632523278,22.09046,2.0551592000000003
3040,98.5,66.77259776241783,97.98155774774709,66.94953,-14.983209035812378,22.09205,2.1060108000000004
3050,98.75,66.57451136412683,98.05738023046428,66.76038,-15.129072603950556,22.08614,2.108963750000001
3060,99.0,66.32614314850858,98.14077766523785,66.57126,-17.574796880119678,22.0753,2.1150992000000013
3070,99.25,66.0811649891898,98.22821179409274,66.38218,-17.917067583736717,22.06227,2.081678900000001
3080,99.5,65.85958025985049,98.32125722600851,66.00411000000001,-17.012589339788516,22.04946,2.0499392500000013
3090,99.75,65.65065144065021,98.4158491685219,65.81513,-15.607496672950056,22.03881,2.025132950000001
3100,100.0,65.45026608328453,98.51877040278397,65.62619,-14.148769161481114,22.03169,2.0260863500000004
3110,100.25,65.25390785814109,98.63022358603985,65.43728,-13.596072659075903,22.02867,1.9780211000000003
3113,100.325,65.14963883322612,98.6643319343108,65.43728,-17.029295354460594,22.02853,1.9484965000000007
3120,100.5,65.04626767204218,98.7477985474439,65.2484,-15.723160155875986,22.02941,1.9227263000000012
3130,100.75,64.79974438782116,98.87177188935527,65.05954999999999,-16.520118587835317,22.03292,1.8854112500000004
3140,101.0,64.57567998696385,99.00204107435712,64.87075,-16.35749314276208,22.03763,1.8434836500000005
3150,101.25,64.362919061457,99.13600303898389,64.49325,-15.747167492708076,22.0418,1.8221551500000002
3160,101.5,64.15722362350017,99.2709188165959,64.30456,-14.958165831751234,22.04392,1.8416216000000003
3170,101.75,63.95631346309563,99.41055411247513,64.11590000000001,-14.115804367830712,22.04289,1.7980974500000002
3180,102.0,63.75908517192093,99.55316851472723,63.92728,-13.295258449103267,22.038,1.7973325000000002
3190,102.25,63.5642120945349,99.69609416014559,63.73869,-12.541557498567242,22.029,1.7744899500000002
3200,102.5,63.370678110821224,99.84038155026286,63.550140000000006,-11.873991480193881,22.01613,1.7464624000000009
3210,102.75,63.177786906276,99.98933051489288,63.361619999999995,-12.85083127678204,22.0,1.7321986
3220,103.0,62.98501650475258,100.14161901356687,63.173140000000004,-13.748159037967671,21.98146,1.72393975
3230,103.25,62.759065088670646,95.86869359369574,62.984700000000004,-14.24230099012578,21.96137,1.71111205
3240,103.5,62.54108115247886,95.87730329151957,62.7963,-14.421229088519977,21.94061,1.6926630500000004
3250,103.75,62.33037139086591,95.9261066062806,62.60793,-14.386815534286024,21.91996,1.6677949
3260,104.0,62.12463373785836,95.992070602284,62.231300000000005,-14.20877959743217,21.89999,1.6538602500000004
3270,104.25,61.92262473804732,96.07005208639461,62.04305,-13.944665086122065,21.88099,1.6275689500000006
3280,104.5,61.72348136156904,96.15749061827344,61.85483,-13.629263547410382,21.86308,1.6295366500000006
3290,104.75,61.526519544709906,96.25209525044129,61.66664,-13.295933529680799,21.84617,1.6241812500000001
3300,105.0,61.33136652402871,96.35015034826883,61.4785,-12.959845703544623,21.82994,1.5953188000000005
3310,105.25,61.13767035928317,96.45752646447139,61.290400000000005,-12.633439364963792,21.81408,1.5733203000000002
3320,105.5,60.94519410254813,96.56343441900108,61.10233,-12.32351359296541,21.79842,1.56127095
3330,105.75,60.7536824350654,96.67300277120653,60.9143,-12.038140844041466,21.78295,1.5412535000000005
3340,106.0,60.56295901465119,96.78860646464705,60.72629,-11.77824104966064,21.76779,1.5181564
3350,106.25,60.37286976702257,96.904596903946,60.538340000000005,-11.545258316254655,21.75329,1.50951775
3360,106.5,60.1832828820124,97.02893362671752,60.35044,-11.340118417719763,21.73992,1.4937821
3370,106.75,59.994132961724695,97.15224574946633,60.16256,-11.162273144536476,21.72814,1.4704037000000003
3380,107.0,59.80537047048007,97.27941374562624,59.974720000000005,-11.010034292485818,21.71832,1.43399855
3390,107.25,59.61693501178668,97.41373192178466,59.786930000000005,-10.881002437908503,21.71074,1.40398695
3400,107.5,59.42879417066065,97.54426615551317,59.59917,-10.773844766474337,21.70559,1.3722402
3410,107.75,59.24094302498357,97.6764890158494,59.411440000000006,-10.686405866435717,21.703,1.3337196
3420,108.0,59.05335296651047,97.8153352185797,59.22376,-10.617217470863679,21.70312,1.3042375500000003
3430,108.25,58.8660410029185,97.95409180527945,59.03611,-10.565040978598946,21.70601,1.2708631500000005
3440,108.5,58.67902667659057,98.08531912557858,58.84851,-10.52909011832132,21.71165,1.28299895
3450,108.75,58.49228419376116,98.22487571194549,58.66097,-10.508480002196867,21.71989,1.3223763000000008
3460,109.0,58.30586371246317,98.37028053109363,58.473440000000004,-10.502783286352264,21.73036,1.3430806500000003
3470,109.25,58.11978383834834,98.50157139939019,58.285959999999996,-10.510928453587605,21.74244,1.3195484500000014
3480,109.5,57.93407926415029,95.16722704379397,58.09852,-10.532548386724095,21.7553,1.3652445500000001
3490,109.75,57.74879975698231,95.1274945492207,57.911120000000004,-10.567793075259171,21.76801,1.3839851500000004
3500,110.0,57.56401467283911,95.18143740248729,57.72376,-10.6149183919991,21.77948,1.3562575500000003
3510,110.25,57.3798039190816,95.25851594356324,57.53644,-10.672227580256282,21.78862,1.3309242000000003
3520,110.5,57.196273885866326,95.35716431334653,57.349160000000005,-10.735678391640326,21.79445,1.3593648000000005
3530,110.75,57.0136081962167,95.46536879011524,57.16193,-10.803068666552265,21.79635,1.3741744
3540,111.0,56.83201820640689,95.58093693799786,56.97473,-10.867916370743334,21.79399,1.3887938
3550,111.25,56.65172436567062,95.70458465526032,56.78757,-10.921020550530217,21.78699,1.3841709000000002
3560,111.5,56.47306862884805,95.83412279887577,56.60046,-10.957378759804767,21.7752,1.3710892500000003
3570,111.75,56.296373360060734,95.96459622732881,56.41339,-10.965233986984929,21.75897,1.4276358500000004
3580,112.0,56.12208947584121,96.10020649618038,56.22636,-10.936817489348703,21.7391,1.43787485
3590,112.25,55.95092937592345,96.23950111913182,56.03937,-10.854670579346228,21.71652,1.4771512
3600,112.5,55.78387205876733,96.3772740497658,56.03937,-10.707133693828066,21.69224,1.5272613500000003
3610,112.75,55.62202529261581,96.51752223694398,55.85242,-10.467847297193476,21.6675,1.5530062500000008
3620,113.0,55.46707534995099,96.66048440271669,55.665510000000005,-10.115304391086017,21.64409,1.6332370500000002
3630,113.25,55.29571335455539,96.80349353748767,55.478649999999995,-9.62175422590122,21.6241,1.6412775500000003
3640,113.5,55.11435302477112,96.94171594256929,55.29183,-8.938967512295953,21.60969,1.5864458
3650,113.75,54.93322113948688,97.08352349488995,55.105050000000006,-8.968080685550667,21.60301,1.5234031000000008
3660,114.0,54.75275124187488,97.22832737085116,54.91832,-9.206644051804485,21.6061,1.4987160000000004
3670,114.25,54.57345571410367,97.37155749806264,54.73162,-9.44313390603751,21.62065,1.4938446500000007
3680,114.5,54.39612135329373,97.51010022345743,101.6497,-9.667954278343542,21.64787,1.5055228500000002
3690,114.75,54.22195798211366,97.65414998521517,101.8435,-9.8526252800378,21.68827,1.5472289000000001
3700,115.0,54.052311101026895,97.80325837781224,102.0373,-9.962620857333265,21.74067,1.5467486500000007
3710,115.25,53.88862593347328,97.94880114079929,102.0373,-9.96113701639171,21.80204,1.5384328500000004
3720,115.5,53.73345910217918,98.09106841298693,102.23110000000001,-9.803965903661977,21.8682,1.5322550000000008
3730,115.75,53.590640206009866,98.23996062561596,102.425,-9.43513827359863,21.93499,1.5080704000000005
3740,116.0,53.431548106983804,98.39466768594836,102.425,-8.798061065168838,21.99887,1.48906255
3750,116.25,53.25381314692087,95.57467491599675,102.6189,-8.346842136442666,22.05668,1.4717525000000007
3760,116.5,53.0768437583189,95.66907002980122,102.8128,-8.681341292726614,22.10552,1.4581119
3770,116.75,52.902091234762224,95.8093064366642,103.00670000000001,-9.00250777171407,22.14306,1.4742667000000003
3780,117.0,52.73185145132299,95.97158784294214,103.00670000000001,-9.268107977673235,22.1681,1.4595798500000001
3790,117.25,52.56926450115286,96.14666440620448,103.20060000000001,-9.406526800470914,22.18055,1.4468486000000003
3800,117.5,52.417837968345374,96.33186375766196,103.3946,-9.334447348754308,22.18127,1.4186388
3810,117.75,52.28412259337878,96.52289618815702,103.3946,-8.958930013869182,22.17179,1.3975872
3820,118.0,52.130471280204624,96.71521254490295,103.5885,-8.187801437980008,22.15402,1.3504807000000003
3830,118.25,51.9558985067714,96.90632249611366,52.12251,-8.065604520114551,22.13005,1.3130381500000001
3840,118.5,51.783163782609336,97.09647266271624,51.93648,-8.458474783863423,22.10204,1.2851193
3850,118.75,51.61558575821638,97.28609439498946,51.750490000000006,-8.788279793288153,22.07209,1.2498347000000003
3860,119.0,51.458209232712726,97.47054476676897,51.56454,-8.9534683259266,22.04209,1.3288801000000006
3870,119.25,51.317175120479284,97.58202984539747,51.56454,-8.820563255956401,22.01361,1.310120000000001
3880,119.5,51.194795767433355,97.7515618586421,51.378640000000004,-8.249862199797327,21.98773,1.3088986000000022
3890,119.75,51.0232001999064,97.9247317748372,51.1928,-7.587133967353738,21.96506,1.33003445
3900,120.0,50.852286648107125,98.08505671919619,51.007,-8.029333753185421,21.94581,1.3711124000000003
3910,120.25,50.68691579781799,98.14595377605433,50.82125,-8.40380026587639,21.92979,1.3902225000000006
3920,120.5,50.534114244881266,98.25210249296686,50.635529999999996,-8.582428663800231,21.91654,1.39871355
3930,120.75,50.40336333509416,98.3172578808071,50.635529999999996,-8.375148697595954,21.90553,1.4406847500000004
3940,121.0,50.27224293944574,87.38170239926384,50.449870000000004,-7.595508258588568,21.89615,1.4174399000000002
3950,121.25,50.10293271598134,86.91072457504251,50.264250000000004,-7.489193618655756,21.88774,1.4081329500000013
3960,121.5,49.93719004361455,86.48966494648361,50.07868,-7.936218884487504,21.87965,1.4083904500000013
3970,121.75,49.78319389347985,86.08881498725292,49.89315,-8.225498598958147,21.87144,1.4196369000000002
3980,122.0,49.65227436027048,85.70996804468177,49.707679999999996,-8.117308993077474,21.86282,1.4424987000000002
3990,122.25,49.52990060252937,85.3460356177886,49.707679999999996,-7.371777388614062,21.85369,1.427476900000001
4000,122.5,49.362898752840266,85.01385945526481,49.52225,-7.245561987616269,21.8441,1.4619356000000006
4010,122.75,49.20020482890422,84.7327327160056,49.33686,-7.708064638905348,21.83421,1.42894735
4020,123.0,49.052522637104964,84.49018855822061,49.15152,-7.961399733290061,21.82428,1.4300124500000004
4030,123.25,48.93564342953608,84.26943485326193,49.15152,-7.700561961094188,21.81459,1.4166702500000006
4040,123.5,48.79643667503145,84.05254511179142,48.96624,-6.69809035343303,21.80535,1.3845711000000003
4050,123.75,48.632355587053155,83.83385458365659,48.781,-7.214386669223354,21.79682,1.3566972000000004
4060,124.0,48.478241779215466,83.60278097661211,48.59581,-7.6160107589352934,21.7891,1.361363850000001
4070,124.25,48.349665208125884,83.36008012757853,48.41066,-7.611605981682593,21.78219,1.3221713000000008
4080,124.5,48.234931038554144,83.11590980799403,48.41066,-6.8472714279460485,21.77606,1.3061667000000003
4090,124.75,48.07222586870182,82.88480809722195,48.225570000000005,-6.858780406077755,21.77062,1.2848199500000002
4100,125.0,47.916832727102204,82.66482289875614,48.04052,-7.311874102435865,21.76554,1.271736
4110,125.25,47.78520194554371,82.45553498556404,47.85552,-7.404927152424018,21.76057,1.2513583000000001
4120,125.5,47.6778555434832,82.2594223482026,47.85552,-6.741152169062031,21.75557,1.2183830500000001
4130,125.75,47.5166072122875,82.08062616322484,47.670579999999994,-6.639440777677805,21.75026,1.1837061000000002
4140,126.0,47.36190359132127,81.92098400292778,47.48568,-7.097312175571067,21.74462,1.1565681
4150,126.25,47.23135876756286,81.77239405175234,47.300830000000005,-7.192253136935847,21.73877,1.13387025
4160,126.5,47.12416892584211,81.62145744157164,47.300830000000005,-6.5148401788962715,21.73267,1.1047039
4170,126.75,46.96390722332518,81.46158062643443,47.11603,-6.521536373925087,21.72629,1.0695407000000001
4180,127.0,46.8111973484519,81.29089403076355,46.93128,-6.970975950098095,21.71971,1.0511303
4190,127.25,46.6851564931006,81.114155011667,46.74657,-7.020997193397973,21.71308,1.0365621000000003
4200,127.5,46.57335080721666,80.93662995162558,46.74657,-6.253389738531626,21.7065,1.002052
4210,127.75,46.414080256791145,80.7650660797909,46.561930000000004,-6.538190066146367,21.69988,0.9778803950000002
4220,128.0,46.26533477148195,80.60373838830252,46.37733,-6.978537321024126,21.69319,0.9500638650000003
4230,128.25,46.1491627456952,80.45360994348411,46.19277,-6.925244005650962,21.68644,0.9312747000000001
4240,128.5,46.025855239121825,80.31582898212271,46.19277,-6.112473517343283,21.67971,0.9104639150000007
4250,128.75,45.8688345647572,80.18625451598258,46.008269999999996,-6.682366051988261,21.67328,0.8835333100000007
4260,129.0,45.72834124579615,61.72361899680216,45.82383,-7.0574641133390115,21.66752,0.8754991900000002
4270,129.25,45.633599022413776,61.481140367642,45.82383,-6.746317475026608,21.66279,0.854996840000001
4280,129.5,45.48273646048597,61.29089781446634,45.63942,-6.3228288613482135,21.65939,0.8447578650000006
4290,129.75,45.330924719890305,61.12132760479772,45.45508,-6.87666165155987,21.65766,0.8339389650000001
4300,130.0,45.20640201074515,60.962202353647,45.270779999999995,-7.04074481847277,21.65818,0.8365416550000002
4310,130.25,45.0996760820947,60.80983954265888,45.270779999999995,-6.26274590585119,21.66171,0.836672365
4320,130.5,44.94388147284769,60.66279736564824,45.08654,-6.57593124803048,21.66912,0.8315479600000003
4330,130.75,44.801973982391125,60.520807146705394,44.90234,-7.013716010581763,21.68119,0.8140935550000002
4340,131.0,44.702998513801944,60.391985430642514,44.90234,-6.784916165761434,21.69849,0.8219826000000001
4350,131.25,44.56068950066639,60.27147037343944,44.7182,-6.229477678711409,21.72131,0.810690205
4360,131.5,44.408723501659814,60.15467882344893,44.53411,-6.777259732618387,21.74943,0.7996385
4370,131.75,44.28222238455292,60.055071367621,44.35008,-6.958964780050997,21.782,0.81707576
4380,132.0,44.17803208425797,59.95474836340566,44.35008,-6.229493774369745,21.81752,0.8216522000000005
4390,132.25,44.02292732767416,59.86418173403511,44.16609,-6.430064906120428,21.85405,0.8177244300000002
4400,132.5,43.880845892776826,59.76899173714615,43.98216,-6.8498111092729355,21.88929,0.8084245500000002
4410,132.75,43.78140086243269,59.67798627530374,43.98216,-6.621393672381754,21.92104,0.8103364150000001
4420,133.0,43.641965079137705,59.58010219467207,43.798280000000005,-6.065343199266436,21.94747,0.7884940200000002
4430,133.25,43.492365259562085,59.48531051379935,43.61445,-6.584649762444992,21.96739,0.7785093700000001
4440,133.5,43.37178834335053,59.386218446062934,43.43068,-6.69751850675176,21.98053,0.76052904
4450,133.75,43.26394585326024,59.29228171063858,43.43068,-5.808755303069085,21.9874,0.73445491
4460,134.0,43.112411238423476,59.19689592670909,43.24696,-6.2829817129058645,21.98907,0.732655075
4470,134.25,42.98112745514983,59.108359915003625,43.063289999999995,-6.585380737434346,21.98686,0.7119576200000001
4480,134.5,42.888209749565654,59.018020056996264,43.063289999999995,-6.012980595523148,21.98212,0.6960113450000001
4490,134.75,42.73816932716332,58.93374989116677,42.87968,-5.997879455144067,21.97624,0.680297335
4500,135.0,42.60271041295297,58.84435964422782,42.69612,-6.386459873205243,21.97052,0.6606073550000001
4510,135.25,42.51591503739602,58.75814776374982,42.69612,-5.984822510541415,21.96579,0.6464106700000001
4520,135.5,42.3688240704619,58.664687862616006,42.51261,-5.759172438061523,21.96225,0.6337309200000003
4530,135.75,42.23371010240148,58.57167083854323,42.32917,-6.169776833324843,21.9597,0.6219723050000003
4540,136.0,42.14901702839918,58.47212694448275,42.32917,-5.794782464102747,21.95779,0.6227569300000003
4550,136.25,42.00446354539242,58.37360792606963,42.14577,-5.584167763960725,21.95616,0.617419445
4560,136.5,41.87380722762682,58.270771167042234,41.962430000000005,-5.966600512498556,21.95444,0.6183353
4570,136.75,41.788321248893986,58.16981565230973,41.962430000000005,-5.467849729597653,21.9522,0.5827323450000002
4580,137.0,41.645767328451136,58.06798135935112,41.77914,-5.4781217466963374,21.94909,0.5884106750000007
4590,137.25,41.525248797327414,57.96976370576716,41.595909999999996,-5.760265969646071,21.94496,0.5648520800000005
4600,137.5,41.43329621598263,57.87430367331944,41.595909999999996,-4.958390088184886,21.93984,0.5818248000000001
4610,137.75,41.29468265198083,57.7846146376477,41.41273,-5.427380319189615,21.93387,0.6052526800000001
4620,138.0,41.19595995701812,57.700083336623464,41.22961,-5.464975343804093,21.92722,0.6097892400000002
4630,138.25,41.08387100038137,57.62241693378227,41.22961,-4.947886417140726,21.9202,0.6148644950000001
4640,138.5,40.95714661015992,57.55073303686752,41.04654,-5.3776974235446895,21.9131,0.6064239100000004
4650,138.75,40.87729822095665,57.48430941808438,41.04654,-4.884193907641289,21.90617,0.613146225
4660,139.0,40.743804084272114,57.423709595759064,40.863530000000004,-5.039957496422748,21.8996,0.61570854
4670,139.25,40.64941728686259,57.36777048442292,40.680569999999996,-5.113620773508605,21.89349,0.616593075
4680,139.5,40.54145330048486,57.31508007861254,40.680569999999996,-4.676531534818378,21.88785,0.6143904050000001
4690,139.75,40.426104453949876,57.266461514311196,40.49768,-5.036486901590388,21.88254,0.6125615850000001
4700,140.0,40.34331661214349,57.22126178116362,40.49768,-4.351216510416296,21.87731,0.6175373550000001
4710,140.25,40.21960701238263,57.17842171359445,40.31483,-4.8233677816169855,21.87188,0.63633932
4720,140.5,40.146236766885515,57.13664855690002,40.31483,-4.438673118855745,21.86607,0.6295065500000002
4730,140.75,40.02183207080531,57.09648060902795,40.13205,-4.581187611244781,21.85979,0.617566805
4740,141.0,39.949134451729705,57.057778288305705,39.94932,-4.481544498244082,21.85292,0.6156411500000001
4750,141.25,39.82907542583313,57.01998876376115,39.94932,-4.353871870576372,21.84537,0.6172543300000001
4760,141.5,39.74189865646504,56.98274837660569,39.76665,-4.4248596952068695,21.83711,0.6056354550000003
4770,141.75,39.639671689101505,56.94534356243391,39.76665,-4.151855879513503,21.82819,0.5990687400000001
4780,142.0,39.5450166526342,56.908878024474014,39.58404,-4.319716126536628,21.81868,0.5925626600000001
4790,142.25,39.453114943778324,56.87319812312263,39.58404,-3.9798999996311153,21.80871,0.58310726
4800,142.5,39.35556859565056,56.837805366090755,39.40148,-4.192316245312769,21.79844,0.5895640650000001
4810,142.75,39.26932271852531,56.80266588800497,39.40148,-3.837679883339907,21.78809,0.5946046500000003
4813,142.825,39.24999559453747,56.792219389161325,39.40148,-3.6550696967729035,21.785,0.5805711300000003
4820,143.0,39.17234816345862,56.7678387198757,39.21898,-4.055333012579356,21.77787,0.5987036100000006
4830,143.25,39.088472145701004,56.73387738927274,39.21898,-3.7234177397631654,21.76796,0.6012119050000004
4840,143.5,38.99521809420972,56.70080476886853,39.03654,-3.911232998158653,21.75854,0.610446185
4850,143.75,38.910815663930364,56.66839985218827,39.03654,-3.6346657683328507,21.74968,0.6102142900000002
4860,144.0,38.82487664402316,56.63634749690887,38.85416,-3.7492911036603696,21.74145,0.6083657500000001
4870,144.25,38.736620946738256,56.604084987685376,38.85416,-3.5646213265205966,21.73384,0.6173564500000003
4880,144.5,38.663207201486436,56.57090194783858,38.67183,-3.557443813610008,21.72681,0.61721932
4890,144.75,38.56640617675405,56.53590537257407,38.67183,-3.5083790222707436,21.72028,0.6214479550000002
4900,145.0,38.50196201049267,56.49786332974036,38.48956,-3.3101128764274685,21.71418,0.6274112150000002
4910,145.25,38.40133128512193,56.45602154957781,38.48956,-3.449748784795767,21.7085,0.6294803050000001
4920,145.5,38.339108911135185,56.40945433047686,38.48956,-3.05388888514408,21.70318,0.64118017
4930,145.75,38.24388360310319,56.358364610585184,38.307359999999996,-3.3644718436332615,21.69832,0.6507329700000001
4940,146.0,38.17827068269793,56.303360916260104,38.307359999999996,-3.0753727272476743,21.69419,0.6477926500000002
4950,146.25,38.09923994392452,56.2453856831153,38.12521,-3.20250896956528,21.69085,0.6439673600000003
4960,146.5,38.0214760725477,56.18548043793762,38.12521,-3.1002032593580875,21.68838,0.652693115
4970,146.75,37.96220963634958,56.12569561887312,37.94311999999999,-2.890736534613679,21.687,0.6611924150000003
4980,147.0,37.87303253510619,56.06721536089356,37.94311999999999,-3.0762122183886733,21.68697,0.6635706100000006
4990,147.25,37.81425086899832,56.010549454278454,37.94311999999999,-2.8005274311111883,21.68849,0.6575838650000003
5000,147.5,37.74279957016435,55.956229169338556,37.761089999999996,-2.923853778088284,21.69172,0.6471728700000002
5010,147.75,37.668898944825344,55.904447732278385,37.761089999999996,-2.859011965249812,21.69667,0.6298842450000003
5020,148.0,37.61494934844307,55.85467716087771,37.761089999999996,-2.546223784952656,21.70323,0.612982735
5030,148.25,37.537405175362395,55.80478216773823,37.57911,-2.805243663617992,21.71124,0.6172685650000003
5040,148.5,37.47609830604027,55.75629627811982,37.57911,-2.641076101602134,21.72065,0.6192009450000001
5050,148.75,37.42386591205455,55.708925355463315,37.3972,-2.4732298568724977,21.73144,0.6234603500000004
5060,149.0,37.34802961526095,55.662710194340214,37.3972,-2.6395982826529387,21.74354,0.626169875
5070,149.25,37.2922520420085,55.61635188758136,37.3972,-2.4552247756935435,21.75676,0.6244532500000003
5080,149.5,37.242446434271415,55.57303743802305,37.21535,-2.333739366310323,21.77096,0.6343506950000001
5090,149.75,37.17071413563886,55.53319054151444,37.21535,-2.4641668019589216,21.78605,0.6405911400000004
5100,150.0,37.11704705804428,55.49726702862112,37.21535,-2.3024224592239397,21.8021,0.6468989100000002
5110,150.25,37.070987098952784,55.464946842099906,37.03356,-2.1153561916952475,21.81925,0.654326335
5120,150.5,37.00592384459787,55.43651568641606,37.03356,-2.2805298363836313,21.83764,0.6549614450000001
5130,150.75,36.95091947085303,55.412496109505895,37.03356,-2.1709206913425736,21.85723,0.6612787100000003
5140,151.0,36.90811110173737,55.39193966015164,37.03356,-1.999139615067065,21.87788,0.6642709350000002
5150,151.25,36.85657970053464,55.37382502913995,36.85183,-2.0594087260780367,21.89926,0.675278065
5160,151.5,36.79556613432481,55.35723884009586,36.85183,-2.0350870384533373,21.92086,0.6867925800000002
5170,151.75,36.75261930556122,55.340969275390464,36.85183,-1.9082607004127246,21.94195,0.695820755
5180,152.0,36.712461136293115,55.32382814190302,36.67016,-1.7866212824579084,21.96158,0.702257695
5190,152.25,36.65628614848629,55.304859001096176,36.67016,-1.8523060143101322,21.97872,0.7098857500000001
5200,152.5,36.60666656770235,55.28293388469144,36.67016,-1.7973724408636744,21.99246,0.7136990300000002
5210,152.75,36.56909749471765,55.25742220219642,36.67016,-1.703272817853082,22.00212,0.730005615
5220,153.0,36.5315845644191,55.22817859044159,36.488550000000004,-1.6159908145105055,22.00739,0.735814815
5230,153.25,36.479045812782154,55.194341127702785,36.488550000000004,-1.6192938388960827,22.00835,0.7384613250000001
5240,153.5,36.433979812182415,55.155166301487924,36.488550000000004,-1.5842417505791826,22.00547,0.7441261100000005
5250,153.75,36.399768576229285,55.10972454091439,36.488550000000004,-1.5232010574968304,21.99947,0.74503081
5260,154.0,36.36736679180864,55.05643701992603,36.307,-1.4615908453458772,21.99121,0.7382929800000001
5270,154.25,36.326226244913364,54.99623703948394,36.307,-1.4027366977121414,21.98163,0.748880605
5280,154.5,36.27896986605468,54.92920575256168,36.307,-1.365164492455504,21.97157,0.7416476700000001
5290,154.75,36.24576317731081,54.855559270500855,36.307,-1.3368697024276344,21.96182,0.7392857500000001
5300,155.0,36.21812200817187,54.77933101787901,36.307,-1.3011792501213357,21.95294,0.7398173650000003
5310,155.25,36.190065196256036,54.70238468819959,36.12551,-1.2623198203669932,21.94519,0.7277409100000002
5320,155.5,36.15460156477751,54.628704576150334,36.12551,-1.2404147082376469,21.93861,0.7059801600000003
5330,155.75,36.112124829125904,54.562255678558806,36.12551,-1.219446833407839,21.93305,0.6915181700000002
5340,156.0,36.084317409660095,54.50247208287247,36.12551,-1.19486406754534,21.92823,0.6751633700000002
5350,156.25,36.061845154597265,54.451470448504956,36.12551,-1.171026515341201,21.92378,0.659982315
5360,156.5,36.041127579363625,54.40900487355283,35.94408000000001,-1.149521403394779,21.91928,0.6450106600000002
5370,156.75,36.018837903726336,54.37361827723722,35.94408000000001,-1.1301107033326883,21.91436,0.6362524050000004
5380,157.0,35.99187421675296,54.34272214500219,35.94408000000001,-1.1106107326990564,21.90861,0.6344634800000004
5390,157.25,35.958476577516855,54.31535000950666,35.94408000000001,-1.0898971463968798,21.90175,0.6275594200000001
5400,157.5,35.93193810670418,54.29158320869118,35.94408000000001,-1.0681760387901305,21.89365,0.6214082600000004
5410,157.75,35.91577965553326,54.27053197937329,35.94408000000001,-1.0474241596206502,21.8843,0.6306952450000001
5420,158.0,35.9022574538097,54.25159020338541,35.94408000000001,-1.026954818084836,21.87379,0.6242292450000003
5430,158.25,35.88971332499963,54.234351902526605,35.762719999999995,-1.0086603015362536,21.8623,0.631651735
5440,158.5,35.87709310238573,54.218649305437594,35.762719999999995,-0.991735624156412,21.85005,0.6236019500000002
5450,158.75,35.86389152939254,54.20441072820031,35.762719999999995,-0.9747070927509001,21.83726,0.6273672950000002
5460,159.0,35.85015345823636,54.19163715996378,35.762719999999995,-0.9576531752320988,21.82414,0.621301635
5470,159.25,35.83648103898956,54.180392551484395,35.762719999999995,-0.9409850165002352,21.81094,0.6260651300000002
5480,159.5,35.82387983202421,54.17068515427506,35.762719999999995,-0.9244829195521785,21.7979,0.6225673349999999
5490,159.75,35.81301323577509,54.162208258086515,35.762719999999995,-0.9082691327966003,21.78519,0.6272550150000001
5500,160.0,35.8041428666419,54.15538516497265,35.762719999999995,-0.8929305751756541,21.77294,0.6285313400000001
5510,160.25,35.79713012601249,54.14993858004993,35.762719999999995,-0.879803474062257,21.76126,0.62867863
5520,160.5,35.7916667569603,54.14545853413422,35.762719999999995,-0.8703776988102415,21.75035,0.6291370000000001
5530,160.75,35.787549848811594,54.14142199560444,35.762719999999995,-0.8617609928270602,21.74043,0.6317185000000002
5540,161.0,35.7846479933086,54.13717507932867,85.25159000000001,-0.8541799093067517,21.73159,0.6387279400000002
5550,161.25,35.78294141440185,54.13200438172299,85.25159000000001,-0.8476526257114742,21.72388,0.6359804350000002
5560,161.5,35.782510629885984,54.12521437835559,85.05963,-0.8419493868482094,21.71743,0.6385591500000003
5570,161.75,35.78346256504948,54.11589226732926,84.8677,-0.8366845252090281,21.71239,0.6249826950000003
5580,162.0,35.78572959874243,54.10315952067347,84.6758,-0.8314778412813096,21.7089,0.6265185350000001
5590,162.25,35.789300260174166,54.086194701683674,84.6758,-0.8260799738558212,21.70707,0.6192702250000003
5600,162.5,35.794061771949394,54.0643542640262,84.48391,-0.8203867350587963,21.70701,0.6162679150000002
5610,162.75,35.79990613170595,54.03720233369608,84.29204999999999,-0.8143856124971721,21.7088,0.6095370650000002
5613,162.82500000000002,35.801848980621784,54.02799132455255,84.29204999999999,-0.8125257975165135,21.70972,0.6042036150000003
