x_m,r_m,pressure_pa,pressure_over_pc,tau_wall_pa,su2_cf_t,yplus
-0.02268,0.02,5167107.0,0.9936744230769231,4295.926747691365,27577.195396218052,1.151714
-0.0224814,0.01999803,5180970.0,0.9963403846153847,4150.450012966033,26643.324644981378,1.13106
-0.02228287,0.01999211,5191394.0,0.998345,4045.0176957531103,25966.514311932915,1.163872
-0.02208451,0.01998225,5196146.0,0.9992588461538462,4152.130419531601,26654.11181685964,1.130251
-0.02188638,0.01996846,5198831.0,0.9997751923076923,4079.8526755323815,26190.133358629304,1.162709
-0.02168856,0.01995073,5198469.0,0.9997055769230769,4178.740941951514,26824.934928953848,1.126526
-0.02149113,0.01992908,5197838.0,0.9995842307692308,4097.980224649906,26306.5010234963,1.156105
-0.02129417,0.01990351,5196136.0,0.999256923076923,4193.3503052428005,26918.718014597627,1.11864
-0.02109776,0.01987403,5195548.0,0.9991438461538461,4114.929631128804,26415.305740562228,1.146943
-0.02090197,0.01984066,5194361.0,0.998915576923077,4213.917811171796,27050.748694618316,1.109393
-0.02070689,0.01980341,5193948.0,0.9988361538461539,4140.388603949002,26578.73661573413,1.136699
-0.02051258,0.01976229,5192329.0,0.9985248076923077,4242.411904413056,27233.6631675838,1.098966
-0.02031912,0.01971732,5190848.0,0.99824,4171.86594524833,26780.80169797314,1.124831
-0.0201266,0.01966851,5187682.0,0.9976311538461539,4275.36378286936,27445.19386729843,1.086736
-0.01993509,0.0196159,5184233.0,0.9969678846153847,4205.336490996219,26995.661921230818,1.110745
-0.01974466,0.01955948,5178863.0,0.9959351923076923,4308.717987143493,27659.307250178485,1.07209
-0.01955538,0.0194993,5173115.0,0.9948298076923077,4241.091165554311,27225.18484015549,1.093461
-0.01936734,0.01943538,5165572.0,0.9933792307692307,4341.372620117693,27868.92981755705,1.054855
-0.01918061,0.01936772,5157948.0,0.991913076923077,4273.3482899506225,27432.2556480726,1.074162
-0.01899525,0.01929638,5148982.0,0.9901888461538462,4373.722103843964,28076.593515306453,1.035347
-0.01881135,0.01922136,5140389.0,0.9885363461538461,4307.336188016168,27650.436953553195,1.052725
-0.01862898,0.01914271,5130718.0,0.9866765384615385,4410.120071848496,28310.24598068559,1.014127
-0.0184482,0.01906045,5121499.0,0.9849036538461539,4350.092936874967,27924.90886311724,1.030178
-0.01826909,0.01897463,5111901.0,0.9830578846153846,4465.548762749549,28666.06392854896,0.9929364
-0.01809173,0.01888525,5104543.0,0.9816428846153846,4494.087022142246,28849.261920917732,0.9796742
-0.01791617,0.01879238,5100669.0,0.9808978846153846,4425.985470958567,28412.092040219206,0.9942397
-0.01774245,0.01869611,5097845.0,0.9803548076923077,4480.698148346738,28763.31362373309,0.9886753
-0.01757033,0.01859701,5092090.0,0.9792480769230769,4647.520950498812,29834.212938756256,0.9653472
-0.01739833,0.01849767,5085278.0,0.9779380769230769,4703.179677501893,30191.50757626226,0.9644031
-0.01722634,0.01839834,5080812.0,0.9770792307692308,4746.792510844063,30471.475019260688,0.964373
-0.01705434,0.01829904,5078981.0,0.9767271153846154,4799.127386446161,30807.43258448021,0.9653018
-0.01688233,0.01819973,5079309.0,0.9767901923076923,4860.66538866496,31202.468536243756,0.9671973
-0.01671032,0.01810043,5080905.0,0.9770971153846154,4927.915202699879,31634.17079071002,0.9696345
-0.01653832,0.01800113,5083060.0,0.9775115384615385,4998.221347913297,32085.492802927114,0.9722984
-0.01636631,0.01790182,5085381.0,0.9779578846153846,5070.303878275835,32548.218110226593,0.9750351
-0.0161943,0.01780252,5087728.0,0.9784092307692308,5143.814308948667,33020.10965526149,0.9777937
-0.01602229,0.01770322,5090078.0,0.9788611538461538,5218.838594265476,33501.71921174546,0.9805758
-0.01585028,0.01760391,5092448.0,0.9793169230769231,5295.532212486711,33994.044854045234,0.9833986
-0.01567828,0.01750461,5094854.0,0.9797796153846153,5373.999156335778,34497.75415119112,0.9862715
-0.01550627,0.01740531,5097311.0,0.9802521153846154,5454.299467893577,35013.23253624427,0.9891963
-0.01533426,0.017306,5099818.0,0.9807342307692307,5536.479807938717,35540.779542573095,0.9921685
-0.01516226,0.0172067,5102360.0,0.981223076923077,5620.589232180078,36080.71007751853,0.9951849
-0.01499025,0.01710739,5104903.0,0.9817121153846153,5706.663081154499,36633.25100549124,0.9982449
-0.01481824,0.01700808,5107398.0,0.982191923076923,5794.648920051291,37198.065727404486,1.001347
-0.01464624,0.01690878,5109792.0,0.9826523076923077,5884.444912302909,37774.500515416396,1.004472
-0.01447423,0.01680947,5112035.0,0.9830836538461538,5976.02735910712,38362.4032378594,1.007604
-0.01430223,0.01671017,5114076.0,0.9834761538461538,6069.442102691966,38962.068173513,1.010737
-0.01413022,0.01661086,5115861.0,0.983819423076923,6164.709949808792,39573.62888886495,1.013871
-0.01395821,0.01651156,5117353.0,0.9841063461538462,6261.903804409252,40197.553382239734,1.017006
-0.0137862,0.01641226,5118533.0,0.9843332692307692,6361.016927109852,40833.79839095936,1.020135
-0.0136142,0.01631295,5119417.0,0.9845032692307693,6462.043707344555,41482.327898656484,1.023257
-0.01344219,0.01621365,5120040.0,0.9846230769230769,6564.885537726764,42142.50890683568,1.026364
-0.01327018,0.01611434,5120441.0,0.9847001923076923,6669.197661119319,42812.12828769147,1.029428
-0.01309817,0.01601504,5120608.0,0.9847323076923077,6774.160995192135,43485.92803875103,1.032379
-0.01292617,0.01591574,5120484.0,0.9847084615384616,6879.293995289966,44160.81694085966,1.035156
-0.01275416,0.01581644,5120057.0,0.9846263461538461,6988.8439252811895,44864.059803795695,1.038118
-0.01258215,0.01571713,5119340.0,0.9844884615384616,7102.628767850954,45594.48818886083,1.041225
-0.01241015,0.01561783,5118292.0,0.9842869230769231,7219.855170829035,46347.00926531066,1.044407
-0.01223814,0.01551852,5116824.0,0.9840046153846154,7340.026068632455,47118.43217922436,1.047612
-0.01206613,0.01541922,5114852.0,0.9836253846153846,7462.98727202654,47907.767130984204,1.050819
-0.01189412,0.01531992,5112326.0,0.9831396153846154,7588.764837782336,48715.18138896062,1.054022
-0.01172212,0.01522061,5109234.0,0.982545,7717.488565467866,49541.508186181054,1.057217
-0.01155011,0.01512131,5105585.0,0.9818432692307693,7849.735925895426,50390.45452845861,1.060439
-0.0113781,0.015022,5101382.0,0.981035,7985.103971294556,51259.43374007624,1.063664
-0.0112061,0.01492269,5096622.0,0.9801196153846153,8122.856717980434,52143.721260519575,1.06684
-0.01103409,0.01482339,5091307.0,0.9790975,8263.041092723977,53043.61833066326,1.069957
-0.01086209,0.01472408,5085431.0,0.9779675,8405.78967017909,53959.97599787147,1.073013
-0.01069008,0.01462478,5078972.0,0.9767253846153846,8551.207235442113,54893.466917719146,1.076013
-0.01051807,0.01452547,5071901.0,0.9753655769230769,8699.273898257185,55843.96340705326,1.078953
-0.01034606,0.01442617,5064190.0,0.9738826923076923,8849.995569342276,56811.50340903113,1.081825
-0.01017406,0.01432687,5055815.0,0.9722721153846153,9003.415018323247,57796.3614782247,1.084624
-0.01000205,0.01422756,5046744.0,0.9705276923076923,9159.565971221136,58798.75411485076,1.08735
-0.009830044,0.01412826,5036951.0,0.9686444230769231,9318.452571774353,59818.70791914959,1.089996
-0.009658036,0.01402896,5026418.0,0.9666188461538462,9480.1130282023,60856.46816428206,1.092555
-0.009486028,0.01392965,5015134.0,0.9644488461538462,9644.696977533358,61912.99542751413,1.095024
-0.00931402,0.01383035,5003088.0,0.9621323076923077,9812.373654412568,62989.37609070199,1.097413
-0.009142013,0.01373105,4990273.0,0.9596678846153847,9983.273562493428,64086.44790666681,1.099728
-0.008970006,0.01363174,4976703.0,0.9570582692307692,10157.543666565625,65205.154298553236,1.101969
-0.008797999,0.01353244,4962403.0,0.9543082692307693,10335.500963885392,66347.53019288323,1.104147
-0.008625992,0.01343313,4947411.0,0.9514251923076923,10517.470906849003,67515.66479295363,1.106276
-0.008453985,0.01333383,4931777.0,0.9484186538461539,10703.857249507186,68712.1499503026,1.108373
-0.008281978,0.01323453,4915567.0,0.9453013461538462,10895.159412316096,69940.19163568178,1.110457
-0.008109971,0.01313522,4898857.0,0.9420878846153846,11092.007545302715,71203.83502291366,1.112551
-0.007937965,0.01303592,4881710.0,0.9387903846153847,11295.22343068261,72508.35544606764,1.114698
-0.00776596,0.01293661,4864172.0,0.9354176923076923,11505.51345052819,73858.28744159633,1.11693
-0.007593954,0.0128373,4846264.0,0.9319738461538462,11723.607327990872,75258.31538125787,1.119264
-0.007421947,0.012738,4827891.0,0.9284405769230769,11949.880891942576,76710.8518541966,1.121684
-0.00724994,0.01263869,4809000.0,0.9248076923076923,12184.366340500857,78216.103552433,1.124174
-0.007077933,0.01253939,4789397.0,0.9210378846153846,12427.11908348835,79774.42617279229,1.12671
-0.006905926,0.01244008,4768769.0,0.9170709615384616,12677.64223536605,81382.63001712471,1.129234
-0.006733919,0.01234078,4746699.0,0.9128267307692308,12934.583555266228,83032.03453456842,1.131639
-0.006561911,0.01224148,4722687.0,0.9082090384615384,13196.535715241993,84713.60554924999,1.1338
-0.006389903,0.01214218,4696341.0,0.9031425,13464.117197112399,86431.31333230641,1.135711
-0.006217895,0.01204287,4667777.0,0.8976494230769231,13737.117598827785,88183.80723257999,1.13736
-0.006045888,0.01194357,4638241.0,0.8919694230769231,14016.334138616376,89976.20489851874,1.138859
-0.005873881,0.01184426,4610659.0,0.8866651923076924,14306.07578949475,91836.16727450425,1.140427
-0.005701897,0.01174492,4587885.0,0.882285576923077,14601.775712357028,93734.37807518932,1.142504
-0.005529897,0.01164561,4567983.0,0.8784582692307692,14867.628436834255,95440.98830392875,1.143697
-0.005357828,0.01154641,4540201.0,0.873115576923077,14773.178280793829,94834.67666006056,1.174348
-0.00518574,0.01144724,4487431.0,0.8629675,13895.478264357022,89200.38485898431,1.31489
-0.005013605,0.01134816,4392231.0,0.8446598076923076,14067.845740010132,90306.8775519971,1.326605
-0.004841241,0.01124947,4245785.0,0.8164971153846153,15782.300469211083,101312.61760344302,1.167408
-0.0046663,0.01115547,4107961.0,0.7899925,15632.965824762576,100353.98145546998,1.172727
-0.004489727,0.01106455,4000987.0,0.769420576923077,16011.377638278022,102783.15148895828,1.139465
-0.004311381,0.01097714,3917052.0,0.7532792307692308,15777.239952746204,101280.13221447947,1.167844
-0.004131335,0.0108933,3846320.0,0.7396769230769231,16378.551570542335,105140.1812683632,1.144974
-0.003949659,0.01081305,3784933.0,0.7278717307692307,16386.651801106196,105192.1797436943,1.184214
-0.003766427,0.01073641,3719922.0,0.7153696153846154,17135.726242563993,110000.77482728036,1.164132
-0.003581707,0.01066344,3652776.0,0.7024569230769231,17131.509859800448,109973.70825511451,1.202293
-0.003395578,0.01059414,3577419.0,0.6879651923076923,17843.35599603654,114543.3206214276,1.176886
-0.003208104,0.01052857,3500370.0,0.6731480769230769,17743.952634149304,113905.21245645982,1.209352
-0.003019367,0.01046672,3417651.0,0.6572405769230769,18389.005653265915,118046.05428032446,1.179188
-0.00282944,0.01040864,3336199.0,0.6415767307692307,18197.708701144507,116818.04604433951,1.209069
-0.002638397,0.01035433,3251226.0,0.6252357692307692,18841.89014102584,120953.29286803625,1.175191
-0.002446311,0.01030384,3168977.0,0.6094186538461539,18614.85218581371,119495.84947549996,1.203451
-0.002253261,0.01025717,3084268.0,0.5931284615384615,19262.329760065157,123652.25544527052,1.166935
-0.002059324,0.01021433,3002189.0,0.5773440384615385,18993.532650593104,121926.74408411127,1.194035
-0.001864573,0.01017537,2917747.0,0.5611051923076923,19636.76585150839,126055.90379953434,1.154489
-0.001669086,0.01014028,2835695.0,0.5453259615384616,19282.785828880675,123783.57076787633,1.179848
-0.001472941,0.01010907,2753852.0,0.5295869230769231,19327.19686618049,124068.66218709662,1.179573
-0.001276215,0.01008177,2670052.0,0.5134715384615385,20076.15843434819,128876.53269390129,1.128958
-0.001078986,0.01005838,2586962.0,0.49749269230769233,19682.934181704404,126352.27595336978,1.151882
-0.000881331,0.01003892,2503144.0,0.48137384615384615,20315.203074060166,130411.05158235726,1.10411
-0.0006833288,0.01002337,2418582.0,0.46511192307692306,19817.133461617716,127213.75241271351,1.127708
-0.0004850564,0.01001177,2335967.0,0.44922442307692306,20485.07439358487,131501.5204953255,1.076985
-0.0002865932,0.0100041,2246247.0,0.43197057692307694,19875.321950113717,127587.2865559405,1.098039
-8.801603e-05,0.01000044,2152690.0,0.41397884615384617,20686.288752943223,132793.19235810393,1.04545
0.0001105874,0.01000122,2002145.0,0.3850278846153846,20092.38876670014,128980.72139936648,1.061037
0.0003090139,0.01000956,1830044.0,0.35193153846153846,19455.297522843477,124890.98925332919,1.029302
0.0005069526,0.01002577,1671864.0,0.3215123076923077,18622.101462170296,119542.38535059938,0.9830621
0.0007040912,0.01004983,1526260.0,0.29351153846153843,17953.03016043677,115247.36099250877,0.920341
0.0009001194,0.01008169,1393737.0,0.26802634615384613,17756.294894759696,113984.44214366683,0.8117876
0.00109473,0.01012131,1267907.0,0.24382826923076922,17177.268392981186,110267.44976531315,0.7500814
0.001287609,0.01016864,1151240.0,0.2213923076923077,16585.3028009471,106467.39642219346,0.7021982
0.001478459,0.01022358,1044582.0,0.20088115384615385,16068.749803671375,103151.44534224777,0.6592824
0.001666972,0.01028606,948234.2,0.18235273076923075,15652.254897357916,100477.80538339412,0.6201549
0.001852859,0.01035598,862333.3,0.16583332692307692,15357.3085547382,98584.43210225173,0.5848914
0.002035822,0.01043323,786638.0,0.15127653846153846,15189.92957806918,97509.96249047328,0.5535574
0.002215573,0.01051768,720286.0,0.13851653846153847,15135.962423141063,97163.52670051703,0.5255409
0.00239183,0.0106092,661796.5,0.1272685576923077,15317.000815848318,98325.68132351851,0.5030746
0.002564312,0.01070765,611168.1,0.11753232692307691,15551.540311015602,99831.27996759092,0.4818821
0.00273275,0.01081287,571056.6,0.10981857692307692,15959.371153761333,102449.3019916041,0.4648639
0.00288784,0.01091664,527601.7,0.10146186538461538,14696.744466792365,94344.01880032649,0.5166047
0.003052613,0.01102754,517081.9,0.09943882692307693,14608.06151577719,93774.72904933784,0.5281224
0.003217482,0.01113829,534249.6,0.10274030769230769,17156.83480528027,110136.27875757267,0.4690478
0.003382505,0.01124881,532991.3,0.10249832692307694,18362.059041593002,117873.07368288544,0.4714723
0.00354765,0.01135915,529225.9,0.10177421153846154,19354.50815691529,124243.98379878873,0.4797662
0.003712912,0.01146931,525761.4,0.10110796153846155,20376.049897236757,130801.65059172858,0.4892471
0.003878293,0.0115793,522557.6,0.10049184615384615,21443.039475056525,137651.06442055534,0.4991098
0.004043788,0.01168911,519324.4,0.09987007692307692,22543.715975089664,144716.72747585565,0.5089813
0.004209402,0.01179875,515817.6,0.0991956923076923,23666.057374374057,151921.46579825922,0.5186213
0.004375132,0.0119082,511860.4,0.0984346923076923,24798.14146231507,159188.74616212392,0.5278369
0.004540979,0.01201749,507347.6,0.09756684615384614,25930.630774701636,166458.62781655308,0.5364966
0.004706934,0.01212659,502221.8,0.09658111538461538,27055.198076442146,173677.65505740672,0.5445021
0.00487301,0.01223552,496436.4,0.09546853846153847,28165.510132387026,180805.17242814013,0.5517822
0.005039213,0.01234428,489937.4,0.09421873076923078,29255.734304533038,187803.73799658418,0.5582652
0.005205522,0.01245286,482655.0,0.09281826923076923,30364.725549939045,194922.77657974718,0.5643969
0.005371942,0.01256126,474672.9,0.09128325000000001,31390.75658959492,201509.26190061084,0.569075
0.005538476,0.01266949,465872.5,0.08959086538461539,32338.62343188841,207593.98136971518,0.5724095
0.005705118,0.01277754,456236.7,0.08773782692307693,33310.92385732638,213835.54934583078,0.5753327
0.005871883,0.01288542,445748.3,0.08572082692307692,34227.86711761913,219721.75852524184,0.5771295
0.006038761,0.01299313,434411.9,0.08354075000000001,35030.50512034698,224874.19857686778,0.5773233
0.006205752,0.01310066,422260.7,0.08120398076923077,35700.10519070363,229172.61730280862,0.5758203
0.006372854,0.01320802,409353.2,0.07872176923076923,36219.80854572807,232508.79173298972,0.5725651
0.006540067,0.0133152,395762.7,0.07610821153846153,36575.19581276249,234790.15840424478,0.5675293
0.006707388,0.01342221,381585.8,0.07338188461538461,36755.098251145064,235945.02090235383,0.5607233
0.006874819,0.01352905,366946.0,0.07056653846153846,36753.021426234525,235931.6889696358,0.5522124
0.007042362,0.01363571,351971.8,0.06768688461538461,36566.89153814641,234736.85009217114,0.5420962
0.007210017,0.0137422,336772.8,0.064764,36201.73191381785,232392.75092513344,0.5305051
0.007377782,0.01384851,321685.2,0.06186253846153846,35818.81382989502,229934.65341991873,0.518657
0.007545654,0.01395465,306624.1,0.058966173076923076,35155.36848451445,225675.74422550484,0.5049431
0.007713635,0.01406063,291708.1,0.056097711538461534,34308.31961995411,220238.2138810504,0.4900399
0.007881725,0.01416643,277143.0,0.05329673076923077,33320.61136295104,213897.73714632267,0.4743812
0.008049925,0.01427205,263061.9,0.05058882692307693,32218.734343158696,206824.36749593334,0.4582354
0.008218232,0.01437751,249576.6,0.0479955,31026.753753346282,199172.5885983017,0.441838
0.008386646,0.01448279,236783.0,0.045535192307692304,29769.709939412856,191103.1440024229,0.4254197
0.008555168,0.0145879,224747.2,0.043220615384615385,28471.615934023488,182770.1825410759,0.4091803
0.008723795,0.01469284,213514.1,0.04106040384615385,27155.152662743305,174319.30174252688,0.3932904
0.008892527,0.01479761,203118.4,0.039061230769230765,25843.59168545363,165899.8906424169,0.3779199
0.009061365,0.01490221,193569.0,0.03722480769230769,24557.51320662858,157644.06143758024,0.3632066
0.009230311,0.01500664,184843.4,0.03554680769230769,23312.709857938138,149653.193065546,0.3492328
0.009399363,0.01511089,176905.9,0.034020365384615385,22121.826065495068,142008.4549293474,0.3360511
0.00956852,0.01521498,169715.1,0.032637519230769234,20996.695992023724,134785.81504170154,0.3237131
0.009737783,0.0153189,163159.9,0.031376903846153846,19968.69099983412,128186.65816521725,0.3123957
0.009907149,0.01542264,156056.5,0.030010865384615386,19692.226879336795,126411.92933049129,0.307454
0.01007662,0.01552622,151340.0,0.029103846153846154,18927.067544532267,121500.07916999115,0.299173
0.01024619,0.01562963,146887.7,0.02824763461538462,18142.91211319358,116466.28580685855,0.2907168
0.01041586,0.01573287,142739.4,0.027449884615384616,17403.418215248206,111719.19189309249,0.2826935
0.01058563,0.01583594,138928.1,0.02671694230769231,16727.79838544801,107382.13003095242,0.2752867
0.01075551,0.01593884,135446.8,0.026047461538461537,16121.603159855478,103490.7312324502,0.2685491
0.01092549,0.01604157,132269.6,0.02543646153846154,15584.236232654433,100041.16758268539,0.2624765
0.01109558,0.01614414,129363.6,0.024877615384615387,15111.14989445495,97004.24559726755,0.257026
0.01126577,0.01624653,126697.3,0.024364865384615384,14697.777340685112,94350.64921253621,0.252154
0.01143605,0.01634876,124244.5,0.023893173076923076,14338.538443034373,92044.55745253115,0.2478116
0.01160644,0.01645082,121980.6,0.023457807692307694,14026.79142116356,90043.33419123123,0.2439406
0.01177693,0.01655271,119881.7,0.023054173076923076,13757.508229995054,88314.702485916,0.240494
0.01194751,0.01665443,117926.1,0.022678096153846156,13535.80225337437,86891.48710146754,0.2375127
0.0121182,0.01675599,116095.1,0.02232598076923077,13361.04755258855,85769.66989809739,0.2349872
0.01228899,0.01685738,114374.7,0.021995134615384614,13224.076351183698,84890.39941546491,0.2328354
0.01245987,0.01695861,112753.8,0.021683423076923076,13111.222605691177,84165.9480983388,0.2309367
0.01263085,0.01705967,111221.0,0.021388653846153845,13016.354132446748,83556.95111648653,0.2292347
0.01280193,0.01716056,109765.0,0.021108653846153846,12934.945215532432,83034.35617001845,0.2276842
0.01297311,0.01726128,108376.2,0.02084157692307692,12864.024317872212,82579.08782692993,0.226254
0.01314439,0.01736184,107049.2,0.020586384615384614,12801.566592662195,82178.14782183195,0.2249246
0.01331576,0.01746224,105780.2,0.020342346153846152,12746.252612071858,81823.06624328732,0.223686
0.01348723,0.01756247,104564.2,0.020108499999999998,12696.971742431213,81506.71350936187,0.2225282
0.0136588,0.01766253,103395.0,0.019883653846153846,12652.656107949779,81222.23451728906,0.2214383
0.01383046,0.01776243,102266.7,0.019666673076923075,12612.30643172865,80963.21452680105,0.2204019
0.01400222,0.01786216,101178.3,0.019457365384615385,12575.495575787574,80726.91157598034,0.2194155
0.01417407,0.01796173,100127.1,0.01925521153846154,12541.811292932984,80510.67929255938,0.2184765
0.01434602,0.01806113,99112.72,0.01906013846153846,12511.069846928745,80313.33820342727,0.2175848
0.01451807,0.01816037,98128.61,0.01887088653846154,12484.012979580102,80139.64983267372,0.2167427
0.0146902,0.01825945,97109.74,0.018674950000000003,12496.548246544333,80220.11850141955,0.2162787
0.01486244,0.01835836,96202.96,0.01850056923076923,12477.823110613099,80099.91469843946,0.215555
0.01503476,0.01845711,95313.95,0.018329605769230768,12456.995926255751,79966.21704335624,0.2148173
0.01520718,0.0185557,94447.58,0.018162996153846155,12436.673727501991,79835.76108383264,0.2140991
0.01537969,0.01865412,93605.28,0.018001015384615383,12417.581414011222,79713.2002277883,0.2134078
0.0155523,0.01875238,92784.07,0.017843090384615387,12399.602257475286,79597.7851516078,0.2127378
0.015725,0.01885047,91984.71,0.01768936730769231,12382.818718625353,79490.0452022352,0.2120893
0.01589779,0.01894841,91205.96,0.017539607692307693,12367.131498002025,79389.34293849535,0.2114617
0.01607067,0.01904618,90447.48,0.017393746153846153,12352.511930995712,79295.49435130566,0.2108569
0.01624364,0.01914379,89711.01,0.017252117307692307,12339.253997486529,79210.38660985517,0.2102791
0.01641671,0.01924124,88992.29,0.01711390192307692,12327.021711369905,79131.86289094822,0.2097207
0.01658987,0.01933853,88290.19,0.01697888269230769,12315.62201148693,79058.68386123129,0.2091782
0.01676311,0.01943565,87606.08,0.016847323076923076,12305.204362302782,78991.80899022124,0.2086547
0.01693645,0.01953261,86938.27,0.01671889807692308,12295.681248537938,78930.67648389658,0.2081492
0.01710988,0.01962942,86285.75,0.01659341346153846,12286.908447228492,78874.36051994006,0.2076603
0.01728339,0.01972606,85648.89,0.016470940384615385,12278.994497792875,78823.55785435479,0.207189
0.017457,0.01982254,85025.8,0.016351115384615384,12271.807361851572,78777.42088232681,0.2067311
0.01763069,0.01991886,84416.15,0.016233875,12265.257057609506,78735.37197632877,0.2062854
0.01780447,0.02001502,83820.79,0.016119382692307692,12259.426450153278,78697.94307901681,0.2058553
0.01797834,0.02011103,83240.39,0.01600776730769231,12254.511037969949,78666.38916988522,0.2054448
0.0181523,0.02020687,82673.19,0.015898690384615385,12250.410756481848,78640.06789617224,0.2050509
0.01832635,0.02030255,82114.9,0.015791326923076922,12247.764606477014,78623.08124811774,0.2046727
0.01850048,0.02039807,81547.07,0.01568212884615385,12299.835634766241,78957.34507661195,0.2046699
0.01867471,0.02049343,81025.14,0.015581757692307692,12303.04633401521,78977.9557819958,0.2043619
0.01884901,0.02058863,80503.51,0.01548144423076923,12301.907473861891,78970.64500347895,0.2040176
0.01902341,0.02068368,79990.39,0.015382767307692308,12300.41916917791,78961.0910069865,0.2036759
0.01919789,0.02077857,79487.12,0.015285984615384614,12299.272854412771,78953.73237446773,0.2033433
0.01937246,0.0208733,78993.89,0.015191132692307692,12298.61549393789,78949.51252638227,0.2030212
0.01954712,0.02096788,78509.71,0.015098021153846154,12298.360701117694,78947.87691390542,0.2027077
0.01972186,0.0210623,78035.32,0.015006792307692309,12298.60132891993,78949.4215957191,0.2024051
0.01989668,0.02115656,77569.67,0.01491724423076923,12299.251712173793,78953.59665435665,0.2021123
0.02007159,0.02125066,77112.85,0.014829394230769231,12300.362624471398,78960.72802490796,0.2018287
0.02024659,0.0213446,76664.33,0.014743140384615385,12301.885516463755,78970.50405054973,0.2015532
0.02042166,0.02143838,76223.91,0.014658444230769231,12303.797430957207,78982.77736028322,0.2012861
0.02059683,0.02153201,75791.34,0.014575257692307692,12306.131334713176,78997.75958034759,0.2010272
0.02077207,0.02162548,75365.4,0.014493346153846154,12308.711335671238,79014.32159239333,0.2007729
0.0209474,0.0217188,74946.97,0.014412878846153847,12311.597539955059,79032.84924059662,0.200525
0.02112281,0.02181197,74536.94,0.014334026923076924,12314.947920556513,79054.35661395853,0.2002881
0.0212983,0.02190497,74134.77,0.014256686538461539,12318.783131343336,79078.9762975485,0.2000622
0.02147388,0.02199781,73738.56,0.014180492307692307,12322.890333407404,79105.34199708317,0.199842
0.02164954,0.0220905,73347.44,0.014105276923076924,12327.120899554851,79132.49961781017,0.1996232
0.02182528,0.02218304,72962.43,0.014031236538461537,12331.559282253924,79160.991292395,0.1994078
0.02200108,0.02227543,72584.84,0.013958623076923075,12336.389287073776,79191.99693902372,0.1992018
0.02217698,0.02236766,72214.47,0.013887398076923078,12341.675894161672,79225.93369009245,0.1990066
0.02235298,0.02245973,71849.79,0.013817267307692307,12347.274678686605,79261.87442742192,0.1988183
0.02252905,0.02255165,71489.73,0.013748024999999999,12353.018415808841,79298.74567086423,0.1986319
0.02270518,0.02264341,71134.57,0.013679725000000002,12358.881096879553,79336.38046096385,0.1984473
0.0228814,0.02273502,70785.27,0.013612551923076924,12365.006874504632,79375.70416838306,0.1982687
0.0230577,0.02282648,70442.12,0.013546561538461538,12371.481367951888,79417.26641591963,0.1980983
0.02323409,0.02291779,70104.47,0.013481628846153846,12378.282022403591,79460.92241557967,0.1979351
0.02341056,0.02300895,69771.17,0.013417532692307691,12385.246699784842,79505.63134110258,0.1977749
0.02358711,0.02309994,69442.18,0.013354265384615384,12392.328210201626,79551.09026252598,0.1976169
0.02376372,0.02319079,69118.03,0.013291928846153846,12399.597605074856,79597.75528607161,0.1974628
0.02394042,0.02328149,68799.15,0.013230605769230769,12407.13518764186,79646.14190890615,0.1973151
0.0241172,0.02337203,68485.18,0.013170226923076922,12414.939146522465,79696.23850308811,0.1971736
0.02429405,0.02346242,68175.42,0.013110657692307692,12422.934262138018,79747.56220539844,0.1970361
0.02447098,0.02355265,67869.51,0.013051828846153845,12431.05732017043,79799.70721897321,0.1969008
0.02464799,0.02364274,67567.69,0.01299378653846154,12439.320630149792,79852.75256338996,0.1967683
0.02482508,0.02373268,67270.48,0.012936630769230769,12447.82370661943,79907.33706052977,0.1966409
0.02500224,0.02382246,66977.59,0.01288030576923077,12456.533921509206,79963.25125834226,0.1965187
0.02517948,0.02391209,66688.58,0.012824726923076924,12465.418579805797,80020.28527504318,0.1964006
0.0253568,0.02400157,66402.87,0.01276978269230769,12474.403481123709,80077.96279000382,0.1962842
0.02553419,0.0240909,66120.57,0.012715494230769233,12483.480433279157,80136.231214466,0.1961693
0.02571166,0.02418008,65842.09,0.012661940384615385,12492.71308415572,80195.49912851617,0.1960579
0.0258892,0.02426911,65567.46,0.012609126923076924,12502.120294323204,80255.88760535914,0.1959507
0.02606682,0.02435799,65296.4,0.012557,12511.69036989904,80317.32157749408,0.1958472
0.02624451,0.02444672,65028.8,0.012505538461538462,12521.400323273145,80379.6534786676,0.1957467
0.02642228,0.0245353,64764.64,0.012454738461538462,12531.257832496534,80442.93259722323,0.1956495
0.02660012,0.02462373,64503.78,0.012404573076923076,12541.247550103804,80507.06041191578,0.1955552
0.02677803,0.02471201,64246.23,0.012355044230769231,12551.372318933505,80572.05517201225,0.1954639
0.02695602,0.02480014,63992.04,0.012306161538461539,12561.648330150034,80638.02081478403,0.1953761
0.02713408,0.02488812,63740.77,0.012257840384615384,12572.041049995494,80704.73565484279,0.195291
0.02731223,0.02497596,63491.89,0.012209978846153846,12582.470144044786,80771.68399481564,0.1952063
0.02749044,0.02506365,63245.65,0.012162625,12592.936482805842,80838.87142282561,0.195122
0.02766872,0.02515119,63002.56,0.012115876923076923,12603.529538239776,80906.87229358105,0.1950408
0.02784707,0.02523858,62762.63,0.012069736538461539,12614.276748849219,80975.8627453154,0.1949634
0.0280255,0.02532583,62525.55,0.01202414423076923,12625.1518196153,81045.67398025442,0.1948889
0.028204,0.02541293,62291.36,0.011979107692307693,12636.137728596395,81116.19672805024,0.1948167
0.02838257,0.02549988,62060.19,0.011934651923076923,12647.271417929725,81187.66813439837,0.1947482
0.02856121,0.02558668,61831.58,0.011890688461538462,12658.50981558718,81259.81170349124,0.1946824
0.02873993,0.02567333,61604.96,0.011847107692307693,12669.764603396057,81332.06048722928,0.1946166
0.02891871,0.02575984,61380.56,0.011803953846153846,12681.052287351253,81404.52044390113,0.1945509
0.02909757,0.0258462,61158.7,0.01176128846153846,12692.410185365194,81477.43113144698,0.194487
0.02927649,0.02593242,60939.5,0.011719134615384616,12703.879971555541,81551.06007195302,0.1944261
0.02945549,0.02601849,60722.75,0.011677451923076922,12715.44626438081,81625.30852542669,0.1943677
0.02963455,0.02610442,60508.29,0.011636209615384616,12727.084915082713,81700.02147176061,0.1943107
0.02981369,0.0261902,60296.1,0.011595403846153846,12738.793185114497,81775.18133117667,0.1942555
0.02999289,0.02627583,60086.15,0.011555028846153847,12750.5690895261,81850.77536152193,0.1942018
0.03017217,0.02636132,59878.47,0.011515090384615385,12762.421315649939,81926.85933010284,0.19415
0.03035151,0.02644667,59673.05,0.011475586538461539,12774.353507227745,82003.45662748998,0.1941001
0.03053092,0.02653187,59469.72,0.011436484615384615,12786.350394344032,82080.46923026074,0.1940519
0.0307104,0.02661692,59268.39,0.011397767307692307,12798.396069951166,82157.79502499779,0.1940048
0.03088995,0.02670183,59069.07,0.011359436538461538,12810.49016371138,82235.43163436149,0.1939588
0.03106957,0.0267866,58871.76,0.011321492307692308,12822.642725154656,82313.44357012503,0.1939142
0.03124926,0.02687122,58676.43,0.011283928846153847,12834.848764640048,82391.79880187649,0.1938711
0.03142901,0.0269557,58483.04,0.011246738461538461,12847.108255565146,82470.49715884481,0.1938292
0.03160883,0.02704004,58291.57,0.011209917307692307,12859.422011714081,82549.54386502132,0.1937887
0.03178871,0.02712423,58102.01,0.011173463461538462,12871.79086198207,82628.94424140116,0.1937495
0.03196867,0.02720828,57914.31,0.011137367307692308,12884.211794886249,82708.67895612503,0.1937117
0.03214869,0.02729219,57728.33,0.011101601923076923,12896.66998860773,82788.65286227365,0.1936748
0.03232877,0.02737595,57543.98,0.01106615,12909.147242142053,82868.74912064424,0.1936384
0.03250893,0.02745958,57361.43,0.01103104423076923,12921.66569347231,82949.10984340984,0.1936029
0.03268914,0.02754306,57180.95,0.010996336538461538,12934.272811865121,83030.03975393232,0.1935697
0.03286943,0.0276264,57002.44,0.010962007692307693,12946.977872090172,83111.59839050246,0.1935391
0.03304978,0.0277096,56825.43,0.010927967307692308,12959.726899369327,83193.43926839404,0.1935094
0.03323019,0.02779265,56649.04,0.010894046153846154,12973.097218998228,83279.26845929313,0.1934836
0.03341067,0.02787557,56433.43,0.010852582692307692,13013.175078720426,83536.54355580524,0.1936718
0.03359122,0.02795834,56263.81,0.01081996346153846,13028.845713235098,83637.13934697559,0.1936701
0.03377182,0.02804097,56093.98,0.010787303846153846,13042.154768532884,83722.5752587223,0.1936471
0.0339525,0.02812347,55925.29,0.010754863461538462,13055.093066938849,83805.63114030306,0.1936224
0.03413324,0.02820582,55757.75,0.01072264423076923,13067.959700984591,83888.22698097044,0.193597
0.03431404,0.02828803,55591.42,0.010690657692307691,13080.793598545326,83970.61267363097,0.1935709
0.0344949,0.0283701,55426.55,0.010658951923076924,13093.64373376186,84053.10260200896,0.1935453
0.03467583,0.02845203,55263.31,0.010627559615384615,13106.551826732994,84135.96458336113,0.1935212
0.03485682,0.02853382,55101.55,0.010596451923076924,13119.503826716473,84219.10842060375,0.1934983
0.03503787,0.02861548,54941.24,0.010565623076923077,13132.49406348006,84302.49771434929,0.1934762
0.03521899,0.02869699,54782.5,0.010535096153846154,13145.53988431434,84386.24382348495,0.1934556
0.03540017,0.02877836,54625.29,0.010504863461538462,13158.646662804305,84470.38124310623,0.1934364
0.03558141,0.0288596,54469.28,0.010474861538461538,13171.773513006534,84554.64751071851,0.1934179
0.03576272,0.02894069,54314.23,0.01044504423076923,13184.863813443551,84638.67915142114,0.1933984
0.03594408,0.02902165,54160.34,0.01041545,13197.94653180596,84722.66211988952,0.1933786
0.03612551,0.02910247,54007.32,0.010386023076923077,13211.821982339938,84811.733939094,0.193365
0.036307,0.02918316,53809.26,0.010347934615384616,13269.353607072724,85181.05142281752,0.1935892
0.03648855,0.0292637,53663.48,0.0103199,13285.99065546977,85287.85099399462,0.1936045
0.03667016,0.02934411,53515.34,0.010291411538461538,13299.631326303228,85375.41567258508,0.193592
0.03685183,0.02942438,53367.75,0.010263028846153845,13312.818390165736,85460.06847469215,0.1935754
0.03703356,0.02950451,53221.37,0.010234878846153846,13325.961959424452,85544.44206831689,0.1935584
0.03721535,0.02958451,53076.69,0.010207055769230769,13339.199898220408,85629.4214560626,0.1935438
0.0373972,0.02966437,52933.69,0.01017955576923077,13352.561805424937,85715.19664439501,0.1935324
0.03757911,0.02974409,52791.67,0.01015224423076923,13365.951610560865,85801.1509202097,0.1935218
0.03776109,0.02982367,52650.05,0.010125009615384616,13379.238250225968,85886.44293744453,0.1935087
0.03794312,0.02990312,52509.13,0.010097909615384615,13392.438269587828,85971.17890585263,0.1934933
0.03812521,0.02998244,52369.62,0.010071080769230769,13405.679480532088,86056.1792987687,0.193479
0.03830736,0.03006163,52231.63,0.01004454423076923,13418.960428751598,86141.43478043939,0.1934671
0.03848956,0.03014067,52094.98,0.010018265384615385,13432.372765934919,86227.53369807647,0.1934578
0.03867183,0.03021958,51959.08,0.00999213076923077,13445.783737860691,86313.62385160364,0.1934482
0.03885416,0.03029835,51824.36,0.009966223076923077,13459.277832143216,86400.24759930235,0.1934387
0.03903654,0.03037699,51690.63,0.009940505769230768,13472.722831863048,86486.55619024264,0.1934292
0.03921898,0.03045549,51558.39,0.009915075,13486.230133646583,86573.26472193732,0.1934208
0.03940148,0.03053386,51426.84,0.009889776923076922,13499.737790841576,86659.97553515396,0.1934126
0.03958404,0.0306121,51296.26,0.009864665384615385,13513.244577102449,86746.68075751168,0.1934048
0.03976665,0.0306902,51166.65,0.009839740384615384,13526.762328681178,86833.4563704349,0.1933973
0.03994932,0.03076817,51038.0,0.009815,13540.28792805365,86920.28236134503,0.19339
0.04013205,0.030846,50910.33,0.009790448076923077,13553.829557893996,87007.21125795416,0.193383
0.04031483,0.0309237,50783.73,0.009766101923076923,13567.403064485625,87094.34478361084,0.1933768
0.04049768,0.03100127,50658.16,0.009741953846153846,13581.011765144987,87181.70423343702,0.1933715
0.04068057,0.0310787,50533.51,0.009717982692307692,13594.636063253716,87269.16380925094,0.1933665
0.04086353,0.031156,50409.68,0.00969416923076923,13608.256518152572,87356.59871403206,0.1933614
0.04104654,0.03123317,50286.72,0.009670523076923078,13621.876034547231,87444.02759419613,0.1933564
0.04122961,0.03131021,50164.69,0.00964705576923077,13635.512559095794,87531.56565619944,0.1933517
0.04141273,0.03138711,50043.61,0.009623771153846154,13649.172904427489,87619.2566329123,0.1933476
0.04159591,0.03146388,49923.46,0.009600665384615384,13662.855659923409,87707.09146903292,0.193344
0.04177914,0.03154052,49804.09,0.009577709615384615,13676.542091593747,87794.94990392191,0.1933406
0.04196243,0.03161703,49685.35,0.009554875,13690.194960057544,87882.5928837626,0.1933364
0.04214577,0.0316934,49567.38,0.00953218846153846,13703.831447467677,87970.13070736012,0.1933318
0.04232917,0.03176965,49450.55,0.009509721153846155,13717.52198445418,88058.01549584234,0.1933283
0.04251261,0.03184577,49335.01,0.009487501923076923,13731.319891301064,88146.58953248759,0.1933273
0.04269612,0.03192175,49220.38,0.009465457692307692,13745.17216754504,88235.51258706897,0.1933277
0.04287968,0.0319976,49106.17,0.00944349423076923,13758.971231083382,88324.09404895868,0.1933268
0.04306329,0.03207332,48992.36,0.009421607692307692,13772.689603134659,88412.1575213583,0.1933241
0.04324696,0.03214892,48879.35,0.009399875,13786.394959088679,88500.13743845577,0.1933209
0.04343068,0.03222438,48767.5,0.009378365384615384,13800.175931027374,88588.60276345402,0.1933195
0.04361445,0.03229972,48656.76,0.009357069230769231,13814.045159921336,88677.63464357377,0.1933201
0.04379828,0.03237492,48546.73,0.009335909615384616,13827.935551221339,88766.80237326468,0.1933212
0.04398216,0.03244999,48437.1,0.009314826923076922,13841.767194078186,88855.59297424943,0.193321
0.04416609,0.03252493,48327.96,0.00929383846153846,13855.539435629833,88944.00225555708,0.1933194
0.04435008,0.03259975,48219.65,0.009273009615384615,13869.32239252719,89032.4803227635,0.193318
0.04453411,0.03267444,48112.38,0.009252380769230769,13883.17275122957,89121.3910679126,0.1933181
0.0447182,0.03274899,48005.98,0.009231919230769232,13897.075097138131,89210.63553880407,0.1933194
0.04490234,0.03282342,47900.24,0.009211584615384615,13910.983532418264,89299.91909969859,0.1933208
0.04508654,0.03289773,47795.11,0.009191367307692308,13924.876046772015,89389.10045808279,0.1933217
0.04527078,0.0329719,47690.64,0.009171276923076923,13938.764314255739,89478.25455418543,0.1933226
0.04545508,0.03304594,47586.91,0.009151328846153847,13952.665324950582,89567.49045382981,0.1933237
0.04563942,0.03311986,47483.89,0.009131517307692308,13966.58024031747,89656.81561287744,0.1933251
0.04582383,0.03319365,47381.56,0.00911183846153846,13980.503855476785,89746.19661921712,0.1933267
0.04600827,0.03326732,47279.96,0.0090923,13994.443115759244,89835.67805758074,0.1933285
0.04619277,0.03334085,47179.2,0.009072923076923076,14008.423295170895,89925.42217147104,0.1933312
0.04637733,0.03341426,47079.18,0.009053688461538461,14022.43864277442,90015.39204342382,0.1933346
0.04656193,0.03348754,46979.58,0.009034534615384615,14036.421687642105,90105.15455177141,0.1933375
0.04674657,0.03356069,46880.25,0.009015432692307692,14050.32828860022,90194.42633745194,0.1933386
0.04693128,0.03363372,46781.48,0.008996438461538463,14064.203236990656,90283.49493320515,0.1933388
0.04711603,0.03370662,46683.63,0.008977621153846153,14078.136335490108,90372.93681672902,0.1933403
0.04730083,0.0337794,46586.68,0.008958976923076923,14092.141337278908,90462.84027494365,0.1933434
0.04748568,0.03385206,46490.38,0.008940457692307691,14106.173238939371,90552.91641371371,0.193347
0.04767058,0.03392458,46394.68,0.008922053846153846,14120.205609560715,90642.99556292288,0.1933505
0.04785552,0.03399698,46299.69,0.00890378653846154,14134.263657325828,90733.23954352991,0.1933545
0.04804052,0.03406926,46205.3,0.008885634615384616,14148.33581003498,90823.57406916266,0.1933588
0.04822557,0.0341414,46111.33,0.008867563461538462,14162.380538261497,90913.73254656164,0.1933624
0.04841066,0.03421343,46017.82,0.008849580769230769,14176.392904301081,91003.68327871614,0.1933652
0.04859581,0.03428533,45924.89,0.008831709615384615,14190.406453561538,91093.64160641757,0.1933681
0.048781,0.0343571,45832.58,0.008813957692307693,14204.432891511628,91183.6826715429,0.1933712
0.04896624,0.03442875,45740.83,0.008796313461538462,14218.4608774032,91273.73367349614,0.1933743
0.04915152,0.03450028,45649.66,0.00877878076923077,14232.496153200915,91363.83147214258,0.1933774
0.04933686,0.03457169,45559.2,0.008761384615384615,14246.568686950885,91454.16844382194,0.1933812
0.04952225,0.03464297,45469.42,0.00874411923076923,14260.676010178538,91544.72874245266,0.1933857
0.04970768,0.03471413,45380.16,0.008726953846153847,14274.789837333092,91635.33079227549,0.1933904
0.04989315,0.03478516,45291.35,0.008709874999999999,14288.885009690135,91725.81308982454,0.1933945
0.05007868,0.03485607,45203.02,0.008692888461538461,14302.968954052423,91816.22331058471,0.1933984
0.05026425,0.03492686,45115.27,0.008676013461538462,14317.060859262047,91906.684635066,0.1934023
0.05044987,0.03499753,45028.16,0.008659261538461539,14331.181559863344,91997.33080817004,0.1934067
0.05063553,0.03506807,44941.65,0.008642625000000001,14345.330283540694,92088.1568721077,0.1934116
0.05082125,0.03513849,44855.62,0.008626080769230769,14359.479932271728,92178.98887431847,0.1934166
0.051007,0.03520878,44769.96,0.008609607692307692,14373.59865060389,92269.62232247944,0.1934208
0.0511928,0.03527896,44684.75,0.008593221153846154,14387.703689757995,92360.16795876923,0.1934246
0.05137864,0.03534901,44600.08,0.008576938461538461,14401.816821117014,92450.76554201465,0.1934286
0.05156454,0.03541894,44515.92,0.008560753846153846,14415.93897195358,92541.42102473303,0.1934326
0.05175049,0.03548876,44432.22,0.008544657692307693,14430.061373217615,92632.07811504106,0.1934365
0.05193648,0.03555845,44349.1,0.008528673076923076,14444.195858451536,92722.81277696943,0.1934405
0.05212251,0.03562802,44266.69,0.008512825,14458.385044799192,92813.8985862498,0.1934456
0.05230858,0.03569747,44184.88,0.008497092307692307,14472.618991131445,92905.27172697544,0.1934516
0.05249471,0.0357668,44103.41,0.008481425,14486.83694174907,92996.54218509643,0.1934571
0.05268088,0.03583601,44022.15,0.008465798076923077,14500.994428141932,93087.42450025347,0.1934613
0.05286709,0.03590509,43941.25,0.008450240384615384,14515.11556516715,93178.07347492942,0.1934646
0.05305334,0.03597406,43861.0,0.008434807692307693,14529.268466422582,93268.92635633718,0.1934685
0.05323964,0.03604291,43781.47,0.008419513461538462,14543.495249092899,93360.2535107794,0.1934738
0.05342599,0.03611164,43702.5,0.008404326923076922,14557.761907025077,93451.83663976504,0.1934798
0.05361238,0.03618025,43623.87,0.00838920576923077,14572.011354261977,93543.30928672096,0.1934853
0.05379881,0.03624873,43545.56,0.008374146153846154,14586.232685413255,93634.60144577928,0.1934902
0.05398529,0.0363171,43467.69,0.008359171153846155,14600.445338852993,93725.8378992912,0.1934947
0.05417181,0.03638535,43390.24,0.008344276923076923,14614.66273372927,93817.10478989613,0.1934993
0.05435837,0.03645348,43313.11,0.00832944423076923,14628.857996696132,93908.22960731723,0.1935034
0.05454498,0.0365215,43236.37,0.00831468653846154,14643.038044947158,93999.25675566339,0.193507
0.05473162,0.0365894,43160.23,0.008300044230769231,14657.250359209514,94090.4910318661,0.1935111
0.05491832,0.03665717,43084.75,0.008285528846153847,14671.531024001166,94182.16407623515,0.1935165
0.05510505,0.03672483,43009.76,0.008271107692307692,14685.842185492378,94274.03289057237,0.1935224
0.05529183,0.03679237,42935.12,0.008256753846153847,14700.142074522297,94365.82934267301,0.1935279
0.05547865,0.03685979,42860.86,0.008242473076923077,14714.436391458068,94457.59002537205,0.1935331
0.05566551,0.0369271,42787.04,0.008228276923076924,14728.73741306342,94549.39374790719,0.1935384
0.05585242,0.03699428,42713.56,0.008214146153846153,14743.03178742374,94641.15479923635,0.1935434
0.05603937,0.03706135,42640.36,0.008200069230769231,14757.296417098363,94732.72490806169,0.1935478
0.05622636,0.0371283,42567.55,0.008186067307692307,14771.55366776607,94824.24764822188,0.1935518
0.05641339,0.03719514,42495.2,0.008172153846153846,14785.828763980628,94915.88494576664,0.1935561
0.05660046,0.03726186,42423.3,0.008158326923076924,14800.122795775673,95007.6437980384,0.1935606
0.05678757,0.03732846,42351.82,0.00814458076923077,14814.429794354875,95099.48588905267,0.1935652
0.05697473,0.03739495,42280.69,0.008130901923076923,14828.734510528986,95191.31332843647,0.1935697
0.05716193,0.03746132,42209.87,0.008117282692307692,14843.025420242575,95283.05213887432,0.1935738
0.05734916,0.03752758,42139.4,0.00810373076923077,14857.30398049003,95374.71167336997,0.1935775
0.05753644,0.03759372,42069.5,0.008090288461538461,14871.623557856612,95466.63451242715,0.1935817
0.05772376,0.03765974,42000.28,0.008076976923076924,14886.028507315077,95559.10538756537,0.1935875
0.05791112,0.03772565,41931.53,0.008063755769230768,14900.480052679264,95651.87537962812,0.1935941
0.05809852,0.03779144,41862.86,0.00805055,14914.87574558839,95744.28683343893,0.1935996
0.05828596,0.03785711,41794.15,0.008037336538461538,14929.163464958097,95836.00516384028,0.1936028
0.05847344,0.03792268,41725.71,0.008024175,14943.407901028939,95927.44564220637,0.1936048
0.05866097,0.03798813,41657.91,0.00801113653846154,14957.714378212959,96019.28438618571,0.193608
0.05884851,0.03805346,41590.8,0.00799823076923077,14972.113390632909,96111.71714920498,0.1936129
0.05903611,0.03811868,41524.12,0.007985407692307692,14986.559549656557,96204.45256428953,0.1936186
0.05922376,0.03818379,41457.6,0.007972615384615384,15000.988290593055,96297.0761660167,0.1936235
0.05941144,0.03824878,41389.31,0.007959482692307692,15017.898241878398,96405.62760511818,0.193643
0.05959917,0.03831366,41136.56,0.007910876923076923,15156.410236986972,97294.78903131845,0.1945401
0.05978693,0.03837842,41073.47,0.007898744230769231,15180.847497960407,97451.66114771916,0.1946387
0.05997472,0.03844307,41009.29,0.007886401923076923,15196.4983540009,97552.1299733058,0.1946522
0.06016256,0.03850761,40944.97,0.007874032692307693,15210.89640074883,97644.55653730736,0.1946562
0.06035044,0.03857203,40880.84,0.0078617,15225.132008376391,97735.94034252242,0.1946586
0.06053834,0.03863634,40816.9,0.007849403846153846,15239.31506116952,97826.98677817246,0.1946601
0.06072629,0.03870054,40753.24,0.007837161538461538,15253.484482579284,97917.94570876373,0.1946612
0.0609143,0.03876463,40690.02,0.007825003846153845,15267.682589729184,98009.0887840826,0.1946626
0.06110233,0.0388286,40627.26,0.007812934615384615,15281.927080897029,98100.5296161374,0.1946647
0.0612904,0.03889246,40564.89,0.007800940384615385,15296.198151577255,98192.14107223901,0.1946672
0.0614785,0.03895621,40502.77,0.007788994230769231,15310.461589892326,98283.70353327213,0.1946693
0.06166664,0.03901985,40440.89,0.007777094230769231,15324.70751997988,98375.1536023024,0.1946709
0.06185483,0.03908337,40379.32,0.007765253846153846,15338.953927266884,98466.60673465829,0.1946722
0.06204305,0.03914679,40318.06,0.007753473076923077,15353.20865398245,98558.11327260522,0.1946736
0.0622313,0.03921009,40257.08,0.0077417461538461544,15367.455011004422,98649.56608229065,0.1946747
0.06241959,0.03927328,40196.36,0.007730069230769231,15381.695872949473,98740.9836169775,0.1946755
0.06260793,0.03933636,40136.04,0.007718469230769231,15395.958207393125,98832.53899183816,0.1946764
0.0627963,0.03939933,40076.21,0.007706963461538462,15410.279486514395,98924.47275510897,0.1946782
0.0629847,0.03946219,40016.79,0.007695536538461539,15424.64558367095,99016.6942224746,0.1946807
0.06317314,0.03952493,39957.57,0.0076841480769230764,15438.997391130059,99108.8239588118,0.1946828
0.06336162,0.03958757,39898.41,0.007672771153846155,15453.293823581307,99200.5982218131,0.1946837
0.06355014,0.0396501,39839.44,0.00766143076923077,15467.553484070137,99292.13643153595,0.1946835
0.06373869,0.03971252,39780.87,0.0076501673076923085,15481.83860806768,99383.8381012516,0.1946837
0.06392728,0.03977482,39722.83,0.007639005769230769,15496.195786508411,99476.00231597226,0.194685
0.0641159,0.03983702,39665.22,0.007627926923076923,15510.606281085385,99568.50878734516,0.1946871
0.06430456,0.03989911,39607.81,0.007616886538461538,15525.014082196136,99660.9979683291,0.194689
0.06449325,0.03996108,39550.14,0.0076057961538461534,15539.869097051014,99756.35798523042,0.1946926
0.06468198,0.04002295,39454.02,0.007587311538461538,15589.418468001471,100074.43433166598,0.1948438
0.06487075,0.04008471,39398.37,0.007576609615384616,15605.976446949473,100180.72632583485,0.1948637
0.06505955,0.04014636,39342.0,0.007565769230769231,15620.566665559314,100274.38651445268,0.1948656
0.0652484,0.04020791,39285.81,0.007554963461538461,15634.932316691005,100366.60511861427,0.1948656
0.06543728,0.04026935,39229.92,0.007544215384615385,15649.286433137035,100458.74967722085,0.1948653
0.06562619,0.04033067,39174.47,0.007533551923076923,15663.68970223495,100551.20976548259,0.1948657
0.06581513,0.04039189,39119.4,0.007522961538461539,15678.13707438805,100643.95296810867,0.1948667
0.06600411,0.040453,39064.58,0.007512419230769231,15692.593511809639,100736.75436415728,0.1948677
0.06619313,0.040514,39009.98,0.007501919230769231,15707.04204527886,100829.50502171532,0.1948682
0.06638218,0.04057489,38955.68,0.0074914769230769234,15721.503304604537,100922.33737140887,0.1948687
0.06657126,0.04063568,38901.64,0.0074810846153846155,15735.974123127897,101015.2310852452,0.1948693
0.06676038,0.04069635,38847.66,0.007470703846153847,15750.401472730804,101107.84575547038,0.194869
0.06694953,0.04075692,38793.7,0.007460326923076923,15764.7582656157,101200.00749516078,0.1948671
0.06713872,0.04081739,38740.01,0.007450001923076923,15779.106724138946,101292.11573339895,0.1948648
0.06732794,0.04087775,38686.91,0.0074397903846153855,15793.54967168005,101384.83053274985,0.1948639
0.06751719,0.040938,38634.43,0.007429698076923077,15808.11811121001,101478.35091313148,0.194865
0.06770649,0.04099815,38582.23,0.007419659615384616,15822.728434160506,101572.14015919445,0.1948668
0.06789579,0.04105818,38529.97,0.007409609615384616,15837.256448207087,101665.40103295045,0.1948669
0.06808516,0.04111811,38477.6,0.007399538461538461,15851.681021005561,101757.99787780688,0.1948649
0.06827456,0.04117794,38425.42,0.007389503846153846,15866.076907452683,101850.41057401204,0.194862
0.06846398,0.04123766,38373.75,0.0073795673076923075,15880.544013115918,101943.28045358043,0.1948602
0.06865343,0.04129727,38322.59,0.007369728846153846,15895.10524698598,102036.75457807769,0.1948599
0.06884292,0.04135678,38271.73,0.007359948076923077,15909.707914366027,102130.4946801085,0.1948601
0.06903245,0.04141619,38221.04,0.0073502,15924.296052789052,102224.14151521225,0.1948598
0.069222,0.04147548,38170.55,0.007340490384615385,15938.879505827492,102317.75827304192,0.1948591
0.06941159,0.04153467,38120.32,0.007330830769230769,15953.47293361861,102411.43906262069,0.1948584
0.06960122,0.04159376,38070.3,0.007321211538461539,15968.0710071664,102505.14967508681,0.1948575
0.06979087,0.04165274,38020.45,0.0073116249999999995,15982.654409091168,102598.7661047983,0.1948561
0.06998056,0.04171162,37970.82,0.007302080769230769,15997.238662776668,102692.3880022874,0.1948545
0.07017028,0.04177039,37921.43,0.007292582692307693,16011.832110354173,102786.06891888253,0.1948529
0.07036003,0.04182906,37872.19,0.007283113461538462,16026.414159742686,102879.67666614694,0.1948508
0.07054982,0.04188762,37823.11,0.007273675,16040.978885211232,102973.17320454911,0.1948482
0.07073963,0.04194608,37774.33,0.007264294230769231,16055.561489585218,103066.78451447735,0.1948457
0.07092948,0.04200444,37725.97,0.007254994230769231,16070.21359355064,103160.84196884089,0.194844
0.07111936,0.04206269,37677.98,0.007245765384615385,16084.923650931381,103255.27144832312,0.1948431
0.07130927,0.04212084,37630.16,0.007236569230769232,16099.639829395712,103349.74022137997,0.1948421
0.0714992,0.04217888,37582.41,0.007227386538461539,16114.313135546483,103443.93378067327,0.1948402
0.07168917,0.04223682,37534.78,0.0072182269230769225,16128.961271539214,103537.96576310383,0.1948375
0.07187918,0.04229466,37487.4,0.007209115384615385,16143.618367017067,103632.05525989308,0.1948348
0.07206922,0.0423524,37440.25,0.007200048076923077,16158.294277821446,103726.2655394532,0.1948321
0.0722593,0.04241004,37393.3,0.007191019230769232,16172.972972806314,103820.49369173181,0.1948292
0.0724494,0.04246757,37346.56,0.007182030769230769,16187.65482812283,103914.74213138693,0.1948261
0.07263953,0.042525,37300.16,0.007173107692307693,16202.378220618482,104009.25721406752,0.1948235
0.07282969,0.04258233,37254.11,0.007164251923076923,16217.156951488612,104104.12753492034,0.1948215
0.07301988,0.04263956,37208.29,0.007155440384615385,16231.961941472508,104199.16642305882,0.1948198
0.07321011,0.04269668,37162.6,0.007146653846153846,16246.754091202565,104294.12288470127,0.1948175
0.07340036,0.0427537,37117.09,0.0071379019230769225,16261.529895395353,104388.97441809386,0.1948148
0.07359064,0.04281062,37071.8,0.007129192307692309,16276.335003863633,104484.01406682887,0.1948121
0.07378096,0.04286743,37026.66,0.007120511538461539,16291.123830932673,104578.94919904055,0.1948092
0.0739713,0.04292415,36981.54,0.007111834615384616,16305.867954587684,104673.59736295507,0.1948052
0.07416168,0.04298076,36936.52,0.007103176923076922,16320.585967455096,104768.07791174627,0.1948003
0.07435208,0.04303728,36891.86,0.007094588461538462,16335.3292850847,104862.72090147568,0.1947959
0.07454251,0.04309369,36847.78,0.007086111538461538,16350.221775095188,104958.32148572126,0.1947933
0.07473298,0.04315001,36804.12,0.007077715384615385,16365.210711038973,105054.54119326755,0.1947921
0.07492347,0.04320621,36760.51,0.007069328846153846,16380.169396062012,105150.56670859379,0.1947905
0.075114,0.04326232,36716.66,0.007060896153846154,16395.012394632973,105245.84958837686,0.1947865
0.07530455,0.04331833,36672.74,0.00705245,16409.745928423945,105340.42977190741,0.1947806
0.07549513,0.04337424,36629.11,0.007044059615384616,16424.51324124658,105435.22679595016,0.1947746
0.07568574,0.04343005,36585.98,0.007035765384615385,16439.37614176038,105530.63743390945,0.1947702
0.07587639,0.04348577,36543.25,0.007027548076923077,16454.338727811628,105626.68799142649,0.1947671
0.07606706,0.04354138,36500.7,0.007019365384615384,16469.310292000504,105722.79618303974,0.194764
0.07625775,0.04359689,36458.27,0.007011205769230769,16484.266534880793,105818.80602131844,0.1947603
0.07644848,0.0436523,36416.02,0.0070030807692307686,16499.228178705696,105914.85053032449,0.1947564
0.07663924,0.04370761,36373.97,0.006994994230769231,16514.20843614635,106011.01452724288,0.1947525
0.07683003,0.04376282,36332.05,0.0069869326923076925,16529.18775920239,106107.17252598934,0.1947482
0.07702084,0.04381794,36290.21,0.0069788865384615385,16544.140465365293,106203.15966072767,0.1947433
0.07721169,0.04387295,36248.54,0.006970873076923077,16559.08517390725,106299.09545568102,0.194738
0.07740256,0.04392787,36207.09,0.006962901923076923,16574.043190034194,106395.11667710761,0.1947328
0.07759346,0.04398269,36165.86,0.006954973076923077,16589.031665620125,106491.33342944091,0.1947278
0.07778439,0.04403741,36124.82,0.006947080769230769,16604.04035988663,106587.679973211,0.1947227
0.07797534,0.04409203,36083.96,0.006939223076923077,16619.052145455847,106684.04636123448,0.1947174
0.07816632,0.04414655,36043.34,0.006931411538461538,16634.10683309291,106780.6881540256,0.1947124
0.07835734,0.04420098,36002.93,0.006923640384615385,16649.162500379844,106877.33623556363,0.1947074
0.07854838,0.04425531,35962.68,0.0069159,16664.239675987978,106974.1223872344,0.1947024
0.07873945,0.04430954,35922.56,0.006908184615384615,16679.313891278685,107070.8895354964,0.1946969
0.07893054,0.04436367,35882.59,0.006900498076923076,16694.380844980144,107167.61006884211,0.1946912
0.07912165,0.0444177,35842.81,0.0068928480769230764,16709.465826156815,107264.44632744009,0.1946854
0.07931281,0.04447164,35803.2,0.0068852307692307685,16724.57010406286,107361.40645911774,0.1946795
0.07950399,0.04452548,35763.76,0.006877646153846154,16739.679944396852,107458.402298146,0.1946735
0.0796952,0.04457923,35724.5,0.006870096153846154,16754.794483732883,107555.42830186394,0.1946674
0.07988643,0.04463288,35685.43,0.006862582692307692,16769.9240886973,107652.55101760752,0.1946613
0.08007769,0.04468643,35646.58,0.006855111538461539,16785.083772832375,107749.86682304174,0.1946553
0.08026897,0.04473988,35607.89,0.006847671153846153,16800.263168618916,107847.30916509911,0.1946493
0.08046029,0.04479324,35569.39,0.006840267307692308,16815.459339325967,107944.85919178145,0.1946432
0.08065163,0.0448465,35531.13,0.006832909615384615,16830.681039742256,108042.57310342303,0.1946374
0.08084299,0.04489967,35493.09,0.00682559423076923,16845.945827300377,108140.56360789295,0.1946317
0.08103438,0.04495274,35455.15,0.006818298076923077,16861.209092693014,108238.54434100096,0.1946259
0.08122581,0.04500571,35417.24,0.006811007692307692,16876.420656096514,108336.1931792838,0.1946191
0.08141722,0.04505858,35379.44,0.006803738461538462,16891.628841804937,108433.82033485123,0.1946118
0.08160865,0.04511135,35341.83,0.00679650576923077,16906.85204927446,108531.54392084344,0.1946045
0.08180021,0.04516405,35304.37,0.006789301923076923,16922.094837910692,108629.39320582728,0.1945971
0.08199168,0.04521663,35267.08,0.006782130769230769,16937.329213947443,108727.18848712038,0.1945896
0.08218325,0.04526913,35229.92,0.006774984615384615,16952.583140035018,108825.10926766036,0.1945819
0.08237487,0.04532155,35193.03,0.006767890384615384,16967.9023425579,108923.44908258265,0.1945745
0.08256648,0.04537385,35156.44,0.0067608538461538465,16983.251944314743,109021.98404180423,0.1945679
0.08275811,0.04542607,35120.04,0.006753853846153846,16998.648826495337,109120.82251213312,0.1945614
0.08294976,0.04547818,35083.67,0.006746859615384615,17014.02282178806,109219.514062783,0.1945543
0.08314144,0.04553021,35047.29,0.0067398634615384615,17029.347399360402,109317.88838220174,0.1945462
0.08333315,0.04558214,35011.03,0.006732890384615385,17044.651239820374,109416.12958217192,0.1945375
0.08352488,0.04563397,34974.98,0.006725957692307693,17059.9810399972,109514.5374274846,0.194529
0.08371663,0.04568571,34939.14,0.0067190653846153844,17075.351889058456,109613.20878127242,0.1945208
0.08390842,0.04573736,34903.45,0.006712201923076922,17090.74305519804,109712.01055814978,0.1945125
0.08410022,0.04578892,34867.92,0.00670536923076923,17106.13706174395,109810.83056868077,0.1945041
0.08429205,0.04584038,34832.64,0.006698584615384615,17121.58239651491,109909.98007470243,0.194496
0.08448391,0.04589175,34797.58,0.006691842307692308,17137.06731190085,110009.38366381655,0.1944884
0.0846758,0.04594302,34762.67,0.006685128846153846,17152.57382309916,110108.92588470271,0.1944806
0.0848677,0.0459942,34727.84,0.0066784307692307684,17168.063167399974,110208.35790471386,0.1944725
0.08505963,0.04604529,34693.14,0.0066717576923076925,17183.558981475482,110307.83145668106,0.194464
0.08525159,0.04609628,34658.61,0.006665117307692308,17199.071896771973,110407.41478792063,0.1944556
0.08544357,0.04614719,34624.14,0.006658488461538462,17214.569912155268,110506.90247092371,0.1944467
0.08563558,0.04619799,34589.65,0.006651855769230769,17230.019699602646,110606.08056037677,0.1944369
0.08582761,0.04624871,34555.22,0.0066452346153846155,17245.454767121748,110705.16415698532,0.1944262
0.08601966,0.04629934,34521.08,0.006638669230769231,17260.93366935811,110804.52914539452,0.194416
0.08621174,0.04634988,34487.37,0.006632186538461539,17276.5271311341,110904.62953526522,0.1944073
0.08640384,0.04640032,34453.99,0.006625767307692308,17292.22029634186,111005.36995956417,0.1943997
0.08659597,0.04645066,34420.65,0.00661935576923077,17307.919144467993,111106.14686468772,0.1943919
0.08678812,0.04650092,34387.15,0.006612913461538462,17323.49961612709,111206.1638660342,0.1943823
0.08698029,0.04655108,34353.54,0.00660645,17339.011088744697,111305.73793616673,0.194371
0.08717249,0.04660116,34320.1,0.0066000192307692305,17354.50611946981,111405.2064595084,0.1943594
0.08736471,0.04665114,34287.02,0.006593657692307691,17370.10925050234,111505.36892003175,0.1943489
0.08755696,0.04670104,34254.27,0.006587359615384615,17385.810303976545,111606.15998212733,0.1943395
0.08774923,0.04675084,34221.69,0.006581094230769231,17401.528480890185,111707.06096612402,0.1943304
0.08794152,0.04680055,34189.17,0.006574840384615384,17417.247252105677,111807.96576517141,0.1943207
0.08813384,0.04685017,34156.74,0.006568603846153846,17432.961092547757,111908.83891170006,0.1943107
0.08832618,0.04689969,34124.47,0.006562398076923077,17448.690816341623,112009.81401953334,0.1943005
0.08851854,0.04694913,34092.3,0.006556211538461539,17464.42947375801,112110.84647570338,0.1942903
0.08871093,0.04699848,34060.12,0.006550023076923078,17480.13214220176,112211.6479049056,0.1942792
0.08890334,0.04704773,34027.92,0.006543830769230769,17495.783578053066,112312.12045251939,0.1942671
0.08909577,0.0470969,33995.91,0.006537675000000001,17511.44569176519,112412.66154540214,0.1942548
0.08928822,0.04714598,33964.3,0.006531596153846154,17527.224378021125,112513.95096198945,0.1942439
0.08948069,0.04719497,33933.09,0.00652559423076923,17543.12181452752,112616.0026818125,0.1942345
0.08967319,0.04724386,33902.03,0.0065196211538461534,17559.08404944742,112718.4703674133,0.1942255
0.08986573,0.04729267,33870.88,0.006513630769230769,17574.96085556502,112820.38965288718,0.1942152
0.09005828,0.04734139,33839.63,0.006507621153846154,17590.767873968314,112921.860944355,0.1942034
0.09025085,0.04739001,33808.45,0.006501625,17606.554489057504,113023.20125915282,0.1941909
0.09044344,0.04743855,33777.47,0.0064956673076923075,17622.379064099387,113124.78525339262,0.1941788
0.09063606,0.04748701,33746.69,0.006489748076923077,17638.244707492264,113226.63288107091,0.1941669
0.09082869,0.04753537,33716.06,0.006483857692307692,17654.14166259716,113328.68151059383,0.1941551
0.09102135,0.04758364,33685.54,0.006477988461538462,17670.04425317732,113430.7663163859,0.1941432
0.09121403,0.04763182,33655.12,0.006472138461538462,17685.95473425056,113532.90177426828,0.194131
0.09140673,0.04767992,33624.78,0.006466303846153846,17701.859079956594,113634.99784688404,0.1941186
0.09159946,0.04772793,33594.57,0.006460494230769231,17717.78297086167,113737.21938760126,0.1941059
0.09179219,0.04777585,33564.56,0.006454723076923076,17733.7298741274,113839.58865345523,0.1940935
0.09198497,0.04782368,33534.75,0.006448990384615385,17749.74520669856,113942.39719316967,0.1940815
0.09217776,0.04787142,33505.08,0.006443284615384615,17765.793416696408,114045.41678564945,0.1940696
0.09237057,0.04791908,33475.51,0.006437598076923077,17781.833984579236,114148.38732047266,0.1940574
0.0925634,0.04796664,33446.07,0.0064319365384615385,17797.89265171949,114251.47404134551,0.1940451
0.09275627,0.04801412,33416.79,0.00642630576923077,17813.979716966838,114354.74306051963,0.1940329
0.09294915,0.04806151,33387.6,0.006420692307692308,17830.09084104158,114458.16652250034,0.1940206
0.09314205,0.04810882,33358.37,0.006415071153846154,17846.152268026934,114561.27095987355,0.1940074
0.09333497,0.04815603,33329.1,0.006409442307692308,17862.149070921543,114663.96055051345,0.1939931
0.09352791,0.04820317,33299.95,0.006403836538461538,17878.162650626164,114766.75783790773,0.1939784
0.09372087,0.04825021,33271.14,0.006398296153846154,17894.269468452483,114870.1536564343,0.1939648
0.09391385,0.04829717,33242.71,0.006392828846153846,17910.495585551467,114974.31530257994,0.1939526
0.09410686,0.04834404,33214.48,0.0063874000000000005,17926.791627038638,115078.92582009356,0.1939411
0.09429988,0.04839082,33186.18,0.006381957692307693,17943.043645765953,115183.25373868924,0.1939287
0.09449294,0.04843751,33157.7,0.006376480769230769,17959.189279408612,115286.89873077358,0.1939144
0.094686,0.04848412,33129.18,0.006370996153846154,17975.26763290494,115390.11182588883,0.1938988
0.09487909,0.04853064,33100.87,0.006365551923076924,17991.395375081916,115493.6419658181,0.1938835
0.0950722,0.04857708,33072.89,0.006360171153846154,18007.63268383771,115597.87545548545,0.1938693
0.09526533,0.04862344,33045.17,0.006354840384615384,18023.94557861181,115702.59416068802,0.193856
0.09545848,0.0486697,33017.54,0.006349526923076923,18040.265755822547,115807.35961463419,0.1938427
0.09565164,0.04871588,32989.98,0.006344226923076924,18056.59753018591,115912.19951513471,0.1938289
0.09584484,0.04876197,32962.52,0.0063389461538461535,18072.933984499643,116017.06945802497,0.1938149
0.09603805,0.04880798,32935.19,0.006333690384615385,18089.30144738019,116122.13845675492,0.1938009
0.09623129,0.0488539,32907.93,0.006328448076923077,18105.66418074784,116227.17709493433,0.1937867
0.09642455,0.04889974,32880.67,0.006323205769230769,18122.00115376168,116332.05036755881,0.1937717
0.09661782,0.04894549,32853.45,0.006317971153846153,18138.319525919425,116436.80423418006,0.1937562
0.09681111,0.04899116,32826.37,0.006312763461538462,18154.66699557179,116541.7448887383,0.1937407
0.09700442,0.04903674,32799.47,0.006307590384615385,18171.06926976291,116647.03735457327,0.1937254
0.09719776,0.04908224,32772.72,0.006302446153846154,18187.50000328161,116752.51251170714,0.1937104
0.09739111,0.04912765,32746.08,0.006297323076923077,18203.93565565733,116858.01924486388,0.1936952
0.09758448,0.04917298,32719.54,0.006292219230769231,18220.40476606486,116963.74075791214,0.19368
0.09777788,0.04921823,32693.15,0.006287144230769231,18236.903440611288,117069.6520544653,0.1936648
0.09797129,0.04926339,32666.87,0.006282090384615384,18253.419361523072,117175.67406202805,0.1936496
0.09816472,0.04930846,32640.68,0.006277053846153846,18269.94230308819,117281.74113784736,0.1936343
0.09835817,0.04935345,32614.54,0.006272026923076923,18286.475764575694,117387.87574506844,0.1936185
0.09855164,0.04939836,32588.47,0.006267013461538462,18303.003463848447,117493.9733624311,0.1936024
0.09874513,0.04944318,32562.51,0.006262021153846153,18319.547979253814,117600.17892897497,0.1935862
0.09893864,0.04948792,32536.72,0.006257061538461539,18336.13266373896,117706.64235619178,0.1935702
0.09913217,0.04953258,32511.11,0.0062521365384615385,18352.77204879653,117813.45692728569,0.1935545
0.09932572,0.04957715,32485.61,0.006247232692307692,18369.42868582966,117920.38224540319,0.1935389
0.09951928,0.04962164,32460.15,0.006242336538461539,18386.09855074692,118027.39247836375,0.193523
0.09971287,0.04966604,32434.71,0.006237444230769231,18402.73845988526,118134.21041373239,0.1935063
0.09990647,0.04971036,32409.34,0.0062325653846153845,18419.370365545037,118240.97697171377,0.1934893
0.1001001,0.0497546,32384.09,0.006227709615384615,18436.03284799575,118347.93981380048,0.1934724
0.1002937,0.04979876,32358.95,0.006222875,18452.728710064493,118455.11693241066,0.1934554
0.1004874,0.04984284,32333.88,0.006218053846153846,18469.43170250209,118562.33982358326,0.1934381
0.1006811,0.04988683,32308.91,0.006213251923076923,18486.1383649889,118669.5862742042,0.1934207
0.1008748,0.04993075,32284.12,0.006208484615384615,18502.898428696688,118777.17552766879,0.1934036
0.1010685,0.04997457,32259.54,0.006203757692307693,18519.72269792673,118885.17694091561,0.193387
0.1012622,0.05001832,32235.09,0.0061990557692307695,18536.591859015134,118993.46653215578,0.1933707
0.101456,0.05006198,32210.67,0.006194359615384615,18553.444638962425,119101.6509665914,0.1933539
0.1016497,0.05010554,32186.24,0.006189661538461539,18570.270237853703,119209.66091544181,0.1933364
0.1018435,0.05014905,32161.83,0.006184967307692308,18587.094478435214,119317.66214478275,0.1933183
0.1020373,0.05019247,32137.55,0.006180298076923077,18603.932761205095,119425.75351629678,0.1933001
0.1022311,0.0502358,32113.45,0.006175663461538462,18620.822535188356,119534.17542958584,0.1932823
0.102425,0.05027906,32089.52,0.006171061538461539,18637.782146244772,119643.04565373433,0.1932649
0.1026189,0.05032224,32065.7,0.00616648076923077,18654.75861766876,119752.02411102511,0.1932476
0.1028128,0.05036533,32041.92,0.006161907692307692,18671.74721185425,119861.08038895445,0.1932299
0.1030067,0.05040834,32018.17,0.0061573403846153845,18688.702576958116,119969.923356711,0.1932117
0.1032006,0.05045127,31994.51,0.006152790384615385,18705.69295477595,120078.99108445796,0.1931932
0.1033946,0.05049411,31970.94,0.006148257692307692,18722.68592129171,120188.0754300461,0.1931748
0.1035885,0.05053688,31947.44,0.006143738461538461,18739.702009534256,120297.30820283398,0.193156
0.1037825,0.05057957,31923.97,0.006139225,18756.69791771557,120406.41143209742,0.1931369
0.1039765,0.05062217,31900.6,0.006134730769230769,18773.71321783482,120515.63914562069,0.1931176
0.1041705,0.0506647,31877.41,0.006130271153846154,18790.794753257083,120625.29204886453,0.1930986
0.1043645,0.05070715,31854.42,0.0061258499999999995,18807.940309199756,120735.35592429302,0.1930802
0.1045585,0.05074951,31831.56,0.006121453846153846,18825.11693701658,120845.6192619552,0.193062
0.1047526,0.05079179,31808.75,0.006117067307692308,18842.30147839511,120955.933399794,0.1930434
0.1049467,0.050834,31786.02,0.006112696153846154,18859.521055689078,121066.47244656224,0.1930248
0.1051408,0.05087612,31763.42,0.006108349999999999,18876.75448118794,121177.10039024953,0.1930061
0.1053349,0.05091816,31740.91,0.006104021153846154,18894.02260603762,121287.95108232935,0.1929875
0.105529,0.05096012,31718.39,0.006099690384615384,18911.262116566206,121398.6180881477,0.1929682
0.1057232,0.051002,31695.85,0.006095355769230769,18928.473888289755,121509.10702797669,0.1929482
0.1059174,0.05104381,31673.38,0.006091034615384615,18945.691406339403,121619.63285566877,0.1929278
0.1061115,0.05108553,31651.05,0.006086740384615385,18962.951486992803,121730.43190897876,0.1929076
0.1063057,0.05112718,31628.84,0.006082469230769231,18980.254850017747,121841.50880837119,0.1928876
0.1065,0.05116875,31606.51,0.006078175,18997.97240179487,121955.24454363783,0.1928695
0.1066942,0.05121024,31552.71,0.006067828846153846,19050.640711609307,122293.34255048161,0.1929787
0.1068884,0.05125164,31531.04,0.006063661538461539,19069.782849711468,122416.22324974595,0.1929736
0.1070827,0.05129298,31509.15,0.0060594519230769235,19087.29062792147,122528.61236832444,0.1929539
0.107277,0.05133423,31487.35,0.006055259615384615,19104.67602919166,122640.2159025624,0.192933
0.1074713,0.0513754,31465.69,0.006051094230769231,19122.088549184817,122751.99352224595,0.1929122
0.1076656,0.0514165,31444.2,0.006046961538461538,19139.56877380262,122864.20576378707,0.1928918
0.1078599,0.05145751,31422.82,0.00604285,19157.094662975534,122976.71114355727,0.1928716
0.1080543,0.05149845,31401.51,0.006038751923076922,19174.62660283352,123089.25536498707,0.1928511
0.1082486,0.05153931,31380.27,0.006034667307692308,19192.17820303925,123201.92579370187,0.1928305
0.108443,0.05158009,31359.13,0.006030601923076923,19209.746910258196,123314.70603887159,0.1928098
0.1086374,0.0516208,31338.08,0.006026553846153846,19227.36351633026,123427.79376508309,0.1927892
0.1088319,0.05166142,31317.08,0.006022515384615385,19244.97343147527,123540.838539677,0.1927682
0.1090263,0.05170197,31296.1,0.006018480769230769,19262.580067444724,123653.86226398994,0.1927468
0.1092207,0.05174244,31275.19,0.0060144596153846154,19280.19202375455,123766.92014160081,0.1927251
0.1094152,0.05178283,31254.37,0.006010455769230769,19297.82097487288,123880.0871153817,0.1927033
0.1096096,0.05182313,31233.63,0.006006467307692308,19315.48473780995,123993.47755952971,0.1926815
0.1098041,0.05186336,31212.93,0.006002486538461539,19333.14068588803,124106.81783711156,0.1926594
0.1099987,0.05190354,31192.3,0.005998519230769231,19350.83203180579,124220.3853469529,0.192637
0.1101931,0.05194361,31171.82,0.00599458076923077,19368.56304694714,124334.2075086993,0.1926149
0.1103877,0.05198362,31151.5,0.005990673076923077,19386.34808057985,124448.37643578381,0.1925932
0.1105823,0.05202356,31131.29,0.005986786538461538,19404.19253075996,124562.92678039092,0.1925716
0.1107769,0.05206341,31111.13,0.0059829096153846155,19422.029799012565,124677.43102146094,0.1925498
0.1109715,0.05210319,31090.98,0.005979034615384615,19439.879469725678,124792.01487866433,0.1925276
0.1111661,0.05214289,31070.86,0.005975165384615385,19457.709400094005,124906.47201505116,0.1925048
0.1113607,0.05218251,31050.82,0.005971311538461538,19475.55724285082,125021.04413790454,0.1924819
0.1115553,0.05222206,31030.9,0.005967480769230769,19493.447666130516,125135.88960140561,0.1924592
0.11175,0.05226153,31011.12,0.005963676923076923,19511.38004004468,125251.00436205993,0.1924366
0.1119447,0.05230092,30991.45,0.005959894230769231,19529.370368696174,125366.4911563194,0.1924143
0.1121394,0.05234024,30971.83,0.0059561211538461546,19547.370190537753,125482.03889099367,0.1923918
0.1123341,0.05237948,30952.15,0.005952336538461539,19565.329755100003,125597.3281988084,0.1923684
0.1125288,0.05241865,30932.42,0.005948542307692308,19583.249249961587,125712.36028390274,0.1923441
0.1127235,0.05245774,30912.76,0.005944761538461538,19601.17249143827,125827.41641995106,0.1923194
0.1129182,0.05249676,30893.35,0.005941028846153846,19619.19661129194,125943.12013284994,0.1922956
0.113113,0.0525357,30874.23,0.005937351923076923,19637.361463084384,126059.72725784173,0.192273
0.1133078,0.05257457,30855.28,0.005933707692307692,19655.593889559306,126176.76817054265,0.1922511
0.1135026,0.05261335,30836.32,0.005930061538461539,19673.81254074257,126293.72065438246,0.1922287
0.1136974,0.05265206,30817.28,0.0059264,19691.99374320496,126410.43274057271,0.1922052
0.1138922,0.0526907,30798.24,0.005922738461538462,19710.14414548995,126526.94710865455,0.1921811
0.114087,0.05272926,30779.27,0.005919090384615385,19728.325888643285,126643.6626657466,0.1921568
0.1142819,0.05276775,30760.4,0.005915461538461539,19746.539860436587,126760.5851107941,0.1921325
0.1144767,0.05280617,30741.56,0.005911838461538462,19764.74686499149,126877.46283047595,0.192108
0.1146716,0.0528445,30722.76,0.005908223076923076,19782.977104873582,126994.48970660193,0.1920831
0.1148665,0.05288277,30704.07,0.005904628846153846,19801.22097394612,127111.60407370953,0.1920582
0.1150614,0.05292096,30685.92,0.005901138461538461,19819.02079131212,127225.86790322732,0.1920331
0.1152563,0.05295908,30753.05,0.005914048076923077,19798.208074510956,127092.26312091573,0.1923046
0.1154513,0.05299712,27682.61,0.0053235788461538465,6771.632408676453,43469.696075657936,0.2166892
0.1156462,0.05303509,29928.33,0.005755448076923077,18636.10771275521,119632.29682531343,0.1881561
0.1158412,0.05307298,30563.54,0.005877603846153846,19785.219360066258,127008.88359951685,0.1915127
0.1160362,0.0531108,30590.76,0.005882838461538462,19902.46103812001,127761.50273251449,0.1918737
0.1162312,0.05314854,30575.72,0.005879946153846154,19929.296717638175,127933.77121406168,0.191883
0.1164262,0.05318621,30558.25,0.005876586538461539,19947.95076215319,128053.51865407487,0.1918599
0.1166212,0.05322381,30626.89,0.0058897865384615385,19927.064692573327,127919.4429922465,0.1921313
0.1168162,0.05326134,27739.44,0.005334507692307692,6825.184473313997,43813.46724242051,0.2169809
0.1170113,0.05329879,29810.83,0.005732851923076924,18767.225165101845,120473.9898558477,0.1880304
0.1172064,0.05333617,30438.4,0.005853538461538462,19915.66680191149,127846.27557661143,0.1913418
0.1174014,0.05337347,30465.45,0.005858740384615385,20032.33865592126,128595.23679132384,0.1916965
0.1175965,0.05341071,30450.94,0.0058559499999999995,20059.2772261673,128768.1657677709,0.191705
0.1177916,0.05344785,30434.01,0.00585269423076923,20078.11256613182,128889.07701255291,0.1916815
0.1179867,0.05348493,30504.33,0.005866217307692308,20057.196333078784,128754.8077198639,0.1919537
0.1181819,0.05352196,27799.63,0.005346082692307692,6879.558398926873,44162.51424884155,0.2172718
0.118377,0.05355889,29697.07,0.005710975,18899.7273776021,121324.5721909665,0.1879021
0.1185721,0.05359576,30317.04,0.0058302,20047.529127128804,128692.75023074089,0.1911682
0.1187674,0.05363256,30343.7,0.005835326923076923,20163.55420473941,129437.55954059433,0.1915154
0.1189626,0.05366929,30329.57,0.0058326096153846155,20190.507316539304,129610.58186483236,0.1915223
0.1191578,0.05370593,30313.1,0.005829442307692307,20209.51615869611,129732.60688648708,0.191498
0.119353,0.05374251,30385.04,0.005843276923076924,20188.553942938397,129598.04241324535,0.191771
0.1195482,0.05377902,27862.74,0.005358219230769231,6934.668199928703,44516.28512058438,0.217559
0.1197435,0.05381545,29586.68,0.0056897461538461536,19033.94869578702,122186.1901223972,0.1877694
0.1199387,0.05385181,30198.92,0.005807484615384615,20180.660199361315,129547.36945678727,0.1909895
0.120134,0.0538881,30225.26,0.00581255,20296.016401764926,130287.88500108971,0.1913295
0.1203293,0.05392432,30211.55,0.005809913461538461,20323.05444783224,130461.45255084622,0.191335
0.1205246,0.05396046,30195.19,0.005806767307692307,20342.772429663783,130588.02981105667,0.1913108
0.1207199,0.05399654,30178.62,0.005803580769230769,20361.856017158134,130710.53465159552,0.1912834
0.1209152,0.05403254,30162.08,0.005800400000000001,20380.911944979176,130832.86193412183,0.1912556
0.1211106,0.05406847,30145.62,0.005797234615384615,20399.998099444976,130955.38325303132,0.1912277
0.1213059,0.05410433,30129.24,0.005794084615384615,20419.117297971523,131078.1166943939,0.1911998
0.1215013,0.05414012,30112.9,0.005790942307692308,20438.241138297322,131200.87993323963,0.1911718
0.1216966,0.05417584,30096.62,0.005787811538461538,20457.39969082321,131323.8660029623,0.1911435
0.121892,0.05421149,30080.45,0.005784701923076923,20476.6010318823,131447.1267486304,0.1911154
0.1220874,0.05424706,30064.41,0.005781617307692308,20495.87162276771,131570.8320353961,0.1910876
0.1222829,0.05428257,30048.46,0.0057785499999999995,20515.173675256305,131694.73928621504,0.1910599
0.1224783,0.054318,30032.56,0.0057754923076923075,20534.496264128673,131818.77836792902,0.191032
0.1226737,0.05435337,30017.09,0.005772517307692308,20553.31303085053,131939.570383969,0.1910032
0.1228692,0.05438866,30093.18,0.0057871500000000005,20532.284585007368,131804.58075450026,0.1912785
0.1230646,0.05442388,28039.71,0.005392251923076923,7080.2582065770675,45450.883007579614,0.2182841
0.1232601,0.05445903,29317.44,0.005637969230769231,19385.264096768093,124441.41792947332,0.187406
0.1234556,0.05449411,29910.15,0.005751951923076923,20529.13316934643,131784.35061312202,0.1905085
0.1236511,0.05452912,29935.25,0.005756778846153846,20642.58327833392,132512.63021541075,0.190828
0.1238466,0.05456407,29922.19,0.005754267307692308,20669.586483876083,132685.97411052271,0.1908276
0.1240422,0.05459894,29906.87,0.005751321153846154,20689.686200776156,132815.0018740105,0.1908006
0.1242377,0.05463375,29892.2,0.0057485,20709.602280460815,132942.85080003925,0.1907747
0.1244333,0.05466847,29879.28,0.005746015384615384,20730.37194864855,133076.17923685105,0.1907584
0.1246288,0.05470309,29864.38,0.00574315,20749.701450342156,133200.26269460615,0.190735
0.1248244,0.05473767,29930.0,0.005755769230769231,20749.01329310147,133195.8451503126,0.1909677
0.12502,0.05477226,37499.26,0.007211396153846154,1594.6428635923032,10236.62190238748,0.2521524
