x,r,cf_t,pressure,yplus
0.0,0.01,166.061584943321,953109.5,1.821944
0.0009090909,0.01000433,164.8237177741985,934002.3,1.790841
0.001818182,0.01001725,168.47429150321568,913446.1,1.78523
0.002727273,0.01003869,173.40656226257212,885240.7,1.781085
0.003636364,0.01006858,177.87155551281495,852299.7,1.771607
0.004545455,0.01010683,181.55324339329843,816711.4,1.756847
0.005454545,0.01015336,184.57792323646382,779794.0,1.738279
0.006363636,0.01020809,186.86843246659993,741172.6,1.715328
0.007272727,0.01027095,188.41186492806443,703072.2,1.689334
0.008181818,0.01034186,189.3443402931967,666118.1,1.661555
0.009090909,0.01042074,189.82113439312653,630375.4,1.632606
0.01,0.0105075,189.90110199896898,595944.4,1.602787
0.01090909,0.01060207,189.625518761112,562892.8,1.572332
0.01181818,0.01070438,189.02510340433204,531251.5,1.541427
0.01272727,0.01081434,188.1263422169172,501025.6,1.51022
0.01363636,0.01093187,186.94937827349182,472203.0,1.47877
0.01454545,0.01105689,185.50820077616757,444761.6,1.447168
0.01545455,0.01118933,183.81710026750724,418669.8,1.415481
0.01636364,0.01132911,181.89037950603395,393893.0,1.383766
0.01727273,0.01147614,179.74175918933798,370392.2,1.352092
0.01818182,0.01163035,177.38865091463575,348125.5,1.32053
0.01909091,0.01179167,174.8298298713581,327042.1,1.289057
0.02,0.01196,172.0846081454975,307109.3,1.257708
0.02090909,0.01213528,169.17422498521125,288282.7,1.226554
0.02181818,0.01231742,166.1176997822722,270518.5,1.195638
0.02272727,0.01250634,162.93130211444077,253772.8,1.165004
0.02363636,0.01270197,159.63007893727246,238001.5,1.134696
0.02454545,0.01290422,156.2296897269369,223160.9,1.104752
0.02545455,0.01311303,152.7454228684083,209207.6,1.075209
0.02636364,0.0133283,149.19255562458918,196098.9,1.046103
0.02727273,0.01354996,145.58599164874144,183792.6,1.017474
0.02818182,0.01377794,141.94014239097206,172247.4,0.9893567
0.02909091,0.01401214,138.27078706773392,161423.2,0.9617649
0.03,0.0142525,134.5911367579057,151280.8,0.9347168
0.03090909,0.01449893,130.91268492578772,141782.3,0.9082324
0.03181818,0.01475136,127.24752450763107,132891.0,0.8823328
0.03272727,0.01500971,123.60361768131793,124571.8,0.8570379
0.03363636,0.01527389,119.98880884475365,116791.4,0.8323422
0.03454545,0.01554383,116.42543164730871,109517.4,0.8082913
0.03545455,0.01581945,112.92794455694401,102718.8,0.7849029
0.03636364,0.01610068,109.50800452529054,96366.25,0.7621954
0.03727273,0.01638742,106.18651145793561,90431.77,0.7402247
0.03818182,0.01667961,102.95267363144401,84888.52,0.7189379
0.03909091,0.01697716,99.83353444229479,79711.58,0.6983946
0.04,0.01728,96.8106420994646,74876.71,0.6785018
0.04090909,0.01758804,93.90822929219023,70361.65,0.6592629
0.04181818,0.01790122,91.10283828925095,66145.13,0.6406472
0.04272727,0.01821944,88.40040844055895,62207.05,0.6226658
0.04363636,0.01854263,85.7966818459086,58528.7,0.6052803
0.04454545,0.01887071,83.29249456812563,55092.22,0.5884736
0.04545455,0.01920361,80.88691137288937,51881.37,0.5722281
0.04636364,0.01954123,78.57858499275942,48880.38,0.5565299
0.04727273,0.01988352,76.36737938898955,46075.1,0.5413719
0.04818182,0.02023037,74.2517784691254,43451.78,0.5267448
0.04909091,0.02058173,72.23140332609539,40998.08,0.5126481
0.05,0.0209375,70.30534592857018,38702.09,0.4990756
0.05090909,0.02129761,68.4731064793631,36553.06,0.4860251
0.05181818,0.02166198,66.73342963118546,34540.79,0.4734966
0.05272727,0.02203053,65.08389435737207,32655.98,0.4614854
0.05363636,0.02240319,63.523783367465626,30889.93,0.4499897
0.05454545,0.02277986,62.05024129086758,29234.7,0.439
0.05545455,0.02316049,60.66226384320718,27682.88,0.4285105
0.05636364,0.02354497,59.35473328088419,26227.7,0.418513
0.05727273,0.02393325,58.12706405279556,24862.84,0.4090062
0.05818182,0.02432523,56.9751653123264,23582.44,0.399973
0.05909091,0.02472084,55.896674839576036,22381.1,0.3914041
0.06,0.02512,54.888351684036415,21253.64,0.383286
0.06090909,0.02552263,53.945873641716794,20195.31,0.3756048
0.06181818,0.02592866,53.06623803495452,19201.53,0.36835
0.06272727,0.02633799,52.24416048440445,18267.96,0.361499
0.06363636,0.02675056,51.47687535192534,17390.68,0.355036
0.06454545,0.02716629,50.75911912433274,16565.65,0.3489379
0.06545455,0.02758509,50.08788770560546,15789.38,0.3431799
0.06636364,0.0280069,49.45838184815618,15058.64,0.3377524
0.06727273,0.02843162,48.864645473194564,14370.07,0.3326222
0.06818182,0.02885918,48.30357887122248,13720.92,0.3277722
0.06909091,0.0292895,47.77253005295411,13108.46,0.3231827
0.07,0.0297225,47.26669537001438,12530.02,0.3188272
0.07090909,0.03015811,46.78177219501869,11983.49,0.3146881
0.07181818,0.03059624,46.314776233666194,11466.69,0.3107464
0.07272727,0.03103681,45.862091381068886,10977.55,0.3069788
0.07363636,0.03147976,45.42184402077162,10514.45,0.3033717
0.07454545,0.03192499,44.993374893568095,10075.85,0.2999166
0.07545455,0.03237243,44.57670195107628,9660.136,0.296602
0.07636364,0.032822,44.191044319735774,9266.08,0.2933337
0.07727273,0.03327362,43.80003815716165,8893.092,0.2902487
0.07818182,0.03372721,43.41733389953765,8539.768,0.2873086
0.07909091,0.0341827,43.047030798217016,8205.139,0.284501
0.08,0.03464,42.69135582273038,7888.455,0.2818256
0.08090909,0.03509904,42.352049955026274,7588.928,0.2792818
0.08181818,0.03555973,42.02942449584024,7305.688,0.2768661
0.08272727,0.036022,41.723921727810804,7037.906,0.2745766
0.08363636,0.03648577,41.43580631898845,6784.847,0.2724132
0.08454545,0.03695096,41.16486093581231,6545.742,0.2703715
0.08545455,0.03741749,40.910927766114845,6319.749,0.2684464
0.08636364,0.03788528,40.67257490017685,6106.069,0.2666303
0.08727273,0.03835426,40.44822831942159,5903.99,0.2649168
0.08818182,0.03882434,40.23685155936635,5712.796,0.2632983
0.08909091,0.03929545,40.03846877394933,5531.779,0.2617686
0.09,0.0397675,39.85525625867882,5360.305,0.2603197
0.09090909,0.04024042,39.67511399818258,5197.868,0.2589419
0.09181818,0.04071413,39.50146297523509,5043.793,0.2576255
0.09272727,0.04118855,39.33370364830082,4897.572,0.2563646
0.09363636,0.0416636,39.17090601595942,4758.735,0.2551531
0.09454545,0.0421392,39.011944142770155,4626.852,0.2539857
0.09545455,0.04261528,38.855155334258406,4501.529,0.2528559
0.09636364,0.04309175,38.69969667520032,4382.391,0.2517591
0.09727273,0.04356854,38.545543762434086,4269.098,0.2506911
0.09818182,0.04404556,38.390928522308265,4161.356,0.2496492
0.09909091,0.04452274,38.235219855207404,4058.872,0.2486317
0.1,0.045,38.07836803822191,3961.366,0.2476388
0.1009091,0.04547726,37.91992191420142,3868.587,0.2466723
0.1018182,0.04595444,37.75948862808376,3780.299,0.2457338
0.1027273,0.04643146,37.597065195844756,3696.28,0.2448251
0.1036364,0.04690825,37.43260863681487,3616.331,0.243948
0.1045455,0.04738472,37.26619331920648,3540.265,0.2431044
0.1054545,0.0478608,37.097862047579724,3467.913,0.2422964
0.1063636,0.0483364,36.92786900211479,3399.115,0.2415263
0.1072727,0.04881145,36.75654433443464,3333.722,0.2407968
0.1081818,0.04928587,36.58429963898929,3271.598,0.2401107
0.1090909,0.04975958,36.41184607266247,3212.612,0.2394707
0.11,0.0502325,36.240003155336396,3156.645,0.2388786
0.1109091,0.05070455,36.06971999584905,3103.584,0.2383371
0.1118182,0.05117566,35.90198199958596,3053.326,0.2378485
0.1127273,0.05164574,35.737994302816645,3005.771,0.2374159
0.1136364,0.05211472,35.58015634096523,2960.816,0.2370443
0.1145455,0.05258251,35.43583655949571,2918.359,0.2367378
0.1154545,0.05304904,35.29287743144375,2878.472,0.2364954
0.1163636,0.05351423,35.15533892629644,2840.991,0.2363163
0.1172727,0.053978,35.0251792308849,2805.836,0.2362033
0.1181818,0.05444027,34.90279182571337,2772.955,0.2361566
0.1190909,0.05490096,34.71835264085572,2743.378,0.2359256
0.12,0.05536,33.563563818353806,2852.58,0.230751
0.1209091,0.0558173,83.6188115784465,18357.48,0.4314678
0.1218182,0.05627279,-112.24675748983005,39261.18,0.666936
0.1227273,0.05672638,-115.10838117524425,42144.91,0.7301754
0.1236364,0.057178,-100.82096743308675,41872.71,0.7390133
0.1245455,0.05762757,-79.02757055625287,41397.75,0.7212105
0.1254545,0.05807501,-58.770639310190965,40671.33,0.6808705
0.1263636,0.05852024,-44.52266923600677,40335.61,0.6371468
0.1272727,0.05896319,-35.6454600742054,40874.46,0.6098379
0.1281818,0.05940376,-30.08800402969754,42199.57,0.5978107
0.1290909,0.05984189,-26.1091540092985,43844.95,0.5913865
0.13,0.0602775,-22.693325974774897,45269.79,0.5813474
0.1309091,0.0607105,-19.509274926684892,46048.74,0.5623208
0.1318182,0.06114082,-16.629840620869185,45985.23,0.5356389
0.1327273,0.06156838,-14.192107478396073,45176.44,0.5063593
0.1336364,0.0619931,-12.237529717438374,43964.19,0.4788532
0.1345455,0.06241491,-10.665808226703042,42691.66,0.4553979
0.1354545,0.06283371,-9.28432957365344,41579.69,0.4396649
0.1363636,0.06324944,-7.900213008561525,40719.54,0.4399523
0.1372727,0.06366201,-6.571201860541363,40088.32,0.461383
0.1381818,0.06407134,-5.95806947172251,39627.32,0.453655
0.1390909,0.06447737,-5.569171066551352,39477.88,0.4490298
0.14,0.06488,-5.303370348598625,39671.56,0.4469227
0.1409091,0.06527916,-5.078758234636015,40200.0,0.4453145
0.1418182,0.06567477,-4.8288092046977,41033.73,0.4417813
0.1427273,0.06606675,-4.503547504148907,42135.68,0.4339521
0.1436364,0.06645503,-4.071622487957777,43467.44,0.4196484
0.1445455,0.06683951,-3.520393951573851,44992.06,0.3968124
0.1454545,0.06722014,-2.8525917928583455,46675.36,0.3631496
0.1463636,0.06759681,-2.0816888952937767,48485.8,0.3152489
0.1472727,0.06796947,-1.2288296974175839,50393.63,0.2459745
0.1481818,0.06833802,-0.3219220524717966,52370.24,0.1277566
0.1490909,0.06870239,0.6060990476846191,54388.09,0.1777504
0.15,0.0690625,1.5198742023530938,56418.36,0.2852173
0.1509091,0.06941827,2.384896777215839,58428.49,0.3618151
0.1518182,0.06976963,3.1719304583418815,60383.99,0.4223595
0.1527273,0.07011648,3.8623231078577347,62251.4,0.4715472
0.1536364,0.07045877,4.447696914512919,63979.46,0.5117231
0.1545455,0.07079639,4.929588585440261,65524.04,0.5444902
0.1554545,0.07112929,5.315830965771216,66839.35,0.5710727
0.1563636,0.07145737,5.615923154300424,67882.47,0.5923744
0.1572727,0.07178056,5.839122568509492,68621.55,0.6090688
0.1581818,0.07209878,5.992150379318093,69041.89,0.6215906
0.1590909,0.07241196,6.080928220757812,69144.41,0.6302833
0.16,0.07272,6.11035653351828,68943.02,0.635411
0.1609091,0.07302284,6.084902400568971,68463.77,0.6372036
0.1618182,0.07332039,6.009691264726615,67742.41,0.6359185
0.1627273,0.07361258,5.891082464604888,66821.04,0.6318739
0.1636364,0.07389932,5.736613270428689,65744.34,0.6254509
0.1645455,0.07418055,5.554501424671322,64555.86,0.6170732
0.1654545,0.07445617,5.352926375642638,63295.11,0.6071731
0.1663636,0.07472611,5.139349191600742,61995.7,0.5961581
0.1672727,0.07499029,4.9200681742791215,60684.52,0.5843839
0.1681818,0.07524864,4.6999286661766835,59381.75,0.5721381
0.1690909,0.07550107,4.482356123230471,58101.45,0.5596338
0.17,0.0757475,4.269523326307912,56852.54,0.5470143
0.1709091,0.07598786,4.062586841766805,55640.06,0.5343644
0.1718182,0.07622206,3.862079754792216,54466.3,0.5217301
0.1727273,0.07645004,3.6681909183122787,53331.57,0.5091348
0.1736364,0.0766717,3.4809744808491803,52234.83,0.4965927
0.1745455,0.07688697,3.300530749668622,51173.97,0.4841211
0.1754545,0.07709578,3.127082113075344,50146.15,0.4717477
0.1763636,0.07729803,2.960592009183502,49148.09,0.4594825
0.1772727,0.07749366,2.8005364141094216,48176.28,0.4472977
0.1781818,0.07768258,2.646705291859463,47227.52,0.4351884
0.1790909,0.07786472,2.499537848490097,46303.33,0.4232108
0.18,0.07804,2.359740492738502,45404.27,0.4114493
0.1809091,0.07820833,2.227897748704368,44530.17,0.3999844
0.1818182,0.07836965,2.1042951551928386,43680.88,0.3888773
0.1827273,0.07852386,1.9888624697548678,42856.59,0.3781616
0.1836364,0.07867089,1.8812007218383817,42058.35,0.3678421
0.1845455,0.07881067,1.7806853466335124,41288.63,0.3579009
0.1854545,0.07894311,1.6866189654324406,40551.92,0.3483111
0.1863636,0.07906813,1.5984244061824588,39855.04,0.3390568
0.1872727,0.07918566,1.5158423438917266,39206.95,0.3301543
0.1881818,0.07929562,1.4390393073282755,38617.9,0.3216683
0.1890909,0.07939793,1.368584604417954,38097.88,0.3137117
0.19,0.0794925,1.305284915367938,37654.92,0.3064295
0.1909091,0.07957926,1.249972973205501,37293.88,0.2999747
0.1918182,0.07965814,1.203347587240977,37016.15,0.2944867
0.1927273,0.07972905,1.1658836437585407,36820.02,0.290076
0.1936364,0.07979191,1.137824433474289,36701.47,0.286818
0.1945455,0.07984664,1.119222928034751,36654.94,0.2847555
0.1954545,0.07989317,1.109996702342744,36674.0,0.2839017
0.1963636,0.07993142,1.1099144713247886,36751.96,0.2842364
0.1972727,0.07996131,1.1181833365925078,36882.93,0.2856569
0.1981818,0.07998275,1.1319641820518636,37063.36,0.2877901
0.1990909,0.07999567,1.1373541857976464,37294.6,0.2888697
0.2,0.08,1.194854398022474,37626.69,0.2965561
