case_id,campaign,geometry_id,pc_pa,pa_pa,npr,of_ratio,t0_k,gas_model,turbulence_model,wall_model,evidence_status,physics_accepted,training_eligible,pressure_chamber_bar,pressure_throat_bar,pressure_exit_bar,temperature_chamber_k,temperature_throat_k,temperature_exit_k,mach_chamber,mach_throat,mach_exit,density_chamber_kg_m3,density_throat_kg_m3,density_exit_kg_m3,cp_chamber_kj_kg_k,cp_throat_kj_kg_k,cp_exit_kj_kg_k,gamma_chamber,gamma_throat,gamma_exit,molecular_weight_chamber_kg_kmol,molecular_weight_throat_kg_kmol,molecular_weight_exit_kg_kmol,sound_speed_chamber_m_s,sound_speed_throat_m_s,sound_speed_exit_m_s
hot_methalox_ground_throttle_exploratory_001,hot_methalox_ground_throttle_exploratory,DLR_PAR,2559971.7977145975,101325.0,25.264957293013545,3.2711208758272305,3406.26,equilibrium_products_LUT,SST_2003m,adiabatic,exploratory_not_validated_below_5.1MPa,false,false,25.5997,14.8375,0.0934,3406.26,3247.89,1836.76,0.0,1.0,3.7331,1.902,1.172,0.01396,7.8469,7.5637,2.2479,1.1276,1.1247,1.1958,21.0429,21.3282,22.8313,1231.91,1193.35,894.36
hot_methalox_ground_throttle_exploratory_002,hot_methalox_ground_throttle_exploratory,DLR_PAR,2998033.051501125,101325.0,29.58828572910067,3.1590683292722197,3409.66,equilibrium_products_LUT,SST_2003m,adiabatic,exploratory_not_validated_below_5.1MPa,false,false,29.9803,17.3542,0.1042,3409.66,3244.61,1719.22,0.0,1.0,3.8035,2.195,1.353,0.01621,7.3059,6.916,2.2138,1.1304,1.1283,1.2041,20.76,21.0305,22.2378,1242.44,1203.04,879.78
hot_methalox_ground_throttle_exploratory_003,hot_methalox_ground_throttle_exploratory,DLR_PAR,3443315.5431212774,101325.0,33.98288224151273,3.1936517429830267,3432.81,equilibrium_products_LUT,SST_2003m,adiabatic,exploratory_not_validated_below_5.1MPa,false,false,34.4332,19.9327,0.1207,3432.81,3266.73,1749.19,0.0,1.0,3.7919,2.521,1.554,0.01861,7.274,6.9188,2.2139,1.1305,1.1281,1.2023,20.8969,21.1696,22.4221,1242.6,1203.1,883.08
hot_methalox_ground_throttle_exploratory_004,hot_methalox_ground_throttle_exploratory,DLR_PAR,4938889.518787262,101325.0,48.74304977831001,3.1551986828150502,3470.26,equilibrium_products_LUT,SST_2003m,adiabatic,exploratory_not_validated_below_5.1MPa,false,false,49.3889,28.556,0.1687,3470.26,3295.89,1701.17,0.0,1.0,3.8312,3.573,2.202,0.0265,6.7499,6.361,2.2037,1.1333,1.1315,1.2052,20.8714,21.133,22.2181,1251.7,1211.28,875.91
hot_methalox_ground_throttle_exploratory_005,hot_methalox_ground_throttle_exploratory,DLR_PAR,3563497.00527115,101325.0,35.16898105374932,3.212038875517553,3440.09,equilibrium_products_LUT,SST_2003m,adiabatic,exploratory_not_validated_below_5.1MPa,false,false,35.635,20.6304,0.1256,3440.09,3274.13,1766.36,0.0,1.0,3.7837,2.611,1.609,0.01926,7.2975,6.9601,2.2156,1.1303,1.1279,1.2012,20.9594,21.2339,22.5199,1241.97,1202.49,885.07
hot_methalox_ground_throttle_exploratory_006,hot_methalox_ground_throttle_exploratory,DLR_PAR,3932227.8469366776,101325.0,38.80807152170419,3.105264345885516,3431.91,equilibrium_products_LUT,SST_2003m,adiabatic,exploratory_not_validated_below_5.1MPa,false,false,39.3223,22.7337,0.1328,3431.91,3259.32,1659.32,0.0,1.0,3.8465,2.847,1.755,0.02114,6.8002,6.3616,2.208,1.1332,1.1317,1.2075,20.6622,20.9206,21.9515,1250.99,1210.75,871.17
hot_methalox_ground_throttle_exploratory_007,hot_methalox_ground_throttle_exploratory,DLR_PAR,2370954.406922216,101325.0,23.399500685144,3.144660486376349,3378.2,equilibrium_products_LUT,SST_2003m,adiabatic,exploratory_not_validated_below_5.1MPa,false,false,23.7095,13.7293,0.0826,3378.2,3216.67,1712.05,0.0,1.0,3.7989,1.744,1.075,0.01286,7.5197,7.1131,2.2183,1.1294,1.1272,1.2045,20.6596,20.9318,22.1606,1239.13,1200.12,879.62
hot_methalox_ground_throttle_exploratory_008,hot_methalox_ground_throttle_exploratory,DLR_PAR,2723445.5341915283,101325.0,26.8783176332744,3.2075519750574997,3405.61,equilibrium_products_LUT,SST_2003m,adiabatic,exploratory_not_validated_below_5.1MPa,false,false,27.2345,15.7752,0.0967,3405.61,3244.13,1770.44,0.0,1.0,3.7715,2.008,1.237,0.01478,7.5833,7.2403,2.2237,1.1289,1.1264,1.2008,20.8782,21.156,22.4952,1237.38,1198.41,886.44
hot_methalox_ground_throttle_exploratory_009,hot_methalox_ground_throttle_exploratory,DLR_PAR,3712779.664363521,101325.0,36.64228634950428,3.2593710065103987,3452.28,equilibrium_products_LUT,SST_2003m,adiabatic,exploratory_not_validated_below_5.1MPa,false,false,37.1278,21.5016,0.133,3452.28,3287.32,1812.31,0.0,1.0,3.7603,2.73,1.682,0.0201,7.3982,7.1051,2.2247,1.1297,1.127,1.1981,21.1066,21.3858,22.7712,1239.49,1200.16,890.4
hot_methalox_ground_throttle_exploratory_010,hot_methalox_ground_throttle_exploratory,DLR_PAR,4738032.136874271,101325.0,46.76074154329406,3.1415202753669074,3462.34,equilibrium_products_LUT,SST_2003m,adiabatic,exploratory_not_validated_below_5.1MPa,false,false,47.3803,27.3928,0.1612,3462.34,3288.07,1689.14,0.0,1.0,3.8364,3.427,2.112,0.02542,6.7428,6.3407,2.2044,1.1334,1.1317,1.2058,20.8193,21.0797,22.1451,1251.88,1211.47,874.5
hot_methalox_ground_throttle_exploratory_011,hot_methalox_ground_throttle_exploratory,DLR_PAR,3280891.177662549,101325.0,32.3798783879847,3.2554596389631576,3435.97,equilibrium_products_LUT,SST_2003m,adiabatic,exploratory_not_validated_below_5.1MPa,false,false,32.8089,19.0045,0.1179,3435.97,3272.99,1812.47,0.0,1.0,3.7555,2.419,1.491,0.0178,7.5228,7.2258,2.2289,1.1291,1.1264,1.198,21.0633,21.3438,22.7499,1237.51,1198.4,890.81
hot_methalox_ground_throttle_exploratory_012,hot_methalox_ground_throttle_exploratory,DLR_PAR,5199776.420813104,101325.0,51.317803314217656,3.294631430907986,3500.22,equilibrium_products_LUT,SST_2003m,adiabatic,exploratory_not_validated_below_5.1MPa,false,false,51.9978,30.1016,0.1865,3500.22,3330.64,1836.54,0.0,1.0,3.7598,3.805,2.345,0.02804,7.1372,6.8756,2.2207,1.1309,1.1281,1.1966,21.2957,21.5738,22.9595,1243.17,1203.35,892.11
hot_methalox_ground_throttle_exploratory_013,hot_methalox_ground_throttle_exploratory,DLR_PAR,4066252.89295512,101325.0,40.13079588408705,3.132117395853095,3441.78,equilibrium_products_LUT,SST_2003m,adiabatic,exploratory_not_validated_below_5.1MPa,false,false,40.6625,23.5145,0.1386,3441.78,3269.93,1684.23,0.0,1.0,3.8338,2.949,1.818,0.02186,6.8698,6.4569,2.2069,1.1327,1.131,1.2061,20.7532,21.015,22.0947,1249.78,1209.62,874.33
hot_methalox_ground_throttle_exploratory_014,hot_methalox_ground_throttle_exploratory,DLR_PAR,2928883.2207461037,101325.0,28.905829960484617,3.178692975871261,3410.15,equilibrium_products_LUT,SST_2003m,adiabatic,exploratory_not_validated_below_5.1MPa,false,false,29.2888,16.9581,0.1026,3410.15,3246.32,1739.34,0.0,1.0,3.7914,2.15,1.325,0.01586,7.4027,7.0319,2.2165,1.1299,1.1276,1.2029,20.8123,21.0856,22.3422,1240.68,1201.42,882.38
hot_methalox_ground_throttle_exploratory_015,hot_methalox_ground_throttle_exploratory,DLR_PAR,2015501.0809350065,101325.0,19.891449108660314,3.2870942681089916,3377.4,equilibrium_products_LUT,SST_2003m,adiabatic,exploratory_not_validated_below_5.1MPa,false,false,20.155,11.6883,0.0747,3377.4,3223.34,1861.5,0.0,1.0,3.7109,1.509,0.9296,0.01105,8.1679,7.8983,2.2738,1.1261,1.1232,1.1933,21.025,21.3145,22.9134,1226.41,1188.39,897.79
hot_methalox_ground_throttle_exploratory_016,hot_methalox_ground_throttle_exploratory,DLR_PAR,2261264.9059175844,101325.0,22.316949478584597,3.1090965225888443,3365.9,equilibrium_products_LUT,SST_2003m,adiabatic,exploratory_not_validated_below_5.1MPa,false,false,22.6126,13.0906,0.0779,3365.9,3203.67,1678.34,0.0,1.0,3.8163,1.66,1.023,0.01226,7.4347,6.9912,2.2171,1.1298,1.128,1.2066,20.5417,20.81,21.9712,1240.68,1201.59,875.4
hot_methalox_ground_throttle_exploratory_017,hot_methalox_ground_throttle_exploratory,DLR_PAR,3247654.3238173514,101325.0,32.05185614426204,3.2761551388212884,3437.35,equilibrium_products_LUT,SST_2003m,adiabatic,exploratory_not_validated_below_5.1MPa,false,false,32.4765,18.8153,0.1177,3437.35,3275.21,1833.69,0.0,1.0,3.7438,2.4,1.479,0.01764,7.5928,7.3146,2.2367,1.1287,1.1259,1.1964,21.1191,21.4019,22.8593,1235.92,1196.92,893.27
hot_methalox_ground_throttle_exploratory_018,hot_methalox_ground_throttle_exploratory,DLR_PAR,4325104.872470283,101325.0,42.685466296277156,3.171734702444782,3457.23,equilibrium_products_LUT,SST_2003m,adiabatic,exploratory_not_validated_below_5.1MPa,false,false,43.251,25.0193,0.1492,3457.23,3286.11,1720.9,0.0,1.0,3.8157,3.143,1.937,0.02326,6.9501,6.5755,2.2066,1.1322,1.1301,1.204,20.8887,21.155,22.306,1248.21,1208.14,878.83
hot_methalox_ground_throttle_exploratory_019,hot_methalox_ground_throttle_exploratory,DLR_PAR,4524400.682233225,101325.0,44.65236301241771,3.247762898530814,3475.77,equilibrium_products_LUT,SST_2003m,adiabatic,exploratory_not_validated_below_5.1MPa,false,false,45.244,26.189,0.1603,3475.77,3306.96,1794.34,0.0,1.0,3.7773,3.307,2.038,0.0244,7.1512,6.8479,2.2144,1.1309,1.1284,1.1994,21.1247,21.3997,22.7104,1243.86,1204.09,887.66
hot_methalox_ground_throttle_exploratory_020,hot_methalox_ground_throttle_exploratory,DLR_PAR,2698745.875620901,101325.0,26.634550956041462,3.227775458889253,3407.38,equilibrium_products_LUT,SST_2003m,adiabatic,exploratory_not_validated_below_5.1MPa,false,false,26.9875,15.6351,0.0966,3407.38,3246.77,1791.07,0.0,1.0,3.7598,1.994,1.229,0.01467,7.6585,7.3351,2.2291,1.1285,1.1259,1.1993,20.9341,21.2142,22.6024,1235.83,1196.98,888.93
hot_methalox_ground_throttle_exploratory_021,hot_methalox_ground_throttle_exploratory,DLR_PAR,4999881.422705665,101325.0,49.34499306889381,3.1228638584057578,3464.74,equilibrium_products_LUT,SST_2003m,adiabatic,exploratory_not_validated_below_5.1MPa,false,false,49.9988,28.8963,0.1687,3464.74,3288.47,1669.87,0.0,1.0,3.8488,3.606,2.223,0.02679,6.6151,6.1966,2.2041,1.1342,1.1326,1.2069,20.7745,21.0311,22.0456,1254.1,1213.47,871.83
hot_methalox_ground_throttle_exploratory_022,hot_methalox_ground_throttle_exploratory,DLR_PAR,4576195.417616289,101325.0,45.16353730684717,3.220504132901136,3472.9,equilibrium_products_LUT,SST_2003m,adiabatic,exploratory_not_validated_below_5.1MPa,false,false,45.762,26.4816,0.1604,3472.9,3302.84,1767.02,0.0,1.0,3.7925,3.336,2.056,0.02464,7.0547,6.7263,2.2096,1.1315,1.1291,1.2012,21.0481,21.3197,22.5656,1245.91,1205.99,884.35
hot_methalox_ground_throttle_exploratory_023,hot_methalox_ground_throttle_exploratory,DLR_PAR,4134900.020444758,101325.0,40.80829035721449,3.2395112288612293,3463.11,equilibrium_products_LUT,SST_2003m,adiabatic,exploratory_not_validated_below_5.1MPa,false,false,41.349,23.9371,0.1465,3463.11,3295.58,1788.99,0.0,1.0,3.7769,3.027,1.865,0.02232,7.2225,6.9114,2.2158,1.1306,1.1281,1.1998,21.0774,21.3529,22.6663,1242.8,1203.16,887.32
hot_methalox_ground_throttle_exploratory_024,hot_methalox_ground_throttle_exploratory,DLR_PAR,5327307.046351999,101325.0,52.576432729849486,3.19141788434152,3486.74,equilibrium_products_LUT,SST_2003m,adiabatic,exploratory_not_validated_below_5.1MPa,false,false,53.2731,30.8091,0.1839,3486.74,3312.66,1734.08,0.0,1.0,3.8158,3.859,2.379,0.02858,6.7989,6.4442,2.2034,1.1329,1.1308,1.2032,21.0002,21.2654,22.4112,1250.61,1210.23,879.83
hot_methalox_nominal_001,hot_methalox_nominal,DLR_PAR,5381714.054119397,70054.28660841944,76.82205207800372,3.1797652477851335,3485.75,equilibrium_products_LUT,SST_2003m,adiabatic,representative_LLAMA_scale_operating_envelope,false,false,53.8171,31.1191,0.1849,3485.75,3310.94,1722.51,0.0,1.0,3.8225,3.893,2.4,0.02886,6.7482,6.3828,2.2027,1.1333,1.1312,1.2039,20.9675,21.231,22.3491,1251.58,1211.12,878.35
hot_methalox_nominal_002,hot_methalox_nominal,DLR_PAR,5275293.520408064,77831.66085352784,67.77824682857135,3.1915641513017063,3485.55,equilibrium_products_LUT,SST_2003m,adiabatic,representative_LLAMA_scale_operating_envelope,false,false,52.7529,30.509,0.1822,3485.55,3311.66,1734.51,0.0,1.0,3.8152,3.822,2.356,0.02831,6.8096,6.455,2.2036,1.1329,1.1308,1.2032,20.9982,21.2636,22.4119,1250.42,1210.07,879.91
hot_methalox_nominal_003,hot_methalox_nominal,DLR_PAR,5396283.648081604,86324.2948091332,62.51176056535445,3.232393647665637,3495.62,equilibrium_products_LUT,SST_2003m,adiabatic,representative_LLAMA_scale_operating_envelope,false,false,53.9628,31.2201,0.189,3495.62,3323.07,1773.72,0.0,1.0,3.7948,3.922,2.418,0.029,6.9192,6.6022,2.2066,1.1322,1.1298,1.2008,21.1254,21.3958,22.6293,1248.06,1207.87,884.64
hot_methalox_nominal_004,hot_methalox_nominal,DLR_PAR,5253975.331838145,94250.1557014531,55.74500426801037,3.215511924509852,3489.39,equilibrium_products_LUT,SST_2003m,adiabatic,representative_LLAMA_scale_operating_envelope,false,false,52.5398,30.3935,0.183,3489.39,3316.62,1757.97,0.0,1.0,3.8023,3.815,2.352,0.02822,6.8934,6.5608,2.2054,1.1324,1.1301,1.2018,21.0687,21.3373,22.5394,1248.73,1208.51,882.82
hot_methalox_nominal_005,hot_methalox_nominal,DLR_PAR,5308426.784133401,97539.89943611904,54.423131608926894,3.201516442469677,3488.17,equilibrium_products_LUT,SST_2003m,adiabatic,representative_LLAMA_scale_operating_envelope,false,false,53.0843,30.7034,0.1839,3488.17,3314.61,1744.01,0.0,1.0,3.8103,3.849,2.373,0.02849,6.8367,6.4912,2.2041,1.1327,1.1305,1.2027,21.0296,21.2963,22.4649,1249.86,1209.55,881.07
hot_methalox_nominal_006,hot_methalox_nominal,DLR_PAR,5350294.4578665765,95719.47300026112,55.89556952378939,3.105130673763817,3468.66,equilibrium_products_LUT,SST_2003m,adiabatic,representative_LLAMA_scale_operating_envelope,false,false,53.5029,30.9091,0.1791,3468.66,3290.09,1651.35,0.0,1.0,3.8612,3.847,2.371,0.02863,6.4753,6.0421,2.2042,1.1351,1.1337,1.2079,20.7351,20.9875,21.9511,1256.49,1215.62,869.2
hot_methalox_nominal_007,hot_methalox_nominal,DLR_PAR,5213282.176053898,74812.72402995074,69.68443194190868,3.1153943657730707,3468.03,equilibrium_products_LUT,SST_2003m,adiabatic,representative_LLAMA_scale_operating_envelope,false,false,52.1328,30.1236,0.1753,3468.03,3290.54,1661.71,0.0,1.0,3.8547,3.754,2.314,0.02791,6.5426,6.118,2.2039,1.1346,1.1332,1.2073,20.7612,21.0158,22.0058,1255.34,1214.59,870.64
hot_methalox_nominal_008,hot_methalox_nominal,DLR_PAR,5318749.1073137745,83235.50540739231,63.900003745774164,3.1253752915463053,3472.75,equilibrium_products_LUT,SST_2003m,adiabatic,representative_LLAMA_scale_operating_envelope,false,false,53.1875,30.7356,0.1793,3472.75,3295.41,1670.67,0.0,1.0,3.8504,3.831,2.362,0.02848,6.5606,6.1453,2.2032,1.1345,1.133,1.2068,20.7973,21.053,22.0591,1255.03,1214.29,871.76
hot_methalox_nominal_009,hot_methalox_nominal,DLR_PAR,5162358.311919055,81488.41665630323,63.35082363537051,3.1640152575563234,3477.49,equilibrium_products_LUT,SST_2003m,adiabatic,representative_LLAMA_scale_operating_envelope,false,false,51.6236,29.8481,0.1766,3477.49,3302.71,1708.45,0.0,1.0,3.8287,3.733,2.301,0.02768,6.7357,6.3553,2.2031,1.1334,1.1315,1.2047,20.9093,21.1713,22.2651,1251.9,1211.44,876.7
hot_methalox_nominal_010,hot_methalox_nominal,DLR_PAR,5172078.925961495,88592.8274942869,58.38033475447014,3.224592793549683,3488.97,equilibrium_products_LUT,SST_2003m,adiabatic,representative_LLAMA_scale_operating_envelope,false,false,51.7208,29.9234,0.1809,3488.97,3316.87,1767.34,0.0,1.0,3.7967,3.76,2.318,0.0278,6.9389,6.6146,2.2068,1.1321,1.1297,1.2012,21.0915,21.3616,22.5877,1247.83,1207.69,884.0
hot_methalox_nominal_011,hot_methalox_nominal,DLR_PAR,5194504.844330271,56827.99201965747,91.40750288226673,3.171311219345602,3479.72,equilibrium_products_LUT,SST_2003m,adiabatic,representative_LLAMA_scale_operating_envelope,false,false,51.945,30.0361,0.1782,3479.72,3305.17,1715.32,0.0,1.0,3.8252,3.758,2.317,0.02786,6.7553,6.3817,2.2031,1.1332,1.1313,1.2043,20.933,21.196,22.304,1251.52,1211.08,877.56
hot_methalox_nominal_012,hot_methalox_nominal,DLR_PAR,5237780.922925103,54760.353138171515,95.64914436744256,3.2843293219855627,3499.75,equilibrium_products_LUT,SST_2003m,adiabatic,representative_LLAMA_scale_operating_envelope,false,false,52.3778,30.3187,0.1871,3499.75,3329.69,1826.03,0.0,1.0,3.7657,3.828,2.36,0.02823,7.1019,6.8314,2.2175,1.1311,1.1284,1.1974,21.2683,21.5452,22.905,1244.0,1204.12,890.89
hot_methalox_nominal_013,hot_methalox_nominal,DLR_PAR,5122579.796924344,52796.77171058794,97.02448901619215,3.1395760815511466,3471.39,equilibrium_products_LUT,SST_2003m,adiabatic,representative_LLAMA_scale_operating_envelope,false,false,51.2258,29.61,0.1738,3471.39,3295.54,1685.19,0.0,1.0,3.8412,3.697,2.279,0.02745,6.6537,6.2508,2.2033,1.1339,1.1322,1.206,20.8323,21.0909,22.1348,1253.41,1212.83,873.75
hot_methalox_nominal_014,hot_methalox_nominal,DLR_PAR,5274422.283907087,63647.81688239984,82.86886404371855,3.237822755027307,3493.63,equilibrium_products_LUT,SST_2003m,adiabatic,representative_LLAMA_scale_operating_envelope,false,false,52.7442,30.5181,0.1852,3493.63,3321.71,1779.75,0.0,1.0,3.7907,3.838,2.365,0.02836,6.9597,6.6476,2.208,1.132,1.1295,1.2004,21.1355,21.4069,22.6581,1247.28,1207.17,885.44
hot_methalox_nominal_015,hot_methalox_nominal,DLR_PAR,5340387.270928796,90767.05675657,58.83618420338657,3.158059826817315,3480.41,equilibrium_products_LUT,SST_2003m,adiabatic,representative_LLAMA_scale_operating_envelope,false,false,53.4039,30.8729,0.1821,3480.41,3304.69,1701.8,0.0,1.0,3.8335,3.857,2.378,0.02862,6.6789,6.2933,2.2025,1.1337,1.1319,1.2051,20.8994,21.16,22.2334,1252.9,1212.34,875.75
hot_methalox_nominal_016,hot_methalox_nominal,DLR_PAR,5200693.017884666,72564.49514060661,71.66994006927767,3.1498524313027696,3475.44,equilibrium_products_LUT,SST_2003m,adiabatic,representative_LLAMA_scale_operating_envelope,false,false,52.0069,30.0642,0.177,3475.44,3299.82,1694.63,0.0,1.0,3.8365,3.756,2.315,0.02787,6.6763,6.283,2.2029,1.1338,1.132,1.2055,20.8677,21.1276,22.1896,1252.98,1212.43,874.92
hot_methalox_nominal_017,hot_methalox_nominal,DLR_PAR,5180027.831878534,50657.12931562503,102.25663992137767,3.2983072021143585,3500.22,equilibrium_products_LUT,SST_2003m,adiabatic,representative_LLAMA_scale_operating_envelope,false,false,51.8003,29.9884,0.1861,3500.22,3330.83,1840.34,0.0,1.0,3.7577,3.792,2.337,0.02795,7.1509,6.8924,2.222,1.1308,1.128,1.1963,21.3051,21.5837,22.979,1242.85,1203.06,892.55
hot_methalox_nominal_018,hot_methalox_nominal,DLR_PAR,5337058.816907667,67673.05606581268,78.86534356771662,3.2809933024891444,3501.69,equilibrium_products_LUT,SST_2003m,adiabatic,representative_LLAMA_scale_operating_envelope,false,false,53.3706,30.8914,0.1903,3501.69,3331.18,1822.11,0.0,1.0,3.7684,3.898,2.402,0.02875,7.0733,6.7998,2.2159,1.1312,1.1285,1.1977,21.2637,21.5399,22.8873,1244.56,1204.63,890.37
hot_methalox_nominal_019,hot_methalox_nominal,DLR_PAR,5107918.621143173,60251.844914197485,84.7761363725406,3.1185063214466253,3466.31,equilibrium_products_LUT,SST_2003m,adiabatic,representative_LLAMA_scale_operating_envelope,false,false,51.0792,29.5175,0.172,3466.31,3289.39,1665.18,0.0,1.0,3.8521,3.68,2.269,0.02736,6.5759,6.1538,2.204,1.1344,1.1329,1.2071,20.7661,21.0216,22.0224,1254.77,1214.08,871.16
hot_methalox_nominal_020,hot_methalox_nominal,DLR_PAR,5126742.6651705345,87081.36801391153,58.87301476880245,3.2669434708604044,3494.53,equilibrium_products_LUT,SST_2003m,adiabatic,representative_LLAMA_scale_operating_envelope,false,false,51.2674,29.673,0.1821,3494.53,3324.22,1809.43,0.0,1.0,3.7737,3.743,2.307,0.02762,7.0757,6.7898,2.2141,1.1313,1.1286,1.1985,21.2127,21.488,22.8127,1244.8,1204.88,889.03
hot_methalox_nominal_021,hot_methalox_nominal,DLR_PAR,5372813.177346296,65810.5036467884,81.6406634141979,3.2488774407227674,3497.74,equilibrium_products_LUT,SST_2003m,adiabatic,representative_LLAMA_scale_operating_envelope,false,false,53.7281,31.0893,0.1893,3497.74,3325.92,1790.08,0.0,1.0,3.7858,3.912,2.411,0.02889,6.974,6.672,2.2091,1.1318,1.1293,1.1998,21.1726,21.445,22.7169,1246.86,1206.76,886.61
hot_methalox_nominal_022,hot_methalox_nominal,DLR_PAR,5145685.861143141,100836.18653871055,51.03015135511631,3.19513728394203,3483.13,equilibrium_products_LUT,SST_2003m,adiabatic,representative_LLAMA_scale_operating_envelope,false,false,51.4569,29.7622,0.1781,3483.13,3309.86,1738.69,0.0,1.0,3.8121,3.732,2.3,0.02763,6.8477,6.4962,2.2043,1.1327,1.1305,1.203,21.0026,21.269,22.4309,1249.74,1209.45,880.51
hot_methalox_nominal_023,hot_methalox_nominal,DLR_PAR,5287547.431889577,62171.42555959175,85.04787182049454,3.2598783454198816,3497.41,equilibrium_products_LUT,SST_2003m,adiabatic,representative_LLAMA_scale_operating_envelope,false,false,52.8755,30.5999,0.1872,3497.41,3326.3,1801.45,0.0,1.0,3.7791,3.855,2.376,0.02846,7.0231,6.7309,2.2116,1.1316,1.129,1.199,21.2004,21.4744,22.7753,1245.83,1205.82,888.0
hot_methalox_nominal_024,hot_methalox_nominal,DLR_PAR,5226161.996418418,77756.305201882,67.21206701951066,3.251505691049284,3494.64,equilibrium_products_LUT,SST_2003m,adiabatic,representative_LLAMA_scale_operating_envelope,false,false,52.2616,30.2432,0.1845,3494.64,3323.42,1793.53,0.0,1.0,3.783,3.808,2.347,0.02812,7.0106,6.7109,2.2104,1.1317,1.1291,1.1996,21.173,21.4462,22.7308,1246.19,1206.16,887.11
