x_m,r_m,pressure_pa,pressure_over_pc,cf_t,yplus
-0.02268,0.02,1394771.0,0.2682251923076923,25090.137328629167,2.552281
-0.02253267,0.01999895,974502.9,0.18740440384615384,15185.897126019363,1.472533
-0.02238533,0.01999569,837467.6,0.16105146153846153,13733.904552667696,1.220143
-0.022238,0.01999024,771175.8,0.14830303846153847,12805.369774710378,1.119388
-0.02209067,0.01998263,736738.3,0.1416804423076923,11817.951013595817,1.054168
-0.02194333,0.01997283,721430.4,0.1387366153846154,10923.526746999003,1.007953
-0.021796,0.01996085,719201.1,0.13830790384615385,10220.426736999096,0.9775808
-0.02164867,0.01994667,726483.8,0.13970842307692308,9718.354332341385,0.9606668
-0.02150133,0.01993029,740932.5,0.14248701923076923,9386.00278389302,0.9546073
-0.021354,0.01991169,760697.4,0.14628796153846155,9182.756260765527,0.9567424
-0.02120667,0.01989087,784629.1,0.15089021153846152,9071.873494764073,0.9649132
-0.02105933,0.0198678,811797.4,0.1561148846153846,9026.903787827152,0.9774627
-0.020912,0.01984247,841502.5,0.16182740384615385,9029.316313082314,0.9931713
-0.02076467,0.01981487,873396.6,0.1679608846153846,9063.049212490854,1.011069
-0.02061733,0.01978496,907093.5,0.1744410576923077,9118.482140568445,1.030477
-0.02047,0.01975274,942302.1,0.1812119423076923,9189.581520916705,1.050964
-0.02032267,0.01971818,978968.2,0.18826311538461538,9274.457297383413,1.07245
-0.02017533,0.01968125,1016906.0,0.19555884615384617,9373.832160565533,1.09492
-0.020028,0.01964194,1056225.0,0.20312019230769232,9480.30311027852,1.118025
-0.01988067,0.01960019,1096909.0,0.21094403846153847,9591.112882568432,1.141645
-0.01973333,0.019556,1138700.0,0.21898076923076923,9704.577382128275,1.165557
-0.019586,0.01950932,1181513.0,0.22721403846153845,9824.944049764928,1.189986
-0.01943867,0.01946011,1225350.0,0.23564423076923077,9949.156862031274,1.214737
-0.01929133,0.01940835,1270301.0,0.24428865384615384,10069.561303759854,1.239378
-0.019144,0.01935396,1316071.0,0.2530905769230769,10182.778068757621,1.263548
-0.01899667,0.01929694,1362567.0,0.2620321153846154,10288.415904280373,1.287174
-0.01884933,0.01923721,1409966.0,0.2711473076923077,10392.255207548033,1.310671
-0.018702,0.01917472,1458206.0,0.2804242307692308,10493.446034137844,1.333946
-0.01855467,0.01910942,1507342.0,0.28987346153846155,10588.644549825554,1.356834
-0.01840733,0.01904125,1557556.0,0.29953,10677.340892163345,1.379354
-0.01826,0.01897015,1609144.0,0.30945076923076925,10767.108968170234,1.402061
-0.01811267,0.01889604,1662253.0,0.31966403846153846,10862.464051345713,1.425249
-0.01796533,0.01881884,1716966.0,0.33018576923076925,10963.633327214275,1.448952
-0.017818,0.01873847,1772758.0,0.340915,11112.677499144947,1.475728
-0.01767067,0.01865491,1807992.0,0.34769076923076925,11312.269053491587,1.497561
-0.01752333,0.01857015,1814583.0,0.3489582692307692,11471.674825999811,1.505746
-0.017376,0.01848489,1807989.0,0.3476901923076923,11564.569686600566,1.504989
-0.01722867,0.01839968,1795641.0,0.3453155769230769,11616.651986498735,1.499783
-0.01708133,0.01831462,1785224.0,0.3433123076923077,11656.739696723505,1.494757
-0.016934,0.01822956,1778179.0,0.3419575,11712.118774225246,1.491953
-0.01678667,0.01814451,1772922.0,0.34094653846153844,11790.445273662854,1.491024
-0.01663933,0.01805945,1769137.0,0.34021865384615385,11889.187110246334,1.491648
-0.016492,0.01797439,1766441.0,0.33970019230769233,12006.418329088561,1.49353
-0.01634467,0.01788933,1764402.0,0.3393080769230769,12137.971086570195,1.496298
-0.01619733,0.01780427,1762593.0,0.3389601923076923,12279.258936948225,1.499527
-0.01605,0.01771921,1760640.0,0.3385846153846154,12424.078182866087,1.502736
-0.01590267,0.01763416,1758225.0,0.3381201923076923,12573.346801283844,1.5059
-0.01575533,0.0175491,1755125.0,0.33752403846153844,12722.02125364466,1.508656
-0.015608,0.01746404,1751236.0,0.33677615384615384,12862.28935829959,1.510505
-0.01546067,0.01737898,1746574.0,0.33587961538461536,12990.791987137105,1.511289
-0.01531333,0.01729392,1741263.0,0.3348582692307692,13106.8203801973,1.511029
-0.015166,0.01720886,1735514.0,0.33375269230769233,13211.502260832536,1.509864
-0.01501867,0.0171238,1729577.0,0.33261096153846154,13307.484828945544,1.508034
-0.01487133,0.01703874,1723700.0,0.33148076923076925,13398.761336753903,1.505855
-0.014724,0.01695367,1718138.0,0.3304111538461538,13490.201205806143,1.503645
-0.01457667,0.01686861,1713174.0,0.32945653846153844,13587.16548452419,1.501795
-0.01442933,0.01678355,1709076.0,0.3286684615384615,13695.52261164939,1.500686
-0.014282,0.01669849,1706046.0,0.3280857692307692,13820.890648786972,1.500666
-0.01413467,0.01661343,1704192.0,0.3277292307692308,13968.677581148811,1.502022
-0.01398733,0.01652837,1703557.0,0.3276071153846154,14143.292442638662,1.504958
-0.01384,0.01644331,1704120.0,0.32771538461538463,14347.983764783108,1.509574
-0.01369267,0.01635825,1705782.0,0.328035,14584.44894231238,1.51588
-0.01354533,0.0162732,1708350.0,0.32852884615384614,14853.087252444442,1.523773
-0.013398,0.01618814,1711556.0,0.3291453846153846,15152.322561277739,1.533017
-0.01325067,0.01610308,1715082.0,0.32982346153846154,15478.45908114663,1.543294
-0.01310333,0.01601802,1718557.0,0.3304917307692308,15826.33253653926,1.554156
-0.012956,0.01593296,1721571.0,0.33107134615384615,16188.177092673062,1.565081
-0.01280867,0.0158479,1723680.0,0.33147692307692306,16554.528828574177,1.575451
-0.01266133,0.01576285,1724457.0,0.3316263461538462,16914.965674744042,1.58464
-0.012514,0.01567779,1723553.0,0.3314525,17258.96330786843,1.592067
-0.01236667,0.01559273,1720739.0,0.33091134615384615,17576.449154410373,1.597259
-0.01221933,0.01550767,1715915.0,0.32998365384615386,17859.854929594352,1.599894
-0.012072,0.01542261,1709111.0,0.3286751923076923,18104.27618564129,1.599837
-0.01192467,0.01533755,1700493.0,0.3270178846153846,18308.179774053853,1.597141
-0.01177733,0.01525249,1690356.0,0.32506846153846153,18473.98586165983,1.592083
-0.01163,0.01516743,1679078.0,0.32289961538461537,18607.197748539817,1.585057
-0.01148267,0.01508237,1667044.0,0.3205853846153846,18714.976114117897,1.576557
-0.01133533,0.01499731,1654602.0,0.3181926923076923,18806.804815327723,1.567103
-0.011188,0.01491224,1642078.0,0.3157842307692308,18890.78363882027,1.557165
-0.01104067,0.01482718,1629757.0,0.3134148076923077,18975.00698112513,1.547173
-0.01089333,0.01474212,1617859.0,0.31112673076923075,19066.164490202158,1.537468
-0.010746,0.01465706,1606512.0,0.3089446153846154,19168.999210692484,1.52827
-0.01059867,0.014572,1595757.0,0.3068763461538462,19286.97686750765,1.51971
-0.01045133,0.01448694,1585582.0,0.3049196153846154,19421.83496729375,1.511838
-0.010304,0.01440189,1575962.0,0.3030696153846154,19575.92090257887,1.504719
-0.01015667,0.01431683,1566877.0,0.3013225,19749.812169478024,1.498318
-0.01000933,0.01423177,1558289.0,0.2996709615384615,19942.732194156833,1.492605
-0.009862,0.01414671,1550135.0,0.2981028846153846,20154.66263796648,1.487515
-0.009714667,0.01406165,1542365.0,0.29660865384615387,20384.24277313486,1.482949
-0.009567333,0.01397659,1534983.0,0.2951890384615385,20631.58639610419,1.478918
-0.00942,0.01389153,1527993.0,0.2938448076923077,20897.659986705286,1.475432
-0.009272667,0.01380648,1521357.0,0.2925686538461538,21183.278064072478,1.472471
-0.009125333,0.01372142,1515008.0,0.2913476923076923,21488.888030438717,1.469991
-0.008978,0.01363636,1508925.0,0.29017788461538463,21814.776380099367,1.467994
-0.008830667,0.0135513,1503117.0,0.28906096153846156,22163.149905017708,1.466523
-0.008683333,0.01346624,1497578.0,0.28799576923076925,22534.919104490316,1.46556
-0.008536,0.01338118,1492286.0,0.2869780769230769,22932.140503657487,1.465117
-0.008388667,0.01329612,1487200.0,0.286,23354.691161138635,1.465142
-0.008241333,0.01321106,1482291.0,0.2850559615384615,23804.346452919694,1.465628
-0.008094,0.013126,1477544.0,0.28414307692307694,24282.89907631383,1.46659
-0.007946667,0.01304094,1472911.0,0.28325211538461537,24792.87892933386,1.468034
-0.007799333,0.01295588,1468308.0,0.28236692307692307,25334.01709521753,1.469888
-0.007652,0.01287081,1463679.0,0.28147673076923074,25908.3647308977,1.472139
-0.007504667,0.01278575,1458965.0,0.2805701923076923,26515.777664489502,1.474711
-0.007357333,0.01270069,1454159.0,0.27964596153846155,27157.87037411736,1.477596
-0.00721,0.01261563,1449164.0,0.2786853846153846,27833.77467791299,1.480682
-0.007062667,0.01253058,1443800.0,0.27765384615384614,28540.37794019839,1.483767
-0.006915333,0.01244552,1438010.0,0.2765403846153846,29277.894354815453,1.486797
-0.006768,0.01236046,1431688.0,0.2753246153846154,30044.68646844752,1.489646
-0.006620667,0.0122754,1424672.0,0.2739753846153846,30833.399405428005,1.492054
-0.006473333,0.01219034,1416886.0,0.2724780769230769,31640.228317273377,1.493888
-0.006326,0.01210528,1408168.0,0.2708015384615385,32457.945901158728,1.494909
-0.006178667,0.01202023,1398406.0,0.2689242307692308,33278.621846677845,1.494916
-0.006031333,0.01193517,1387420.0,0.2668115384615385,34089.816039398436,1.493604
-0.005884,0.01185011,1375367.0,0.26449365384615386,34881.25163836155,1.490908
-0.005736667,0.01176502,1361912.0,0.26190615384615384,35639.583343128004,1.486492
-0.005589333,0.01167993,1346112.0,0.2588676923076923,36358.32629241392,1.479883
-0.005442,0.01159492,1330998.0,0.25596115384615387,37002.031144529035,1.472068
-0.005294667,0.01150964,1316279.0,0.25313057692307694,37560.24706954332,1.462859
-0.005147333,0.01142418,1292226.0,0.248505,38098.7127133215,1.448784
-0.005,0.01133944,1261080.0,0.2425153846153846,38511.378241483326,1.430029
-0.004916667,0.01129216,1222296.0,0.23505692307692308,38800.40646986583,1.40631
-0.004833333,0.01124563,1180333.0,0.22698711538461538,39046.8039286763,1.380737
-0.00475,0.01120014,1135150.0,0.21829807692307693,39210.05398130981,1.352552
-0.004666667,0.01115567,1090875.0,0.20978365384615386,39250.59838686825,1.32327
-0.004583333,0.0111122,1047297.0,0.20140326923076923,39162.45676820867,1.292774
-0.0045,0.01106972,1004901.0,0.1932501923076923,38949.632561408675,1.261559
-0.004416667,0.0110282,963760.4,0.18533853846153847,38629.82671693707,1.230066
-0.004333333,0.01098766,924231.5,0.17773682692307693,38227.50308745068,1.198927
-0.00425,0.01094807,886826.2,0.1705435,37771.32151876368,1.168852
-0.004166667,0.01090941,851619.8,0.16377303846153848,37292.099977767124,1.140292
-0.004083333,0.01087167,818750.7,0.1574520576923077,36825.02490444054,1.113759
-0.004,0.01083485,788479.3,0.15163063461538462,36407.860307188734,1.089838
-0.003916667,0.01079893,760854.3,0.14631813461538462,36080.58800875249,1.069009
-0.003833333,0.0107639,735679.2,0.1414767692307692,35880.76780945837,1.051573
-0.00375,0.01072975,712838.8,0.13708438461538464,35839.76416702011,1.037788
-0.003666667,0.01069648,692129.1,0.13310175,35977.59132548475,1.027701
-0.003583333,0.01066406,673046.9,0.12943209615384615,36300.4636774562,1.021001
-0.0035,0.0106325,655152.1,0.12599078846153847,36795.02394213145,1.017148
-0.003416667,0.01060179,637998.5,0.12269201923076924,37433.673095222664,1.015418
-0.003333333,0.0105719,621082.7,0.11943898076923076,38182.400408576796,1.014983
-0.00325,0.01054286,604190.5,0.11619048076923078,39001.517340420105,1.015134
-0.003166667,0.01051464,587201.1,0.11292328846153846,39853.04477478674,1.015272
-0.003083333,0.01048722,569810.2,0.1095788846153846,40707.55229777173,1.014805
-0.003,0.01046061,551928.1,0.10614001923076923,41536.195728466744,1.013306
-0.002916667,0.0104348,533541.3,0.10260409615384616,42312.47434859531,1.010447
-0.002833333,0.01040979,514600.0,0.09896153846153846,43014.14711450135,1.005938
-0.00275,0.01038556,495252.8,0.09524092307692307,43621.15306146249,0.9996682
-0.002666667,0.01036211,475419.9,0.09142690384615385,44118.223771723024,0.9914291
-0.002583333,0.01033944,455206.6,0.08753973076923076,44489.539481835025,0.9811476
-0.0025,0.01031755,434953.8,0.08364496153846154,44723.667909530835,0.968986
-0.002416667,0.0102964,414497.3,0.07971101923076923,44812.08412250329,0.9547644
-0.002333333,0.01027603,393927.9,0.07575536538461539,44744.13186328826,0.93848
-0.00225,0.01025642,373619.5,0.07184990384615385,44517.32897311195,0.9204425
-0.002166667,0.01023754,353503.9,0.06798151923076924,44127.260637377134,0.9005945
-0.002083333,0.01021942,333683.2,0.06416984615384616,43572.68419806534,0.8790484
-0.002,0.01020204,314339.1,0.06044982692307692,42857.48647450907,0.8560346
-0.001916667,0.01018539,295469.7,0.05682109615384616,41980.4382507256,0.831581
-0.001833333,0.01016949,277259.5,0.053319134615384615,40952.569769929105,0.8059934
-0.00175,0.01015431,259728.3,0.04994775,39779.58360725492,0.7793814
-0.001666667,0.01013987,242893.0,0.04671019230769231,38465.77996972356,0.7518377
-0.001583333,0.01012615,226941.5,0.04364259615384616,37033.13046889491,0.7237682
-0.0015,0.01011314,211765.3,0.04072409615384615,35484.653424667944,0.6951286
-0.001416667,0.01010086,197388.1,0.03795925,33830.66891823462,0.6660583
-0.001333333,0.01008929,183949.8,0.035374961538461536,32098.948308000938,0.6369558
-0.00125,0.01007843,171333.8,0.03294880769230769,30292.240464657403,0.6077398
-0.001166667,0.01006829,159578.6,0.03068819230769231,28432.453437309006,0.5786438
-0.001083333,0.01005885,148677.9,0.028591903846153847,26538.116784399866,0.5498156
-0.001,0.01005012,138566.4,0.026647384615384614,24616.78337284078,0.5212314
-0.0009166667,0.01004211,129318.8,0.024869000000000002,22704.9044849331,0.4932666
-0.0008333333,0.01003478,120834.1,0.023237326923076923,20808.043048767202,0.4658265
-0.00075,0.01002817,113062.3,0.02174275,18936.971885577947,0.4389031
-0.0006666667,0.01002225,106030.7,0.02039051923076923,17122.731903822714,0.4127614
-0.0005833333,0.01001702,99634.51,0.01916048269230769,15360.928580200562,0.3871707
-0.0005,0.01001252,93886.99,0.018055190384615387,13680.356171426543,0.362369
-0.0004166667,0.01000867,88739.93,0.017065371153846154,12093.529781303067,0.3383815
-0.0003333333,0.01000554,84084.58,0.01617011153846154,10586.626387893153,0.3148591
-0.00025,0.01000314,79987.95,0.015382298076923076,9201.992235648493,0.2923327
-0.0001666667,0.01000133,76281.09,0.014669440384615384,7909.24835275708,0.2702178
-8.333333e-05,0.01000041,73016.58,0.014041650000000001,6733.877834382514,0.2488736
0.0,0.01,70036.35,0.013468528846153847,5645.881911008347,0.227689
8.333333e-05,0.01000069,67154.74,0.012914373076923077,4592.043399169471,0.2053817
0.0001666667,0.01000278,64586.36,0.012420453846153846,3635.497655536511,0.1829442
0.00025,0.01000625,62393.32,0.011998715384615385,2821.523415443224,0.1614477
0.0003333333,0.01001113,60544.66,0.011643203846153846,2153.573376088732,0.1413484
0.0004166667,0.01001739,58995.55,0.011345298076923077,1619.5917339041341,0.1228614
0.0005,0.01002506,57700.46,0.011096242307692308,1201.3796928477075,0.1060649
0.0005833333,0.01003414,56621.62,0.010888773076923078,880.4113670779933,0.09100451
0.0006666667,0.01004464,55726.51,0.010716636538461539,638.9088138674833,0.07768996
0.00075,0.01005657,54985.56,0.010574146153846154,460.4045162061026,0.06607834
0.0008333333,0.01006993,54374.07,0.010456551923076924,330.28099037260665,0.056064
0.0009166667,0.01008475,53872.08,0.010360015384615385,237.18126417635366,0.04758175
0.001,0.01010102,53461.12,0.010280984615384616,171.40448654361546,0.0405021
0.001083333,0.01011877,53125.78,0.010216496153846153,125.50660388527992,0.03469605
0.001166667,0.01013802,52853.45,0.010164125,93.87844478554791,0.03003522
0.00125,0.01015877,52633.51,0.010121828846153846,72.27628193355703,0.02637401
0.001333333,0.01018105,52456.31,0.010087751923076923,57.65227575322449,0.02356975
0.001416667,0.0102049,52314.34,0.010060449999999999,47.782908256155004,0.02146832
0.0015,0.0102303,52200.96,0.010038646153846153,41.14625948075988,0.01992951
0.001583333,0.01025731,52110.6,0.010021269230769231,36.665791959979984,0.01881886
0.001666667,0.01028595,52038.84,0.01000746923076923,33.628003342580634,0.01802656
0.00175,0.01031625,51981.75,0.009996490384615385,31.52022674502988,0.01745545
0.001833333,0.01034823,51936.46,0.00998778076923077,30.04935019367042,0.01704538
0.001916667,0.01038194,51900.32,0.009980830769230769,28.979977387525466,0.01674071
0.002,0.01041742,51871.31,0.009975251923076923,28.176787210676565,0.01650795
0.002083333,0.0104547,51847.8,0.00997073076923077,27.550370580456285,0.01632387
0.002166667,0.01049383,51828.48,0.009967015384615386,27.036846393987965,0.01617116
0.00225,0.01053486,51812.33,0.009963909615384616,26.600408445091208,0.01604003
0.002333333,0.01057783,51798.53,0.00996125576923077,26.20985205620931,0.01592158
0.002416667,0.01062282,51786.49,0.009958940384615384,25.847489227614446,0.01581076
0.0025,0.01066987,51775.72,0.00995686923076923,25.501295072979133,0.01570404
0.002583333,0.01071907,51765.91,0.009954982692307693,25.161693565565123,0.01559859
0.002666667,0.01077047,51756.81,0.009953232692307691,24.817546191454745,0.01549097
0.00275,0.01082418,51748.86,0.009951703846153846,24.461776891110336,0.01537899
0.002833333,0.01087985,51744.25,0.009950817307692308,24.185626416636588,0.01529165
0.002916667,0.01093584,51742.57,0.00995049423076923,24.08063241015502,0.01525838
0.003,0.01099196,51741.71,0.009950328846153846,24.04067776547205,0.01524571
0.003083333,0.01104812,51741.35,0.009950259615384614,24.02619478009735,0.01524114
0.003166667,0.01110419,51741.39,0.009950267307692308,24.03140667457339,0.01524283
0.00325,0.01116009,51741.51,0.009950290384615385,24.047020013001738,0.01524783
0.003333333,0.0112159,51741.57,0.009950301923076924,24.057817442605057,0.01525128
0.003416667,0.01127165,51741.63,0.00995031346153846,24.06588105126001,0.01525386
0.0035,0.01132734,51741.71,0.009950328846153846,24.07360237141659,0.01525633
0.003583333,0.01138296,51741.81,0.009950348076923077,24.08146114429878,0.01525884
0.003666667,0.01143851,51741.93,0.009950371153846154,24.089460022743246,0.01526139
0.00375,0.011494,51742.07,0.009950398076923076,24.097585138693216,0.01526398
0.003833333,0.01154943,51742.21,0.009950425,24.1058281928102,0.01526661
0.003916667,0.01160479,51742.37,0.00995045576923077,24.114153133276165,0.01526927
0.004,0.01166008,51742.53,0.009950486538461539,24.12255446090391,0.01527195
0.004083333,0.01171531,51742.7,0.00995051923076923,24.13100438054384,0.01527464
0.004166667,0.01177048,51742.87,0.009950551923076924,24.13946949779635,0.01527734
0.00425,0.01182558,51743.05,0.009950586538461538,24.147935905880527,0.01528003
0.004333333,0.01188062,51743.22,0.009950619230769231,24.156403543849407,0.01528273
0.004416667,0.0119356,51743.41,0.00995065576923077,24.164855688655287,0.01528543
0.0045,0.01199051,51743.59,0.009950690384615385,24.173292251863067,0.01528811
0.004583333,0.01204536,51743.78,0.009950726923076922,24.18171338601684,0.01529079
0.004666667,0.01210014,51743.97,0.009950763461538462,24.19015275091568,0.01529348
0.00475,0.01215486,51744.16,0.009950800000000001,24.198624292993856,0.01529618
0.004833333,0.01220952,51744.36,0.009950838461538462,24.207141913793357,0.01529888
0.004916667,0.01226411,51744.55,0.009950875000000001,24.215671924964123,0.0153016
0.005,0.01231864,51744.75,0.00995091346153846,24.22418341599417,0.01530431
0.005083333,0.01237311,51744.95,0.009950951923076922,24.232656965765596,0.015307
0.005166667,0.01242752,51745.14,0.009950988461538461,24.24109800476984,0.01530969
0.00525,0.01248186,51745.34,0.009951026923076922,24.249500954032996,0.01531236
0.005333333,0.01253614,51745.54,0.009951065384615385,24.257854443279847,0.01531501
0.005416667,0.01259036,51745.74,0.009951103846153846,24.266173031817132,0.01531766
0.0055,0.01264451,51745.94,0.009951142307692309,24.27451585453898,0.01532031
0.005583333,0.0126986,51746.14,0.00995118076923077,24.282899850044338,0.01532297
0.005666667,0.01275264,51746.34,0.00995121923076923,24.29134144394908,0.01532565
0.00575,0.0128066,51746.55,0.009951259615384615,24.29981210038136,0.01532835
0.005833333,0.01286051,51746.75,0.009951298076923076,24.308255500555518,0.01533103
0.005916667,0.01291435,51746.95,0.009951336538461537,24.316651761728192,0.01533369
0.006,0.01296813,51747.15,0.009951375,24.324981515904152,0.01533634
0.006083333,0.01302185,51747.35,0.009951413461538461,24.333253039266246,0.01533896
0.006166667,0.01307551,51747.55,0.009951451923076924,24.341475218620392,0.01534157
0.00625,0.01312911,51747.75,0.009951490384615385,24.349687665536624,0.01534418
0.006333333,0.01318265,51747.95,0.009951528846153846,24.35790122794636,0.01534678
0.006416667,0.01323612,51748.15,0.009951567307692309,24.366112886579483,0.01534939
0.0065,0.01328954,51748.35,0.009951605769230768,24.374308811126614,0.01535199
0.006583333,0.01334289,51748.55,0.009951644230769231,24.382476858592916,0.01535458
0.006666667,0.01339619,51748.75,0.009951682692307692,24.390581580823127,0.01535715
0.00675,0.01344942,51748.94,0.009951719230769231,24.398702556986215,0.01535972
0.006833333,0.0135026,51749.14,0.009951757692307692,24.406853709237705,0.01536231
0.006916667,0.01355571,51749.34,0.009951796153846153,24.415057383572332,0.01536491
0.007,0.01360876,51749.54,0.009951834615384616,24.42329913257155,0.01536752
0.007083333,0.01366175,51749.74,0.009951873076923077,24.431535227552725,0.01537013
0.007166667,0.01371468,51749.94,0.009951911538461538,24.43971184080219,0.01537272
0.00725,0.01376755,51750.14,0.00995195,24.447806546349298,0.01537528
0.007333333,0.01382037,51750.33,0.009951986538461539,24.455833022618048,0.01537782
0.007416667,0.01387312,51750.52,0.009952023076923076,24.46376123072345,0.01538033
0.0075,0.01392581,51750.71,0.009952059615384616,24.471640431410783,0.01538283
0.007583333,0.01397845,51750.9,0.009952096153846153,24.47954762470568,0.01538533
0.007666667,0.01403102,51751.1,0.009952134615384614,24.487499875481227,0.01538785
0.00775,0.01408354,51751.29,0.009952171153846154,24.49552805800644,0.01539039
0.007833333,0.01413599,51751.49,0.009952209615384615,24.50360504050807,0.01539294
0.007916667,0.01418839,51751.68,0.009952246153846154,24.51166214205322,0.01539549
0.008,0.01424073,51751.87,0.009952282692307694,24.519665417470176,0.01539802
0.008083333,0.01429301,51752.06,0.00995231923076923,24.52762421200618,0.01540054
0.008166667,0.01434522,51752.25,0.009952355769230769,24.535535302648395,0.01540304
0.00825,0.01439738,51752.44,0.009952392307692308,24.54341346243867,0.01540553
0.008333333,0.01444949,51752.63,0.009952428846153846,24.551287278639556,0.01540802
0.008416667,0.01450153,51752.81,0.009952463461538462,24.559152490360404,0.01541051
0.0085,0.01455352,51753.0,0.0099525,24.566975099362804,0.01541298
0.008583333,0.01460544,51753.18,0.009952534615384616,24.57475501288435,0.01541543
0.008666667,0.01465731,51753.36,0.009952569230769232,24.582480467564494,0.01541787
0.00875,0.01470913,51753.55,0.00995260576923077,24.590121741528996,0.01542029
0.008833333,0.01476088,51753.73,0.009952640384615385,24.59774582748705,0.0154227
0.008916667,0.01481258,51753.91,0.009952675000000001,24.605410279390817,0.01542512
0.009,0.01486422,51754.1,0.009952711538461539,24.613125779934247,0.01542755
0.009083333,0.0149158,51754.28,0.009952746153846153,24.62089449639922,0.01543
0.009166667,0.01496733,51754.47,0.009952782692307692,24.62866826972582,0.01543246
0.00925,0.01501879,51754.66,0.009952819230769232,24.636365190614068,0.01543488
0.009333333,0.0150702,51754.84,0.009952853846153846,24.643998213547533,0.0154373
0.009416667,0.01512155,51755.03,0.009952890384615384,24.65158628701166,0.01543969
0.0095,0.01517285,51755.22,0.009952926923076923,24.65909989945784,0.01544206
0.009583333,0.01522408,51755.42,0.009952965384615384,24.666545586723277,0.01544441
0.009666667,0.01527526,51755.62,0.009953003846153847,24.673868979141275,0.01544672
0.00975,0.01532639,51755.83,0.009953044230769231,24.680828851464216,0.01544891
0.009833333,0.01537745,51756.05,0.009953086538461539,24.6866755694448,0.01545076
0.009916667,0.01542846,51756.33,0.009953140384615386,24.687944725999692,0.01545117
0.01,0.01547942,51756.93,0.009953255769230769,24.70063519587131,0.01545518
0.01023004,0.01561979,51757.55,0.009953375,24.71933489978373,0.01546106
0.01046008,0.01575974,51758.12,0.009953484615384615,24.74101007631226,0.01546789
0.01069012,0.01589926,51758.64,0.009953584615384614,24.7620339535171,0.01547451
0.01092016,0.01603835,51759.16,0.009953684615384616,24.782701794003007,0.01548101
0.0111502,0.01617702,51759.66,0.00995378076923077,24.803080872241416,0.01548742
0.01138024,0.01631528,51760.16,0.009953876923076924,24.823127162267212,0.01549373
0.01161028,0.01645312,51760.66,0.009953973076923077,24.84308857608452,0.0155
0.01184032,0.01659054,51761.16,0.009954069230769231,24.863056248651155,0.01550628
0.01207036,0.01672755,51761.66,0.009954165384615386,24.882797427774474,0.01551248
0.0123004,0.01686415,51762.16,0.00995426153846154,24.902304474620657,0.01551861
0.01253044,0.01700035,51762.66,0.009954357692307693,24.921860909923243,0.01552475
0.01276048,0.01713613,51763.17,0.009954455769230769,24.941472993514353,0.0155309
0.01299052,0.01727151,51763.68,0.009954553846153846,24.96079846271267,0.01553696
0.01322056,0.0174065,51764.18,0.00995465,24.979883225805914,0.01554295
0.0134506,0.01754108,51764.69,0.009954748076923077,24.999129423670286,0.01554898
0.01368064,0.01767525,51765.2,0.009954846153846153,25.018416710330154,0.01555503
0.01391068,0.01780903,51765.71,0.00995494423076923,25.037350909053004,0.01556096
0.01414072,0.01794242,51766.22,0.009955042307692308,25.056060051535592,0.01556682
0.01437076,0.01807542,51766.73,0.009955140384615386,25.074846981464606,0.0155727
0.0146008,0.01820802,51767.23,0.009955236538461538,25.09359470061565,0.01557857
0.01483084,0.01834023,51767.74,0.009955334615384615,25.11204049921702,0.01558434
0.01506088,0.01847206,51768.24,0.009955430769230769,25.130354759906396,0.01559007
0.01529092,0.0186035,51768.76,0.00995553076923077,25.148906401236392,0.01559587
0.01552096,0.01873456,51769.27,0.009955628846153846,25.167401898447157,0.01560165
0.015751,0.01886523,51769.77,0.009955724999999999,25.185480694337333,0.0156073
0.01598104,0.01899552,51770.27,0.009955821153846153,25.20342872302747,0.0156129
0.01621108,0.01912544,51770.78,0.00995591923076923,25.221536772189555,0.01561856
0.01644112,0.01925497,51771.29,0.009956017307692308,25.239566865098322,0.01562418
0.01667116,0.01938413,51771.79,0.009956113461538461,25.25731704517795,0.01562972
0.0169012,0.01951291,51772.29,0.009956209615384615,25.274965596793557,0.01563523
0.01713124,0.01964133,51772.79,0.00995630576923077,25.2926716110509,0.01564075
0.01736128,0.01976937,51773.29,0.009956401923076924,25.31023078210644,0.01564622
0.01759132,0.01989704,51773.78,0.009956496153846153,25.32744374283454,0.01565159
0.01782136,0.02002436,51774.28,0.009956592307692308,25.344649447973772,0.01565695
0.0180514,0.02015131,51774.79,0.009956690384615385,25.36214798339609,0.0156624
0.01828144,0.02027788,51775.29,0.009956786538461538,25.37954487358644,0.01566781
0.01851148,0.02040409,51775.78,0.009956880769230769,25.396585437178484,0.01567312
0.01874152,0.02052995,51776.27,0.009956975,25.41348632243562,0.01567838
0.01897156,0.02065544,51776.76,0.00995706923076923,25.430321440254165,0.01568361
0.0192016,0.02078058,51777.25,0.009957163461538462,25.44706027220691,0.01568882
0.01943164,0.02090537,51777.74,0.009957257692307693,25.463695235468265,0.01569399
0.01966168,0.02102981,51778.23,0.009957351923076924,25.480281854449423,0.01569914
0.01989172,0.02115388,51778.72,0.009957446153846155,25.49693897260583,0.01570432
0.02012176,0.02127761,51779.21,0.009957540384615384,25.51351923230607,0.01570947
0.0203518,0.02140098,51779.7,0.009957634615384615,25.52999510971194,0.01571458
0.02058184,0.02152401,51780.18,0.009957726923076922,25.54630393418479,0.01571965
0.02081188,0.02164669,51780.66,0.009957819230769232,25.562291638489626,0.01572461
0.02104192,0.02176903,51781.14,0.009957911538461539,25.578257334783856,0.01572956
0.02127196,0.02189102,51781.63,0.009958005769230768,25.594534086313505,0.01573461
0.021502,0.02201267,51782.11,0.009958098076923078,25.610708043070513,0.01573963
0.02173204,0.02213397,51782.58,0.009958188461538462,25.62635725768492,0.01574448
0.02196208,0.02225495,51783.05,0.009958278846153846,25.641891527416583,0.01574929
0.02219212,0.02237558,51783.54,0.009958373076923077,25.65779422920556,0.01575422
0.02242216,0.02249587,51784.02,0.009958465384615384,25.67367388822826,0.01575914
0.0226522,0.02261583,51784.48,0.009958553846153847,25.689090488832214,0.01576391
0.02288224,0.02273546,51784.95,0.009958644230769231,25.704337808893545,0.01576863
0.02311228,0.02285476,51785.43,0.009958736538461539,25.719798872410504,0.01577341
0.02334232,0.02297372,51785.9,0.009958826923076923,25.7352457736218,0.01577819
0.02357236,0.02309235,51786.37,0.009958917307692309,25.750396542114302,0.01578288
0.0238024,0.02321066,51786.83,0.00995900576923077,25.76538285557856,0.01578752
0.02403244,0.02332864,51787.3,0.009959096153846155,25.780509629919884,0.01579219
0.02426248,0.0234463,51787.77,0.009959186538461538,25.7956471155599,0.01579687
0.02449252,0.02356362,51788.23,0.009959275,25.81055187436698,0.01580148
0.02472256,0.02368063,51788.69,0.009959363461538463,25.825301262653483,0.01580603
0.0249526,0.02379732,51789.16,0.009959453846153847,25.840112122496674,0.01581061
0.02518264,0.02391368,51789.62,0.009959542307692307,25.85495061603822,0.01581519
0.02541268,0.02402973,51790.08,0.00995963076923077,25.86955416474101,0.0158197
0.02564272,0.02414546,51790.54,0.00995971923076923,25.88394773742192,0.01582414
0.02587276,0.02426087,51790.99,0.009959805769230768,25.898340478843423,0.01582858
0.0261028,0.02437597,51791.45,0.00995989423076923,25.912728338966396,0.01583302
0.02633284,0.02449076,51791.91,0.009959982692307693,25.927062152923533,0.01583744
0.02656288,0.02460523,51792.36,0.00996006923076923,25.941346290339943,0.01584184
0.02679292,0.02471939,51792.82,0.009960157692307693,25.95558976287986,0.01584623
0.02702296,0.02483324,51793.28,0.009960246153846154,25.969841874808992,0.01585062
0.027253,0.02494678,51793.73,0.009960332692307693,25.9839214171877,0.01585496
0.02748304,0.02506001,51794.17,0.009960417307692307,25.997710751307036,0.01585921
0.02771308,0.02517294,51794.62,0.009960503846153847,26.01143603468156,0.01586344
0.02794312,0.02528557,51795.06,0.009960588461538461,26.0252143209123,0.01586768
0.02817316,0.02539789,51795.51,0.009960675,26.03897393431191,0.01587191
0.0284032,0.02550991,51795.96,0.009960761538461538,26.052810188735396,0.01587617
0.02863324,0.02562162,51796.41,0.009960848076923077,26.066602650640892,0.01588041
0.02886328,0.02573304,51796.85,0.009960932692307693,26.080091893775254,0.01588456
0.02909332,0.02584415,51797.29,0.009961017307692308,26.093433903006762,0.01588866
0.02932336,0.02595497,51797.73,0.009961101923076924,26.106793270448854,0.01589277
0.0295534,0.0260655,51798.17,0.009961186538461538,26.12014554903144,0.01589688
0.02978344,0.02617572,51798.61,0.009961271153846154,26.133408750500152,0.01590095
0.03001348,0.02628566,51799.05,0.00996135576923077,26.146610071361373,0.01590501
0.03024352,0.0263953,51799.49,0.009961440384615385,26.159763966552397,0.01590905
0.03047356,0.02650465,51799.93,0.009961525,26.172896637651945,0.01591308
0.0307036,0.0266137,51800.36,0.009961607692307693,26.185934257988524,0.01591709
0.03093364,0.02672247,51800.8,0.009961692307692309,26.198885476004907,0.01592106
0.03116368,0.02683094,51801.23,0.009961775,26.21176053798644,0.01592501
0.03139372,0.02693913,51801.66,0.009961857692307693,26.224567792562862,0.01592894
0.03162376,0.02704703,51802.1,0.009961942307692307,26.237316080811446,0.01593285
0.0318538,0.02715465,51802.53,0.009962025,26.25001968801471,0.01593675
0.03208384,0.02726198,51802.96,0.009962107692307692,26.263141243285457,0.01594077
0.03231388,0.02736903,51803.31,0.009962175,26.275720929770497,0.01594462
0.03254392,0.0274758,51803.76,0.00996226153846154,26.288944524797905,0.01594867
0.03277396,0.02758229,51804.19,0.009962344230769232,26.30494552145668,0.01595356
0.033004,0.0276885,51804.63,0.009962428846153846,26.312641898167925,0.01595594
0.03323404,0.02779442,51805.08,0.009962515384615385,26.324691346405768,0.01595964
0.03346408,0.02790007,51805.5,0.009962596153846153,26.33702745825385,0.01596342
0.03369412,0.02800544,51805.93,0.009962678846153846,26.349189686735503,0.01596714
0.03392416,0.02811054,51806.35,0.009962759615384615,26.361456360593856,0.0159709
0.0341542,0.02821536,51806.77,0.009962840384615384,26.373614683040913,0.01597462
0.03438424,0.0283199,51807.19,0.009962921153846154,26.385581889955972,0.01597828
0.03461428,0.02842418,51807.6,0.009963,26.397471751588057,0.01598192
0.03484432,0.02852818,51808.02,0.009963080769230769,26.4093571714272,0.01598555
0.03507436,0.02863191,51808.44,0.00996316153846154,26.421187635774658,0.01598917
0.0353044,0.02873537,51808.86,0.009963242307692308,26.433053965517537,0.0159928
0.03553444,0.02883856,51809.27,0.009963321153846154,26.44490647241881,0.01599643
0.03576448,0.02894148,51809.68,0.0099634,26.456570825321975,0.01599999
0.03599452,0.02904414,51810.09,0.009963478846153846,26.468054824273988,0.0160035
0.03622456,0.02914653,51810.5,0.009963557692307692,26.47956299227693,0.01600702
0.0364546,0.02924865,51810.91,0.009963636538461539,26.491119155375817,0.01601055
0.03668464,0.02935051,51811.32,0.009963715384615384,26.502599079647016,0.01601406
0.03691468,0.02945211,51811.73,0.009963794230769232,26.513864798334296,0.0160175
0.03714472,0.02955345,51812.13,0.009963871153846154,26.525091910596274,0.01602092
0.03737476,0.02965453,51812.55,0.009963951923076924,26.53653022472882,0.01602442
0.0376048,0.02975533,51812.96,0.00996403076923077,26.548010666052612,0.01602792
0.03783484,0.02985588,51813.36,0.009964107692307692,26.55912163490549,0.01603131
0.03806488,0.02995618,51813.75,0.009964182692307692,26.569981027260148,0.01603463
0.03829492,0.03005622,51814.16,0.00996426153846154,26.58097090876601,0.01603798
0.03852496,0.03015601,51814.56,0.009964338461538462,26.59209784214516,0.01604137
0.038755,0.03025553,51814.96,0.009964415384615384,26.603128531524,0.01604474
0.03898504,0.0303548,51815.36,0.009964492307692308,26.614028113360533,0.01604806
0.03921508,0.03045382,51815.76,0.009964569230769231,26.62486014906356,0.01605137
0.03944512,0.03055258,51816.16,0.009964646153846155,26.635665264647972,0.01605466
0.03967516,0.03065109,51816.56,0.009964723076923077,26.646418424563265,0.01605794
0.0399052,0.03074935,51816.95,0.009964798076923076,26.657118099547517,0.0160612
0.04013524,0.03084736,51817.35,0.009964875,26.66774310509132,0.01606443
0.04036528,0.03094512,51817.74,0.00996495,26.67834486125681,0.01606766
0.04059532,0.03104263,51818.14,0.009965026923076922,26.688946888101245,0.01607089
0.04082536,0.03113989,51818.53,0.009965101923076923,26.699473623305316,0.0160741
0.0410554,0.0312369,51818.92,0.009965176923076923,26.709911593092535,0.01607728
0.04128544,0.03133367,51819.31,0.009965251923076922,26.720284765189152,0.01608043
0.04151548,0.03143019,51819.7,0.009965326923076922,26.730649875111702,0.01608359
0.04174552,0.03152647,51820.09,0.009965401923076923,26.74097170597212,0.01608673
0.04197556,0.0316225,51820.48,0.009965476923076923,26.751148455074702,0.01608983
0.0422056,0.0317183,51820.86,0.00996555,26.76119333699244,0.01609288
0.04243564,0.03181385,51821.25,0.009965625,26.77132683825574,0.01609597
0.04266568,0.03190916,51821.64,0.0099657,26.78160955849827,0.01609909
0.04289572,0.03200422,51822.03,0.009965775,26.791777670893474,0.01610218
0.04312576,0.03209905,51822.4,0.009965846153846155,26.801679945483684,0.0161052
0.0433558,0.03219364,51822.79,0.009965921153846154,26.811507174143436,0.01610818
0.04358584,0.032288,51823.17,0.00996599423076923,26.821474443370718,0.01611121
0.04381588,0.03238211,51823.56,0.009966069230769231,26.83147657296725,0.01611426
0.04404592,0.03247598,51823.93,0.009966140384615385,26.841300434980237,0.01611724
0.04427596,0.03256963,51824.31,0.009966213461538462,26.85093986834241,0.01612017
0.044506,0.03266304,51824.69,0.009966286538461539,26.86058911433347,0.0161231
0.04473604,0.03275621,51825.07,0.009966359615384616,26.87032130346096,0.01612606
0.04496608,0.03284915,51825.44,0.00996643076923077,26.880005881912627,0.016129
0.04519612,0.03294186,51825.82,0.009966503846153846,26.889596114244085,0.01613191
0.04542616,0.03303434,51826.19,0.009966575,26.89912120991049,0.0161348
0.0456562,0.03312658,51826.57,0.009966648076923077,26.90861626027342,0.01613768
0.04588624,0.0332186,51826.94,0.00996671923076923,26.918058184963968,0.01614055
0.04611628,0.03331038,51827.32,0.009966792307692308,26.927490099907644,0.01614341
0.04634632,0.03340194,51827.69,0.009966863461538461,26.93697125985817,0.01614629
0.04657636,0.03349326,51828.06,0.009966934615384615,26.946368911058094,0.01614914
0.0468064,0.03358436,51828.43,0.009967005769230769,26.955547662695345,0.01615192
0.04703644,0.03367524,51828.79,0.009967075,26.964613934894096,0.01615467
0.04726648,0.03376589,51829.16,0.009967146153846154,26.97376813325969,0.01615745
0.04749652,0.03385631,51829.53,0.009967217307692308,26.982963690071113,0.01616024
0.04772656,0.03394651,51829.9,0.009967288461538461,26.992126564297962,0.01616302
0.0479566,0.03403649,51830.27,0.009967359615384615,27.001280452107288,0.01616579
0.04818664,0.03412624,51830.63,0.009967428846153845,27.010372387962626,0.01616855
0.04841668,0.03421577,51831.0,0.0099675,27.01933603166264,0.01617127
0.04864672,0.03430507,51831.36,0.009967569230769231,27.028218120676307,0.01617396
0.04887676,0.03439416,51831.72,0.009967638461538461,27.03707111500596,0.01617664
0.0491068,0.03448303,51832.08,0.009967707692307693,27.04587596551269,0.01617931
0.04933684,0.03457168,51832.44,0.009967776923076923,27.054664447628127,0.01618197
0.04956688,0.03466011,51832.8,0.009967846153846155,27.0634952730082,0.01618464
0.04979692,0.03474833,51833.16,0.009967915384615385,27.072270708525835,0.0161873
0.05002696,0.03483632,51833.52,0.009967984615384614,27.080961289997372,0.01618993
0.050257,0.0349241,51833.88,0.009968053846153846,27.089589935555768,0.01619255
0.05048704,0.03501166,51834.24,0.009968123076923076,27.098213394010546,0.01619516
0.05071708,0.03509901,51834.6,0.009968192307692308,27.1068457900113,0.01619777
0.05094712,0.03518614,51834.95,0.009968259615384615,27.115410090253135,0.01620036
0.05117716,0.03527306,51835.3,0.009968326923076924,27.123870737652222,0.01620292
0.0514072,0.03535976,51835.66,0.009968396153846154,27.132279499377038,0.01620547
0.05163724,0.03544626,51836.01,0.009968463461538462,27.140657790935432,0.016208
0.05186728,0.03553254,51836.36,0.009968530769230769,27.148970031911947,0.01621052
0.05209732,0.03561861,51836.71,0.009968598076923076,27.15731761471285,0.01621304
0.05232736,0.03570447,51837.07,0.009968667307692308,27.16571295336263,0.01621558
0.0525574,0.03579012,51837.42,0.009968734615384615,27.174044853237596,0.0162181
0.05278744,0.03587556,51837.76,0.0099688,27.18221377574335,0.01622057
0.05301748,0.03596079,51838.11,0.009968867307692308,27.190299614823097,0.01622301
0.05324752,0.03604582,51838.46,0.009968934615384615,27.198456182745733,0.01622548
0.05347756,0.03613064,51838.81,0.009969001923076922,27.206659378781097,0.01622796
0.0537076,0.03621525,51839.16,0.00996906923076923,27.21478360414049,0.01623042
0.05393764,0.03629965,51839.5,0.009969134615384616,27.222832784169626,0.01623285
0.05416768,0.03638384,51839.84,0.0099692,27.23082518212245,0.01623527
0.05439772,0.03646784,51840.19,0.009969267307692308,27.238742850613043,0.01623766
0.05462776,0.03655163,51840.53,0.009969332692307691,27.246576683349936,0.01624002
0.0548578,0.03663522,51840.87,0.009969398076923078,27.254448902460854,0.0162424
0.05508784,0.0367186,51841.21,0.009969463461538462,27.262377107480916,0.0162448
0.05531788,0.03680178,51841.56,0.009969530769230768,27.270266052595975,0.01624718
0.05554792,0.03688476,51841.9,0.009969596153846154,27.27809953621692,0.01624955
0.05577796,0.03696753,51842.24,0.009969661538461539,27.285896609142885,0.0162519
0.056008,0.03705011,51842.58,0.009969726923076924,27.293620819804563,0.01625423
0.05623804,0.03713248,51842.91,0.009969790384615386,27.301253249090564,0.01625654
0.05646808,0.03721466,51843.25,0.009969855769230769,27.308868333306737,0.01625883
0.05669812,0.03729664,51843.59,0.009969921153846152,27.316472845637488,0.01626113
0.05692816,0.03737842,51843.92,0.009969984615384614,27.324053535717816,0.01626342
0.0571582,0.03746,51844.26,0.009970050000000001,27.33156637035457,0.01626569
0.05738824,0.03754139,51844.59,0.009970113461538461,27.33900958854975,0.01626793
0.05761828,0.03762258,51844.92,0.009970176923076923,27.3464696868952,0.01627018
0.05784832,0.03770357,51845.26,0.009970242307692308,27.354052814803353,0.01627247
0.05807836,0.03778437,51845.6,0.009970307692307692,27.36160087072534,0.01627475
0.0583084,0.03786497,51845.92,0.00997036923076923,27.368936044854692,0.01627696
0.05853844,0.03794538,51846.25,0.009970432692307692,27.376112256723886,0.01627912
0.05876848,0.0380256,51846.58,0.009970496153846153,27.38336246426173,0.01628131
0.05899852,0.03810562,51846.91,0.009970559615384617,27.39072218095757,0.01628353
0.05922856,0.03818545,51847.24,0.009970623076923077,27.39803855254191,0.01628573
0.0594586,0.03826509,51847.57,0.009970686538461539,27.405236851885522,0.01628791
0.05968864,0.03834454,51847.9,0.00997075,27.41235298529432,0.01629005
0.05991868,0.03842379,51848.22,0.009970811538461539,27.4194922500463,0.0162922
0.06014872,0.03850286,51848.55,0.009970875,27.42666233082445,0.01629436
0.06037876,0.03858173,51848.88,0.00997093846153846,27.433783357287577,0.01629651
0.0606088,0.03866042,51849.2,0.009970999999999999,27.44081510268989,0.01629863
0.06083884,0.03873892,51849.52,0.009971061538461537,27.44777887738092,0.01630073
0.06106888,0.03881723,51849.85,0.009971124999999999,27.454759490643912,0.01630283
0.06129892,0.03889536,51850.17,0.009971186538461537,27.461765470907373,0.01630494
0.06152896,0.03897329,51850.49,0.009971248076923076,27.468732420716645,0.01630704
0.061759,0.03905104,51850.81,0.009971309615384614,27.475634719203047,0.01630912
0.06198904,0.0391286,51851.13,0.009971371153846153,27.482489695798517,0.01631118
0.06221908,0.03920598,51851.45,0.009971432692307691,27.489307945426447,0.01631324
0.06244912,0.03928318,51851.77,0.009971494230769231,27.49606468621144,0.01631527
0.06267916,0.03936019,51852.09,0.00997155576923077,27.502793689573096,0.0163173
0.0629092,0.03943701,51852.41,0.009971617307692308,27.509599809576944,0.01631935
0.06313924,0.03951366,51852.73,0.009971678846153846,27.516400755337333,0.0163214
0.06336928,0.03959011,51853.04,0.009971738461538461,27.523104667699357,0.01632341
0.06359932,0.03966639,51853.36,0.0099718,27.52967065839831,0.01632539
0.06382936,0.03974249,51853.67,0.009971859615384614,27.536238377582603,0.01632737
0.0640594,0.0398184,51853.99,0.009971921153846153,27.542883310122885,0.01632937
0.06428944,0.03989414,51854.3,0.00997198076923077,27.549527829909273,0.01633137
0.06451948,0.03996969,51854.62,0.009972042307692308,27.556095133843034,0.01633334
0.06474952,0.04004506,51854.93,0.009972101923076923,27.562571683597064,0.01633529
0.06497956,0.04012026,51855.24,0.009972161538461538,27.56902121830683,0.01633723
0.0652096,0.04019527,51855.55,0.009972221153846154,27.57543925617162,0.01633916
0.06543964,0.04027011,51855.86,0.00997228076923077,27.581813314735246,0.01634108
0.06566968,0.04034478,51856.17,0.009972340384615384,27.58821000849017,0.016343
0.06589972,0.04041926,51856.48,0.009972400000000001,27.594635896693113,0.01634494
0.06612976,0.04049356,51856.79,0.009972459615384616,27.60102293618538,0.01634686
0.0663598,0.04056769,51857.1,0.009972519230769231,27.607386919954468,0.01634877
0.06658984,0.04064164,51857.41,0.009972578846153848,27.613740906216176,0.01635068
0.06681988,0.04071542,51857.71,0.009972636538461538,27.61999493054299,0.01635256
0.06704992,0.04078902,51858.01,0.00997269423076923,27.62610334724617,0.0163544
0.06727996,0.04086246,51858.32,0.009972753846153846,27.63216851714706,0.01635622
0.06751,0.04093571,51858.63,0.00997281346153846,27.638398572631218,0.0163581
0.06774004,0.04100879,51858.93,0.009972871153846154,27.6447104765258,0.01635999
0.06797008,0.0410817,51859.24,0.009972930769230769,27.6508962132539,0.01636185
0.06820012,0.04115444,51859.53,0.009972986538461539,27.656883119624137,0.01636365
0.06843016,0.041227,51859.83,0.00997304423076923,27.66281812694877,0.01636544
0.0686602,0.0412994,51860.14,0.009973103846153845,27.66885536305143,0.01636725
0.06889024,0.04137162,51860.44,0.009973161538461539,27.67494961063424,0.01636908
0.06912028,0.04144368,51860.74,0.00997321923076923,27.680982252707615,0.01637089
0.06935032,0.04151556,51861.04,0.009973276923076924,27.686988548806024,0.0163727
0.06958036,0.04158727,51861.34,0.009973334615384615,27.692958514631925,0.01637449
0.0698104,0.04165881,51861.64,0.009973392307692307,27.69887674428481,0.01637627
0.07004044,0.04173018,51861.94,0.00997345,27.704766066448826,0.01637804
0.07027048,0.04180138,51862.24,0.009973507692307692,27.71061796660537,0.0163798
0.07050052,0.04187242,51862.53,0.009973563461538461,27.716409678713596,0.01638154
0.07073056,0.04194329,51862.82,0.009973619230769231,27.722142683438783,0.01638326
0.0709606,0.042014,51863.12,0.009973676923076923,27.727911509715184,0.01638499
0.07119064,0.04208453,51863.42,0.009973734615384615,27.7337495050886,0.01638674
0.07142068,0.0421549,51863.72,0.009973792307692308,27.739540001598833,0.01638848
0.07165072,0.0422251,51864.01,0.009973848076923078,27.745245242051336,0.0163902
0.07188076,0.04229514,51864.3,0.009973903846153846,27.75090067611554,0.01639189
0.0721108,0.04236502,51864.59,0.009973959615384614,27.756533971882266,0.01639359
0.07234084,0.04243473,51864.88,0.009974015384615384,27.762137860995658,0.01639527
0.07257088,0.04250428,51865.17,0.009974071153846154,27.7677044578532,0.01639694
0.07280092,0.04257367,51865.46,0.009974126923076924,27.77330278353417,0.01639862
0.07303096,0.04264289,51865.76,0.009974184615384615,27.778933069360306,0.01640031
0.073261,0.04271194,51866.05,0.009974240384615385,27.78451896105107,0.01640199
0.07349104,0.04278084,51866.34,0.009974296153846153,27.790059585579524,0.01640365
0.07372108,0.04284957,51866.63,0.009974351923076923,27.79558629975517,0.01640531
0.07395112,0.04291814,51866.91,0.00997440576923077,27.801043765320014,0.01640695
0.07418116,0.04298655,51867.19,0.009974459615384616,27.806380398300096,0.01640855
0.0744112,0.0430548,51867.48,0.009974515384615384,27.811703346067794,0.01641015
0.07464124,0.0431229,51867.77,0.009974571153846153,27.817162525262713,0.01641179
0.07487128,0.04319082,51868.06,0.009974626923076923,27.822725332673727,0.01641345
0.07510132,0.04325859,51868.35,0.009974682692307692,27.82815530686315,0.01641508
0.07533136,0.0433262,51868.63,0.009974736538461537,27.83337473364793,0.01641665
0.0755614,0.04339366,51868.9,0.009974788461538462,27.838527056783406,0.01641819
0.07579144,0.04346096,51869.19,0.009974844230769232,27.843791882505453,0.01641977
0.07602148,0.0435281,51869.48,0.0099749,27.849113557711267,0.01642137
0.07625152,0.04359508,51869.76,0.009974953846153847,27.854400202861456,0.01642295
0.07648156,0.0436619,51870.04,0.009975007692307693,27.85965585910993,0.01642453
0.0767116,0.04372856,51870.32,0.009975061538461538,27.864891028762464,0.0164261
0.07694164,0.04379507,51870.61,0.009975117307692308,27.870072784432132,0.01642766
0.07717168,0.04386143,51870.88,0.00997516923076923,27.87520438911226,0.01642919
0.07740172,0.04392763,51871.16,0.009975223076923077,27.88029754599418,0.01643072
0.07763176,0.04399367,51871.44,0.009975276923076924,27.885391746555065,0.01643225
0.0778618,0.04405956,51871.72,0.009975330769230769,27.8904576843941,0.01643377
0.07809184,0.0441253,51872.0,0.009975384615384615,27.895510114949023,0.01643528
0.07832188,0.04419088,51872.27,0.009975436538461538,27.900573800589076,0.0164368
0.07855192,0.04425631,51872.55,0.009975490384615385,27.905614311347353,0.01643831
0.07878196,0.04432159,51872.83,0.009975544230769231,27.91093507871874,0.0164399
0.079012,0.04438671,51873.07,0.009975590384615384,27.919268081374334,0.01644238
0.07924204,0.04445168,51873.34,0.009975642307692307,27.924004320861496,0.0164438
0.07947208,0.0445165,51873.65,0.009975701923076924,27.92546082967418,0.01644426
0.07970212,0.04458117,51873.92,0.009975753846153845,27.930381296909488,0.01644574
0.07993216,0.04464569,51874.2,0.009975807692307692,27.93525475691917,0.0164472
0.0801622,0.04471006,51874.47,0.009975859615384615,27.94013666164359,0.01644866
0.08039224,0.04477428,51874.74,0.009975911538461538,27.944987720874895,0.01645011
0.08062228,0.04483834,51875.02,0.009975965384615385,27.949840201594125,0.01645157
0.08085232,0.04490226,51875.29,0.009976017307692308,27.954707328061374,0.01645303
0.08108236,0.04496602,51875.56,0.00997606923076923,27.95954805694235,0.01645448
0.0813124,0.04502964,51875.83,0.009976121153846154,27.964333174640252,0.01645591
0.08154244,0.04509311,51876.1,0.009976173076923077,27.969048895615092,0.01645732
0.08177248,0.04515643,51876.37,0.009976225,27.973750713396225,0.01645873
0.08200252,0.0452196,51876.63,0.009976275,27.97844514125067,0.01646014
0.08223256,0.04528263,51876.9,0.009976326923076923,27.983084261037398,0.01646153
0.0824626,0.04534551,51877.17,0.009976378846153846,27.98775049786814,0.01646293
0.08269264,0.04540824,51877.44,0.009976430769230769,27.992464903630346,0.01646434
0.08292268,0.04547083,51877.71,0.009976482692307692,27.99715803582796,0.01646574
0.08315272,0.04553326,51877.97,0.009976532692307692,28.001767581773212,0.01646713
0.08338276,0.04559556,51878.23,0.009976582692307693,28.00631137284845,0.01646849
0.0836128,0.04565771,51878.5,0.009976634615384615,28.010847209074445,0.01646985
0.08384284,0.04571971,51878.76,0.009976684615384616,28.01538690113706,0.01647121
0.08407288,0.04578158,51879.02,0.009976734615384614,28.019904038339384,0.01647256
0.08430292,0.04584329,51879.29,0.009976786538461539,28.02441553275686,0.01647391
0.08453296,0.04590487,51879.55,0.009976836538461539,28.028961377493214,0.01647527
0.084763,0.04596629,51879.82,0.009976888461538462,28.033477526725232,0.01647662
0.08499304,0.04602758,51880.08,0.009976938461538461,28.037968859111746,0.01647797
0.08522308,0.04608872,51880.34,0.009976988461538461,28.042440050869224,0.01647931
0.08545312,0.04614971,51880.6,0.00997703846153846,28.046891401447464,0.01648064
0.08568316,0.04621057,51880.86,0.009977088461538462,28.051260963459633,0.01648195
0.0859132,0.04627129,51881.12,0.009977138461538462,28.0555457072341,0.01648323
0.08614324,0.04633186,51881.38,0.009977188461538462,28.059842758648546,0.01648452
0.08637328,0.0463923,51881.64,0.009977238461538461,28.06426997034957,0.01648584
0.08660332,0.04645259,51881.9,0.009977288461538461,28.06873137951733,0.01648718
0.08683336,0.04651274,51882.16,0.009977338461538462,28.073090518804786,0.01648849
0.0870634,0.04657275,51882.41,0.009977386538461539,28.077296105793845,0.01648975
0.08729344,0.04663262,51882.67,0.009977436538461538,28.081465212874804,0.01649099
0.08752348,0.04669235,51882.92,0.009977484615384615,28.085703600745944,0.01649226
0.08775352,0.04675195,51883.18,0.009977534615384616,28.090002243919425,0.01649355
0.08798356,0.0468114,51883.44,0.009977584615384616,28.09427183552424,0.01649483
0.0882136,0.04687072,51883.7,0.009977634615384616,28.098499882327573,0.01649609
0.08844364,0.04692989,51883.95,0.009977682692307692,28.102721333441572,0.01649736
0.08867368,0.04698893,51884.2,0.009977730769230768,28.106910992735134,0.01649861
0.08890372,0.04704783,51884.45,0.009977778846153846,28.111006190963224,0.01649984
0.08913376,0.0471066,51884.7,0.009977826923076923,28.115027714101252,0.01650104
0.0893638,0.04716523,51884.96,0.009977876923076922,28.119127283940763,0.01650227
0.08959384,0.04722372,51885.22,0.009977926923076924,28.123338154554407,0.01650353
0.08982388,0.04728207,51885.47,0.009977975,28.127544421622257,0.01650479
0.09005392,0.04734029,51885.72,0.009978023076923076,28.131642938050735,0.01650601
0.09028396,0.04739837,51885.97,0.009978071153846154,28.135641402670366,0.01650721
0.090514,0.04745631,51886.22,0.00997811923076923,28.139638448906556,0.0165084
0.09074404,0.04751413,51886.47,0.009978167307692309,28.14363906442559,0.0165096
0.09097408,0.0475718,51886.72,0.009978215384615385,28.147647513037676,0.0165108
0.09120412,0.04762935,51886.96,0.009978261538461538,28.151627100155913,0.01651199
0.09143416,0.04768676,51887.21,0.009978309615384616,28.15558136162188,0.01651318
0.0916642,0.04774403,51887.46,0.009978357692307692,28.15948961363979,0.01651435
0.09189424,0.04780118,51887.71,0.009978405769230769,28.163416582970324,0.01651552
0.09212428,0.04785819,51887.95,0.009978451923076923,28.167364447791,0.0165167
0.09235432,0.04791506,51888.2,0.0099785,28.17128472059815,0.01651788
0.09258436,0.04797181,51888.45,0.009978548076923076,28.175200337640476,0.01651905
0.0928144,0.04802842,51888.7,0.009978596153846154,28.179116097553973,0.01652022
0.09304444,0.04808489,51888.94,0.009978642307692309,28.183014141408428,0.01652138
0.09327448,0.04814124,51889.18,0.009978688461538461,28.18683980603529,0.01652253
0.09350452,0.04819746,51889.42,0.009978734615384614,28.19056801283586,0.01652365
0.09373456,0.04825355,51889.67,0.009978782692307692,28.194292294374357,0.01652476
0.0939646,0.0483095,51889.91,0.009978828846153847,28.198132818284208,0.01652591
0.09419464,0.04836532,51890.16,0.009978876923076923,28.202035084787916,0.01652708
0.09442468,0.04842101,51890.4,0.009978923076923078,28.20586656716179,0.01652822
0.09465472,0.04847657,51890.64,0.00997896923076923,28.20956231320556,0.01652933
0.09488476,0.04853201,51890.88,0.009979015384615384,28.21317715671215,0.01653041
0.0951148,0.04858732,51891.12,0.009979061538461538,28.21684583317076,0.01653151
0.09534484,0.04864249,51891.36,0.009979107692307693,28.220587202417267,0.01653263
0.09557488,0.04869754,51891.61,0.00997915576923077,28.224308519828448,0.01653374
0.09580492,0.04875246,51891.85,0.009979201923076922,28.228005673536888,0.01653485
0.09603496,0.04880725,51892.09,0.009979248076923077,28.231696435152667,0.01653595
0.096265,0.04886191,51892.33,0.009979294230769232,28.235368196295333,0.01653705
0.09649504,0.04891644,51892.56,0.009979338461538461,28.23899223222264,0.01653813
0.09672508,0.04897084,51892.8,0.009979384615384616,28.242562634208635,0.0165392
0.09695512,0.04902512,51893.04,0.009979430769230769,28.24611550212667,0.01654027
0.09718516,0.04907928,51893.27,0.009979475,28.24970006289708,0.01654134
0.0974152,0.0491333,51893.51,0.009979521153846154,28.253262061996093,0.0165424
0.09764524,0.04918721,51893.75,0.009979567307692307,28.256811556428886,0.01654346
0.09787528,0.04924098,51893.98,0.009979611538461539,28.26037230060803,0.01654453
0.09810532,0.04929463,51894.22,0.009979657692307693,28.263913560111373,0.01654559
0.09833536,0.04934815,51894.45,0.009979701923076923,28.267427309634673,0.01654664
0.0985654,0.04940155,51894.69,0.009979748076923077,28.27091750397021,0.01654768
0.09879544,0.04945482,51894.92,0.009979792307692307,28.27436845562933,0.01654872
0.09902548,0.04950797,51895.16,0.009979838461538462,28.27783222162094,0.01654975
0.09925552,0.049561,51895.39,0.009979882692307693,28.28131605755335,0.01655079
0.09948556,0.04961389,51895.62,0.009979926923076924,28.284789063615296,0.01655183
0.0997156,0.04966667,51895.86,0.009979973076923077,28.288215896533238,0.01655286
0.09994564,0.04971932,51896.09,0.009980017307692306,28.291607611428407,0.01655387
0.1001757,0.04977185,51896.32,0.009980061538461538,28.294978433261747,0.01655488
0.1004057,0.04982426,51896.55,0.00998010576923077,28.298347178448395,0.01655589
0.1006358,0.04987655,51896.78,0.00998015,28.301696310091387,0.01655689
0.1008658,0.04992871,51897.01,0.009980194230769231,28.305009634601223,0.01655788
0.1010958,0.04998075,51897.24,0.009980238461538461,28.308364739930283,0.01655888
0.1013259,0.05003267,51897.47,0.009980282692307692,28.311742458301968,0.0165599
0.1015559,0.05008446,51897.7,0.009980326923076923,28.315100584628222,0.0165609
0.101786,0.05013614,51897.93,0.009980371153846155,28.31839875305391,0.01656188
0.102016,0.05018769,51898.15,0.009980413461538462,28.321644135632038,0.01656285
0.102246,0.05023913,51898.38,0.009980457692307692,28.32489055462622,0.01656383
0.1024761,0.05029044,51898.61,0.009980501923076923,28.32816459255018,0.01656481
0.1027061,0.05034163,51898.84,0.009980546153846153,28.331448852990913,0.01656579
0.1029362,0.0503927,51899.06,0.00998058846153846,28.33470199902585,0.01656676
0.1031662,0.05044365,51899.29,0.009980632692307692,28.337926497619364,0.01656772
0.1033962,0.05049448,51899.52,0.009980676923076923,28.341117748366617,0.01656868
0.1036263,0.05054519,51899.74,0.00998071923076923,28.344303658398413,0.01656963
0.1038563,0.05059579,51899.96,0.009980761538461539,28.347466454277882,0.01657058
0.1040864,0.05064627,51900.19,0.00998080576923077,28.350582876442317,0.01657151
0.1043164,0.05069663,51900.41,0.009980848076923078,28.353727049762934,0.01657245
0.1045464,0.05074687,51900.64,0.009980892307692307,28.356901116786087,0.0165734
0.1047765,0.05079699,51900.86,0.009980934615384615,28.360056863864653,0.01657434
0.1050065,0.05084699,51901.09,0.009980978846153845,28.363196988438265,0.01657528
0.1052366,0.05089687,51901.31,0.009981021153846154,28.36634612845721,0.01657623
0.1054666,0.05094663,51901.53,0.009981063461538462,28.369474821981925,0.01657716
0.1056966,0.05099628,51901.76,0.009981107692307693,28.372564142231525,0.01657809
0.1059267,0.05104581,51901.97,0.009981148076923078,28.375598881617695,0.01657899
0.1061567,0.05109523,51902.19,0.009981190384615386,28.378622391598512,0.0165799
0.1063868,0.05114453,51902.41,0.009981232692307693,28.381649458102974,0.0165808
0.1066168,0.05119371,51902.63,0.009981275,28.384679825728988,0.01658171
0.1068468,0.05124278,51902.85,0.009981317307692307,28.3876970316561,0.01658261
0.1070769,0.05129174,51903.07,0.009981359615384615,28.390698474961617,0.01658351
0.1073069,0.05134058,51903.29,0.009981401923076923,28.39365807669654,0.01658439
0.107537,0.0513893,51903.51,0.009981444230769231,28.39661023758433,0.01658528
0.107767,0.05143791,51903.73,0.009981486538461539,28.39959797229951,0.01658617
0.107997,0.0514864,51903.95,0.009981528846153845,28.402580772229904,0.01658706
0.1082271,0.05153478,51904.17,0.009981571153846153,28.40553753560427,0.01658795
0.1084571,0.05158305,51904.39,0.009981613461538462,28.408497923923303,0.01658883
0.1086872,0.05163119,51904.6,0.009981653846153847,28.41144507628131,0.01658971
0.1089172,0.05167923,51904.82,0.009981696153846155,28.414374615649255,0.01659059
0.1091472,0.05172715,51905.04,0.009981738461538462,28.41727548592293,0.01659146
0.1093773,0.05177496,51905.25,0.009981778846153847,28.42015180001578,0.01659232
0.1096073,0.05182265,51905.47,0.009981821153846155,28.423015809386882,0.01659317
0.1098374,0.05187024,51905.68,0.009981861538461539,28.425867407912882,0.01659403
0.1100674,0.05191771,51905.89,0.009981901923076924,28.4286916610471,0.01659487
0.1102974,0.05196507,51906.11,0.009981944230769231,28.43150993717153,0.01659572
0.1105275,0.05201232,51906.33,0.00998198653846154,28.43435977391263,0.01659657
0.1107575,0.05205945,51906.54,0.009982026923076924,28.43720937194834,0.01659742
0.1109876,0.05210647,51906.76,0.009982069230769232,28.440034252362782,0.01659827
0.1112176,0.05215338,51906.97,0.009982109615384616,28.442833455442162,0.0165991
0.1114476,0.05220018,51907.18,0.00998215,28.445593346281406,0.01659993
0.1116777,0.05224687,51907.39,0.009982190384615385,28.448351592009534,0.01660075
0.1119077,0.05229345,51907.61,0.009982232692307693,28.451135460726977,0.01660159
0.1121378,0.05233992,51907.82,0.009982273076923077,28.453922909034468,0.01660242
0.1123678,0.05238627,51908.03,0.009982313461538462,28.456682160237385,0.01660324
0.1125978,0.05243252,51908.24,0.009982353846153846,28.459365332669062,0.01660405
0.1128279,0.05247866,51908.45,0.00998239423076923,28.46199283702201,0.01660483
0.1130579,0.0525247,51908.66,0.009982434615384617,28.464658137853416,0.01660563
0.113288,0.05257062,51908.88,0.009982476923076923,28.467416522221693,0.01660646
0.113518,0.05261642,51909.09,0.009982517307692307,28.47018946205642,0.01660729
0.113748,0.05266212,51909.3,0.009982557692307693,28.472900733200348,0.0166081
0.1139781,0.05270771,51909.51,0.009982598076923078,28.47556944698683,0.01660889
0.1142081,0.05275319,51909.72,0.009982638461538462,28.47820764539736,0.01660968
0.1144382,0.05279857,51909.93,0.009982678846153847,28.48084511122118,0.01661047
0.1146682,0.05284383,51910.14,0.009982719230769231,28.48345510378014,0.01661125
0.1148982,0.05288899,51910.35,0.009982759615384616,28.486028276198336,0.01661202
0.1151283,0.05293405,51910.56,0.0099828,28.488622812422967,0.0166128
0.1153583,0.05297899,51910.78,0.009982842307692308,28.491262124348488,0.01661359
0.1155884,0.05302382,51910.99,0.009982882692307692,28.49389683830543,0.01661438
0.1158184,0.05306855,51911.2,0.009982923076923077,28.496497515647693,0.01661515
0.1160484,0.05311317,51911.41,0.009982963461538463,28.49906760424869,0.01661592
0.1162785,0.05315769,51911.62,0.009983003846153847,28.50161899563194,0.01661669
0.1165085,0.0532021,51911.83,0.009983044230769232,28.504160913184432,0.01661745
0.1167386,0.0532464,51912.04,0.009983084615384616,28.50668445009357,0.0166182
0.1169686,0.0532906,51912.25,0.009983125,28.5091706330767,0.01661895
0.1171986,0.05333469,51912.46,0.009983165384615385,28.511668741359287,0.0166197
0.1174287,0.05337868,51912.67,0.00998320576923077,28.51422132935665,0.01662046
0.1176587,0.05342256,51912.89,0.009983248076923077,28.516760198277552,0.01662122
0.1178888,0.05346633,51913.1,0.009983288461538462,28.519269290323482,0.01662197
0.1181188,0.05351,51913.31,0.009983328846153846,28.52174467778602,0.01662271
0.1183488,0.05355357,51913.52,0.00998336923076923,28.52417230592431,0.01662344
0.1185789,0.05359703,51913.74,0.009983411538461539,28.52662905619633,0.01662417
0.1188089,0.05364038,51913.96,0.009983453846153846,28.529104183007334,0.01662491
0.119039,0.05368364,51914.17,0.00998349423076923,28.53158165430846,0.01662565
0.119269,0.05372678,51914.39,0.009983536538461539,28.534034251199365,0.01662639
0.119499,0.05376983,51914.61,0.009983578846153847,28.536442575767545,0.01662711
0.1197291,0.05381277,51914.83,0.009983621153846154,28.538813568667667,0.01662782
0.1199591,0.05385561,51915.05,0.009983663461538462,28.54121086894788,0.01662853
0.1201892,0.05389834,51915.27,0.009983705769230768,28.54363271700337,0.01662926
0.1204192,0.05394097,51915.5,0.00998375,28.546057488691787,0.01662998
0.1206492,0.0539835,51915.73,0.00998379423076923,28.54845014242405,0.0166307
0.1208793,0.05402592,51915.96,0.009983838461538462,28.550804463242,0.01663141
0.1211093,0.05406824,51916.19,0.009983882692307693,28.55313776357702,0.0166321
0.1213394,0.05411046,51916.42,0.009983926923076923,28.555461559752526,0.0166328
0.1215694,0.05415258,51916.66,0.009983973076923077,28.557779699735132,0.01663349
0.1217994,0.0541946,51916.9,0.00998401923076923,28.56006710860005,0.01663418
0.1220295,0.05423652,51917.15,0.009984067307692308,28.56233870102907,0.01663486
0.1222595,0.05427833,51917.41,0.009984117307692308,28.56463934878546,0.01663554
0.1224896,0.05432005,51917.68,0.009984169230769231,28.566895323519418,0.01663622
0.1227196,0.05436166,51917.95,0.009984221153846153,28.569122724833957,0.01663689
0.1229496,0.05440317,51918.24,0.009984276923076922,28.57133650215181,0.01663755
0.1231797,0.05444458,51918.54,0.009984334615384616,28.57351836706745,0.01663821
0.1234097,0.05448588,51918.85,0.00998439423076923,28.575601542190142,0.01663884
0.1236398,0.05452709,51919.19,0.009984459615384616,28.57754585555761,0.01663942
0.1238698,0.0545682,51919.56,0.00998453076923077,28.579254350655834,0.01663994
0.1240998,0.05460921,51919.98,0.009984611538461538,28.580692344648497,0.01664037
0.1243299,0.05465013,51920.47,0.00998470576923077,28.5813593699436,0.01664059
0.1245599,0.05469094,51921.09,0.009984825,28.577726338718122,0.01663956
0.12479,0.05473165,51922.12,0.009985023076923078,28.526588568352057,0.01662471
0.12502,0.05477226,51926.9,0.009985942307692309,27.674525959756,0.01637484
